Case ID,Type,Air temperature [K],Process temperature [K],Rotational speed [rpm],Torque [Nm],Tool wear [min],Machine failure,Failure Probability,Prediction,Top Factor 1,Top Factor 1 SHAP,Top Factor 1 Direction,Top Factor 2,Top Factor 2 SHAP,Top Factor 2 Direction,Top Factor 3,Top Factor 3 SHAP,Top Factor 3 Direction,Top Factor 4,Top Factor 4 SHAP,Top Factor 4 Direction,Top Factor 5,Top Factor 5 SHAP,Top Factor 5 Direction,Top Factor 6,Top Factor 6 SHAP,Top Factor 6 Direction
1,M,302.7,312.4,1422,44.5,49,0,0.0061424454,0,Process temperature [K],-2.2839441299438477,Pushes away from failure,Tool wear [min],-1.7962015867233276,Pushes away from failure,Torque [Nm],-1.7028096914291382,Pushes away from failure,Air temperature [K],0.8699854612350464,Pushes toward failure,Rotational speed [rpm],-0.7862961292266846,Pushes away from failure,Type,-0.16142866015434265,Pushes away from failure
2,L,298.7,309.9,1593,42.5,146,0,0.0011081067,0,Torque [Nm],-3.2488691806793213,Pushes away from failure,Rotational speed [rpm],-2.1813576221466064,Pushes away from failure,Tool wear [min],-1.513645887374878,Pushes away from failure,Air temperature [K],-1.132333755493164,Pushes away from failure,Process temperature [K],0.5475244522094727,Pushes toward failure,Type,-0.04963592439889908,Pushes away from failure
3,M,298.0,308.2,2090,19.0,143,0,0.0015950508,0,Tool wear [min],-1.9632155895233154,Pushes away from failure,Torque [Nm],-1.6454992294311523,Pushes away from failure,Rotational speed [rpm],-1.4318392276763916,Pushes away from failure,Air temperature [K],-1.3822319507598877,Pushes away from failure,Process temperature [K],-0.4817671477794647,Pushes away from failure,Type,-0.30902397632598877,Pushes away from failure
4,M,302.3,311.6,1608,39.9,136,0,0.00016454468,0,Torque [Nm],-2.9652810096740723,Pushes away from failure,Rotational speed [rpm],-2.895798444747925,Pushes away from failure,Tool wear [min],-1.9600679874420166,Pushes away from failure,Process temperature [K],-1.309828519821167,Pushes away from failure,Air temperature [K],-0.1940651684999466,Pushes away from failure,Type,-0.16144779324531555,Pushes away from failure
5,L,298.8,309.1,1512,40.7,156,0,0.0014565353,0,Torque [Nm],-2.741443157196045,Pushes away from failure,Tool wear [min],-1.8633366823196411,Pushes away from failure,Rotational speed [rpm],-1.5161312818527222,Pushes away from failure,Air temperature [K],-0.7779304385185242,Pushes away from failure,Process temperature [K],-0.39374199509620667,Pushes away from failure,Type,-0.01198131125420332,Pushes away from failure
6,M,302.3,311.7,1494,37.1,114,0,0.00033159112,0,Torque [Nm],-2.7698800563812256,Pushes away from failure,Rotational speed [rpm],-2.188363552093506,Pushes away from failure,Tool wear [min],-1.8135377168655396,Pushes away from failure,Process temperature [K],-1.659950613975525,Pushes away from failure,Type,-0.21321150660514832,Pushes away from failure,Air temperature [K],-0.1406577080488205,Pushes away from failure
7,L,302.2,311.1,1470,39.6,97,0,0.00028190852,0,Torque [Nm],-2.9527318477630615,Pushes away from failure,Rotational speed [rpm],-2.3907053470611572,Pushes away from failure,Tool wear [min],-2.026639699935913,Pushes away from failure,Process temperature [K],-1.2313637733459473,Pushes away from failure,Air temperature [K],-0.33830705285072327,Pushes away from failure,Type,-0.008220002055168152,Pushes away from failure
8,M,301.7,309.9,1457,39.2,192,0,0.0028789244,0,Torque [Nm],-3.082158327102661,Pushes away from failure,Rotational speed [rpm],-2.0075838565826416,Pushes away from failure,Tool wear [min],-1.1319642066955566,Pushes away from failure,Type,-0.5431157946586609,Pushes away from failure,Process temperature [K],0.42201584577560425,Pushes toward failure,Air temperature [K],-0.27897244691848755,Pushes away from failure
9,M,300.1,309.3,1469,43.9,20,0,0.00053701375,0,Torque [Nm],-3.136852264404297,Pushes away from failure,Rotational speed [rpm],-1.605734944343567,Pushes away from failure,Air temperature [K],-1.4925282001495361,Pushes away from failure,Tool wear [min],-1.3732399940490723,Pushes away from failure,Process temperature [K],-0.4487464129924774,Pushes away from failure,Type,-0.24617357552051544,Pushes away from failure
10,L,302.3,311.7,1414,47.0,11,0,0.0017859591,0,Process temperature [K],-2.013002872467041,Pushes away from failure,Tool wear [min],-1.8710464239120483,Pushes away from failure,Rotational speed [rpm],-1.784556269645691,Pushes away from failure,Torque [Nm],-1.4082067012786865,Pushes away from failure,Type,-0.05157463252544403,Pushes away from failure,Air temperature [K],0.028050309047102928,Pushes toward failure
11,L,301.0,310.9,1296,54.9,69,0,0.01338592,0,Air temperature [K],-2.2391679286956787,Pushes away from failure,Tool wear [min],-2.1962151527404785,Pushes away from failure,Torque [Nm],-1.0008561611175537,Pushes away from failure,Type,0.14670205116271973,Pushes toward failure,Rotational speed [rpm],0.12503060698509216,Pushes toward failure,Process temperature [K],0.0901079848408699,Pushes toward failure
12,L,302.0,311.0,1632,34.2,18,0,0.00027761748,0,Rotational speed [rpm],-3.218958854675293,Pushes away from failure,Torque [Nm],-2.6498990058898926,Pushes away from failure,Tool wear [min],-2.0625998973846436,Pushes away from failure,Process temperature [K],-0.7281062602996826,Pushes away from failure,Air temperature [K],-0.21913191676139832,Pushes away from failure,Type,-0.08461686968803406,Pushes away from failure
13,M,303.0,311.1,1372,54.3,117,1,0.9856016,1,Air temperature [K],3.24235200881958,Pushes toward failure,Rotational speed [rpm],2.2656571865081787,Pushes toward failure,Tool wear [min],-0.9836857318878174,Pushes away from failure,Type,-0.3659936785697937,Pushes away from failure,Torque [Nm],-0.36445045471191406,Pushes away from failure,Process temperature [K],-0.3420661687850952,Pushes away from failure
14,H,298.2,309.0,1371,55.7,23,0,0.0015517429,0,Air temperature [K],-2.8693647384643555,Pushes away from failure,Tool wear [min],-2.397766351699829,Pushes away from failure,Torque [Nm],-1.2116377353668213,Pushes away from failure,Type,-0.7836763262748718,Pushes away from failure,Rotational speed [rpm],0.7240033745765686,Pushes toward failure,Process temperature [K],-0.7027074694633484,Pushes away from failure
15,H,298.6,309.4,1362,45.3,56,0,0.0036276716,0,Air temperature [K],-2.428269624710083,Pushes away from failure,Tool wear [min],-1.976102352142334,Pushes away from failure,Torque [Nm],-1.6019387245178223,Pushes away from failure,Rotational speed [rpm],0.7210599184036255,Pushes toward failure,Type,-0.5821166634559631,Pushes away from failure,Process temperature [K],-0.5224893093109131,Pushes away from failure
16,L,302.8,312.2,1746,27.4,44,0,0.00022693603,0,Rotational speed [rpm],-2.8113198280334473,Pushes away from failure,Torque [Nm],-2.4447314739227295,Pushes away from failure,Tool wear [min],-1.936900019645691,Pushes away from failure,Process temperature [K],-1.8130837678909302,Pushes away from failure,Type,-0.13280685245990753,Pushes away from failure,Air temperature [K],-0.02609696425497532,Pushes away from failure
17,H,299.4,309.1,1373,44.1,81,0,0.0011363995,0,Torque [Nm],-3.115628242492676,Pushes away from failure,Air temperature [K],-2.2076380252838135,Pushes away from failure,Tool wear [min],-1.69241201877594,Pushes away from failure,Rotational speed [rpm],0.84618079662323,Pushes toward failure,Process temperature [K],-0.7818537354469299,Pushes away from failure,Type,-0.6017261743545532,Pushes away from failure
18,L,297.3,308.6,1297,45.9,184,0,0.0037926948,0,Air temperature [K],-2.596229314804077,Pushes away from failure,Torque [Nm],-2.0529778003692627,Pushes away from failure,Tool wear [min],-1.6237547397613525,Pushes away from failure,Process temperature [K],-0.7252116799354553,Pushes away from failure,Rotational speed [rpm],0.5626318454742432,Pushes toward failure,Type,0.09033916145563126,Pushes toward failure
19,H,298.8,310.2,1455,44.9,107,0,0.0058320705,0,Tool wear [min],-1.804656982421875,Pushes away from failure,Torque [Nm],-1.3695396184921265,Pushes away from failure,Rotational speed [rpm],-1.0710963010787964,Pushes away from failure,Air temperature [K],-1.0627515316009521,Pushes away from failure,Type,-0.555496096611023,Pushes away from failure,Process temperature [K],-0.04931596666574478,Pushes away from failure
20,L,300.8,310.6,1402,53.7,93,0,0.0073287985,0,Tool wear [min],-2.2344391345977783,Pushes away from failure,Air temperature [K],-1.3338115215301514,Pushes away from failure,Torque [Nm],-1.1796923875808716,Pushes away from failure,Rotational speed [rpm],-0.9804755449295044,Pushes away from failure,Type,0.0569019690155983,Pushes toward failure,Process temperature [K],-0.011395488865673542,Pushes away from failure
21,L,299.3,309.2,1775,24.2,125,0,0.0028773972,0,Rotational speed [rpm],-1.9985071420669556,Pushes away from failure,Torque [Nm],-1.9974071979522705,Pushes away from failure,Tool wear [min],-1.8432191610336304,Pushes away from failure,Air temperature [K],-0.4005872905254364,Pushes away from failure,Process temperature [K],-0.3280239403247833,Pushes away from failure,Type,-0.05456596612930298,Pushes away from failure
22,M,298.3,307.9,1485,42.0,117,0,0.00047377823,0,Torque [Nm],-3.2938506603240967,Pushes away from failure,Tool wear [min],-1.7782281637191772,Pushes away from failure,Rotational speed [rpm],-1.5360320806503296,Pushes away from failure,Air temperature [K],-1.3787895441055298,Pushes away from failure,Type,-0.3201574683189392,Pushes away from failure,Process temperature [K],-0.12156405299901962,Pushes away from failure
23,M,302.4,311.2,1330,58.6,201,0,0.4233806,0,Type,-1.364319086074829,Pushes away from failure,Process temperature [K],-1.3276206254959106,Pushes away from failure,Torque [Nm],1.3222671747207642,Pushes toward failure,Rotational speed [rpm],0.5125702023506165,Pushes toward failure,Tool wear [min],-0.4321029782295227,Pushes away from failure,Air temperature [K],0.2059706151485443,Pushes toward failure
24,M,300.6,309.8,1694,31.1,187,0,0.0042494647,0,Torque [Nm],-2.6374990940093994,Pushes away from failure,Rotational speed [rpm],-1.6515699625015259,Pushes away from failure,Tool wear [min],-1.006123661994934,Pushes away from failure,Air temperature [K],-0.7488951086997986,Pushes away from failure,Type,-0.4200918674468994,Pushes away from failure,Process temperature [K],0.23315517604351044,Pushes toward failure
25,M,300.1,309.4,1569,31.6,124,0,0.0007374946,0,Torque [Nm],-2.719949960708618,Pushes away from failure,Tool wear [min],-1.7443212270736694,Pushes away from failure,Rotational speed [rpm],-1.7192696332931519,Pushes away from failure,Air temperature [K],-1.1855603456497192,Pushes away from failure,Process temperature [K],-0.38402077555656433,Pushes away from failure,Type,-0.23271778225898743,Pushes away from failure
26,L,298.9,308.2,2384,15.0,19,0,0.06990184,0,Tool wear [min],-2.1320202350616455,Pushes away from failure,Air temperature [K],-1.1711143255233765,Pushes away from failure,Torque [Nm],0.8422800302505493,Pushes toward failure,Process temperature [K],-0.6103593707084656,Pushes away from failure,Rotational speed [rpm],-0.33000296354293823,Pushes away from failure,Type,0.038695015013217926,Pushes toward failure
27,L,301.1,312.3,1682,29.7,83,0,0.0002711621,0,Tool wear [min],-2.29364013671875,Pushes away from failure,Torque [Nm],-1.9961680173873901,Pushes away from failure,Process temperature [K],-1.8415241241455078,Pushes away from failure,Rotational speed [rpm],-1.5689232349395752,Pushes away from failure,Air temperature [K],-1.1367647647857666,Pushes away from failure,Type,-0.1498306393623352,Pushes away from failure
28,L,302.6,312.1,1344,51.0,206,0,0.28313822,0,Process temperature [K],-2.735621690750122,Pushes away from failure,Torque [Nm],-1.7531020641326904,Pushes away from failure,Tool wear [min],1.127383828163147,Pushes toward failure,Rotational speed [rpm],0.7845384478569031,Pushes toward failure,Air temperature [K],0.766360878944397,Pushes toward failure,Type,0.10716699808835983,Pushes toward failure
29,M,302.5,311.9,1340,59.4,60,0,0.3758422,0,Tool wear [min],-1.910035252571106,Pushes away from failure,Process temperature [K],-1.6675376892089844,Pushes away from failure,Torque [Nm],1.0494393110275269,Pushes toward failure,Air temperature [K],0.8948172926902771,Pushes toward failure,Rotational speed [rpm],0.7710856795310974,Pushes toward failure,Type,-0.41932713985443115,Pushes away from failure
30,L,301.5,310.7,1618,35.5,218,0,0.35262042,0,Tool wear [min],3.324092149734497,Pushes toward failure,Rotational speed [rpm],-1.872145175933838,Pushes away from failure,Torque [Nm],-1.8283584117889404,Pushes away from failure,Air temperature [K],-1.0115017890930176,Pushes away from failure,Type,0.04269786179065704,Pushes toward failure,Process temperature [K],-0.036649055778980255,Pushes away from failure
31,M,299.3,309.3,1471,46.0,42,0,0.0012261437,0,Torque [Nm],-2.0153744220733643,Pushes away from failure,Tool wear [min],-1.8933331966400146,Pushes away from failure,Rotational speed [rpm],-1.6678613424301147,Pushes away from failure,Air temperature [K],-1.1532695293426514,Pushes away from failure,Process temperature [K],-0.42388293147087097,Pushes away from failure,Type,-0.3232584297657013,Pushes away from failure
32,L,301.2,309.9,1984,19.7,169,0,0.004867013,0,Torque [Nm],-1.9959261417388916,Pushes away from failure,Rotational speed [rpm],-1.8699440956115723,Pushes away from failure,Tool wear [min],-1.4937492609024048,Pushes away from failure,Air temperature [K],-1.1534489393234253,Pushes away from failure,Process temperature [K],0.5218501687049866,Pushes toward failure,Type,-0.10350000858306885,Pushes away from failure
33,M,302.5,310.4,1429,43.2,191,0,0.00989151,0,Torque [Nm],-3.0698153972625732,Pushes away from failure,Rotational speed [rpm],-1.7432141304016113,Pushes away from failure,Tool wear [min],-1.1529877185821533,Pushes away from failure,Air temperature [K],0.5818777680397034,Pushes toward failure,Process temperature [K],0.23802709579467773,Pushes toward failure,Type,-0.23434895277023315,Pushes away from failure
34,M,301.9,310.9,1573,38.9,209,0,0.37949905,0,Tool wear [min],2.456644058227539,Pushes toward failure,Rotational speed [rpm],-1.9890140295028687,Pushes away from failure,Torque [Nm],-1.8425315618515015,Pushes away from failure,Type,-0.4474925994873047,Pushes away from failure,Process temperature [K],0.44719210267066956,Pushes toward failure,Air temperature [K],0.1092018261551857,Pushes toward failure
35,L,297.4,308.8,1473,46.2,167,0,0.001127827,0,Torque [Nm],-2.1449756622314453,Pushes away from failure,Tool wear [min],-1.7635395526885986,Pushes away from failure,Air temperature [K],-1.6125028133392334,Pushes away from failure,Rotational speed [rpm],-1.489810824394226,Pushes away from failure,Process temperature [K],-0.5379377007484436,Pushes away from failure,Type,-0.01189363468438387,Pushes away from failure
36,L,301.1,310.8,1521,41.0,99,0,0.00084886583,0,Torque [Nm],-2.7494633197784424,Pushes away from failure,Tool wear [min],-2.068965435028076,Pushes away from failure,Rotational speed [rpm],-1.8922017812728882,Pushes away from failure,Air temperature [K],-0.9702967405319214,Pushes away from failure,Process temperature [K],-0.19216090440750122,Pushes away from failure,Type,0.028003018349409103,Pushes toward failure
37,M,299.6,309.2,1651,30.8,92,0,0.002782778,0,Tool wear [min],-2.016047716140747,Pushes away from failure,Rotational speed [rpm],-1.8300546407699585,Pushes away from failure,Torque [Nm],-1.7469021081924438,Pushes away from failure,Air temperature [K],-0.5921763181686401,Pushes away from failure,Process temperature [K],-0.2687393128871918,Pushes away from failure,Type,-0.20192484557628632,Pushes away from failure
38,M,301.4,310.8,1530,39.9,107,0,0.000475631,0,Torque [Nm],-2.812138319015503,Pushes away from failure,Rotational speed [rpm],-2.0477240085601807,Pushes away from failure,Tool wear [min],-1.9201817512512207,Pushes away from failure,Air temperature [K],-1.09098482131958,Pushes away from failure,Process temperature [K],-0.2822425961494446,Pushes away from failure,Type,-0.2714473009109497,Pushes away from failure
39,M,300.8,311.2,1592,32.9,82,0,0.00038374975,0,Torque [Nm],-2.51088547706604,Pushes away from failure,Rotational speed [rpm],-2.257405996322632,Pushes away from failure,Tool wear [min],-2.013359785079956,Pushes away from failure,Air temperature [K],-0.9510610699653625,Pushes away from failure,Process temperature [K],-0.6927385330200195,Pushes away from failure,Type,-0.21401017904281616,Pushes away from failure
40,L,299.9,309.2,1598,34.6,111,0,0.00047982638,0,Torque [Nm],-2.67765474319458,Pushes away from failure,Rotational speed [rpm],-2.046250343322754,Pushes away from failure,Tool wear [min],-1.878936529159546,Pushes away from failure,Air temperature [K],-1.2009447813034058,Pushes away from failure,Process temperature [K],-0.5106842517852783,Pushes away from failure,Type,-0.10146107524633408,Pushes away from failure
41,L,298.9,310.1,2109,18.0,61,0,0.0037131892,0,Tool wear [min],-1.9558976888656616,Pushes away from failure,Rotational speed [rpm],-1.8061598539352417,Pushes away from failure,Torque [Nm],-1.6512378454208374,Pushes away from failure,Air temperature [K],-0.8347353339195251,Pushes away from failure,Process temperature [K],-0.13134275376796722,Pushes away from failure,Type,0.012907708063721657,Pushes toward failure
42,L,299.7,309.2,1616,31.6,175,0,0.0022932037,0,Torque [Nm],-2.693009614944458,Pushes away from failure,Rotational speed [rpm],-1.9351732730865479,Pushes away from failure,Tool wear [min],-1.3124018907546997,Pushes away from failure,Air temperature [K],-0.5167803764343262,Pushes away from failure,Process temperature [K],-0.29428476095199585,Pushes away from failure,Type,-0.09818495064973831,Pushes away from failure
43,M,303.7,312.3,1756,26.4,190,0,0.0008701485,0,Rotational speed [rpm],-2.5466175079345703,Pushes away from failure,Torque [Nm],-2.5308427810668945,Pushes away from failure,Process temperature [K],-1.7906595468521118,Pushes away from failure,Tool wear [min],-1.33539617061615,Pushes away from failure,Air temperature [K],0.47110167145729065,Pushes toward failure,Type,-0.08788381516933441,Pushes away from failure
44,M,300.4,311.4,1352,57.3,116,0,0.002691288,0,Air temperature [K],-2.555786371231079,Pushes away from failure,Tool wear [min],-2.087627649307251,Pushes away from failure,Process temperature [K],-0.8944973945617676,Pushes away from failure,Type,-0.6620298624038696,Pushes away from failure,Torque [Nm],-0.39503714442253113,Pushes away from failure,Rotational speed [rpm],-0.09438594430685043,Pushes away from failure
45,M,299.2,310.4,1502,39.8,34,0,0.00051842874,0,Torque [Nm],-2.694122552871704,Pushes away from failure,Rotational speed [rpm],-1.967280626296997,Pushes away from failure,Tool wear [min],-1.7815160751342773,Pushes away from failure,Air temperature [K],-1.165387511253357,Pushes away from failure,Process temperature [K],-0.3744894564151764,Pushes away from failure,Type,-0.35571786761283875,Pushes away from failure
46,M,295.3,305.8,1589,36.2,184,0,0.0018504313,0,Torque [Nm],-2.864248037338257,Pushes away from failure,Rotational speed [rpm],-1.7240688800811768,Pushes away from failure,Tool wear [min],-1.3860853910446167,Pushes away from failure,Air temperature [K],-1.2838616371154785,Pushes away from failure,Process temperature [K],0.6522157192230225,Pushes toward failure,Type,-0.45876064896583557,Pushes away from failure
47,M,300.7,310.6,1418,46.3,84,0,0.011832273,0,Tool wear [min],-1.4770770072937012,Pushes away from failure,Torque [Nm],-1.3284459114074707,Pushes away from failure,Air temperature [K],-1.2798879146575928,Pushes away from failure,Rotational speed [rpm],-0.8359349966049194,Pushes away from failure,Type,-0.3204542100429535,Pushes away from failure,Process temperature [K],0.04245078191161156,Pushes toward failure
48,H,298.9,309.2,1379,50.7,106,0,0.002528238,0,Air temperature [K],-2.1987900733947754,Pushes away from failure,Torque [Nm],-2.0392801761627197,Pushes away from failure,Tool wear [min],-1.9562698602676392,Pushes away from failure,Type,-0.6924455165863037,Pushes away from failure,Rotational speed [rpm],0.5965161919593811,Pushes toward failure,Process temperature [K],-0.46175187826156616,Pushes away from failure
49,L,299.6,311.0,1554,36.3,62,0,0.000609777,0,Torque [Nm],-2.6337926387786865,Pushes away from failure,Tool wear [min],-2.3873116970062256,Pushes away from failure,Rotational speed [rpm],-1.630463719367981,Pushes away from failure,Air temperature [K],-0.781334638595581,Pushes away from failure,Process temperature [K],-0.7025175094604492,Pushes away from failure,Type,-0.040708430111408234,Pushes away from failure
50,L,299.0,310.3,1577,40.0,181,0,0.0007295402,0,Torque [Nm],-3.063015937805176,Pushes away from failure,Rotational speed [rpm],-2.041053056716919,Pushes away from failure,Tool wear [min],-1.5307363271713257,Pushes away from failure,Air temperature [K],-0.917926013469696,Pushes away from failure,Process temperature [K],-0.44685015082359314,Pushes away from failure,Type,0.0028900522738695145,Pushes toward failure
51,M,300.5,309.9,1552,41.3,116,0,0.0026421666,0,Torque [Nm],-2.734684705734253,Pushes away from failure,Rotational speed [rpm],-1.7432861328125,Pushes away from failure,Tool wear [min],-1.6000041961669922,Pushes away from failure,Air temperature [K],-0.6594216823577881,Pushes away from failure,Process temperature [K],0.474084734916687,Pushes toward failure,Type,-0.44452378153800964,Pushes away from failure
52,M,297.9,309.9,1410,55.4,188,0,0.018034799,0,Air temperature [K],-1.7730058431625366,Pushes away from failure,Tool wear [min],-0.9674575328826904,Pushes away from failure,Rotational speed [rpm],-0.9309163093566895,Pushes away from failure,Type,-0.9223329424858093,Pushes away from failure,Torque [Nm],-0.47378918528556824,Pushes away from failure,Process temperature [K],0.29592400789260864,Pushes toward failure
53,L,299.4,309.1,1766,24.6,158,0,0.0036721968,0,Rotational speed [rpm],-1.9129611253738403,Pushes away from failure,Torque [Nm],-1.8815040588378906,Pushes away from failure,Tool wear [min],-1.6438924074172974,Pushes away from failure,Process temperature [K],-0.5104126930236816,Pushes away from failure,Air temperature [K],-0.3587929308414459,Pushes away from failure,Type,-0.07004570215940475,Pushes away from failure
54,M,303.5,313.0,1403,51.9,77,0,0.004166337,0,Process temperature [K],-2.779022693634033,Pushes away from failure,Rotational speed [rpm],-1.5207383632659912,Pushes away from failure,Tool wear [min],-1.454196810722351,Pushes away from failure,Torque [Nm],-1.3859508037567139,Pushes away from failure,Air temperature [K],1.128980278968811,Pushes toward failure,Type,-0.23994064331054688,Pushes away from failure
55,L,300.9,311.5,1505,41.1,129,0,0.00027890975,0,Torque [Nm],-2.769956111907959,Pushes away from failure,Tool wear [min],-2.2113640308380127,Pushes away from failure,Rotational speed [rpm],-1.9327243566513062,Pushes away from failure,Air temperature [K],-1.1575545072555542,Pushes away from failure,Process temperature [K],-0.8949478268623352,Pushes away from failure,Type,0.007880361750721931,Pushes toward failure
56,L,297.4,308.3,1336,53.7,61,0,0.003611968,0,Air temperature [K],-2.744208812713623,Pushes away from failure,Tool wear [min],-2.4988436698913574,Pushes away from failure,Torque [Nm],-1.3593651056289673,Pushes away from failure,Rotational speed [rpm],0.7068014740943909,Pushes toward failure,Process temperature [K],-0.6029745936393738,Pushes away from failure,Type,0.10438128560781479,Pushes toward failure
57,L,302.6,312.3,1647,31.8,52,0,0.00018519555,0,Rotational speed [rpm],-2.799290418624878,Pushes away from failure,Torque [Nm],-2.685743808746338,Pushes away from failure,Tool wear [min],-2.272749423980713,Pushes away from failure,Process temperature [K],-1.87703275680542,Pushes away from failure,Air temperature [K],0.3714629113674164,Pushes toward failure,Type,-0.10488811880350113,Pushes away from failure
58,M,301.2,311.6,1423,48.0,199,0,0.006612573,0,Torque [Nm],-1.344704508781433,Pushes away from failure,Tool wear [min],-1.3293066024780273,Pushes away from failure,Air temperature [K],-1.194351315498352,Pushes away from failure,Process temperature [K],-0.8517855405807495,Pushes away from failure,Rotational speed [rpm],-0.6510619521141052,Pushes away from failure,Type,-0.41526293754577637,Pushes away from failure
59,L,298.0,308.6,1313,50.8,170,0,0.0030754225,0,Air temperature [K],-2.6951406002044678,Pushes away from failure,Tool wear [min],-2.102020502090454,Pushes away from failure,Torque [Nm],-1.7346594333648682,Pushes away from failure,Process temperature [K],-0.7105459570884705,Pushes away from failure,Rotational speed [rpm],0.5759975910186768,Pushes toward failure,Type,0.11081372946500778,Pushes toward failure
60,L,304.2,313.6,1469,40.0,154,0,0.0014610376,0,Torque [Nm],-2.7661283016204834,Pushes away from failure,Tool wear [min],-1.9135798215866089,Pushes away from failure,Process temperature [K],-1.8813563585281372,Pushes away from failure,Rotational speed [rpm],-1.7452012300491333,Pushes away from failure,Air temperature [K],1.034178376197815,Pushes toward failure,Type,-0.029382850974798203,Pushes away from failure
61,L,300.7,312.4,1470,38.6,56,0,0.00031296085,0,Torque [Nm],-2.49296498298645,Pushes away from failure,Tool wear [min],-2.441110849380493,Pushes away from failure,Process temperature [K],-1.6619434356689453,Pushes away from failure,Rotational speed [rpm],-1.4854464530944824,Pushes away from failure,Air temperature [K],-0.7727426290512085,Pushes away from failure,Type,0.01076882891356945,Pushes toward failure
62,L,299.0,308.6,1648,30.8,98,0,0.0010340711,0,Rotational speed [rpm],-2.171844005584717,Pushes away from failure,Tool wear [min],-2.0756313800811768,Pushes away from failure,Torque [Nm],-2.05876088142395,Pushes away from failure,Air temperature [K],-0.8618142604827881,Pushes away from failure,Process temperature [K],-0.41104382276535034,Pushes away from failure,Type,-0.0684492364525795,Pushes away from failure
63,L,298.1,308.7,1691,30.3,49,0,0.00047473278,0,Tool wear [min],-2.4378721714019775,Pushes away from failure,Torque [Nm],-2.259415626525879,Pushes away from failure,Rotational speed [rpm],-1.7196475267410278,Pushes away from failure,Air temperature [K],-1.458457350730896,Pushes away from failure,Process temperature [K],-0.47206196188926697,Pushes away from failure,Type,-0.07915531098842621,Pushes away from failure
64,L,302.3,311.7,1281,48.8,0,0,0.08349261,0,Process temperature [K],-2.3173725605010986,Pushes away from failure,Tool wear [min],-1.3883333206176758,Pushes away from failure,Rotational speed [rpm],1.1680094003677368,Pushes toward failure,Torque [Nm],-0.9094899296760559,Pushes away from failure,Air temperature [K],0.24752065539360046,Pushes toward failure,Type,0.02952955663204193,Pushes toward failure
65,M,297.4,308.8,1325,62.4,204,1,0.88968426,1,Torque [Nm],3.424548625946045,Pushes toward failure,Air temperature [K],-1.787473440170288,Pushes away from failure,Tool wear [min],1.4517167806625366,Pushes toward failure,Type,-1.2426419258117676,Pushes away from failure,Process temperature [K],-0.38722947239875793,Pushes away from failure,Rotational speed [rpm],-0.14572542905807495,Pushes away from failure
66,M,302.9,312.5,1679,30.9,79,0,0.00092493306,0,Process temperature [K],-2.070605993270874,Pushes away from failure,Tool wear [min],-1.97072172164917,Pushes away from failure,Rotational speed [rpm],-1.9117486476898193,Pushes away from failure,Torque [Nm],-1.8701499700546265,Pushes away from failure,Air temperature [K],0.049449577927589417,Pushes toward failure,Type,0.014586886391043663,Pushes toward failure
67,L,298.8,309.8,1363,44.0,25,0,0.011944153,0,Torque [Nm],-2.7884442806243896,Pushes away from failure,Air temperature [K],-2.0912275314331055,Pushes away from failure,Tool wear [min],-1.7420457601547241,Pushes away from failure,Rotational speed [rpm],1.0355815887451172,Pushes toward failure,Process temperature [K],0.3546576499938965,Pushes toward failure,Type,0.04165404289960861,Pushes toward failure
68,M,299.9,311.3,1389,50.0,55,0,0.0005220979,0,Tool wear [min],-2.1464922428131104,Pushes away from failure,Torque [Nm],-2.0101287364959717,Pushes away from failure,Air temperature [K],-1.8447879552841187,Pushes away from failure,Rotational speed [rpm],-0.9827383160591125,Pushes away from failure,Process temperature [K],-0.9689765572547913,Pushes away from failure,Type,-0.3783333897590637,Pushes away from failure
69,H,298.9,308.7,1353,48.1,79,0,0.00258605,0,Air temperature [K],-2.5865137577056885,Pushes away from failure,Tool wear [min],-1.7242510318756104,Pushes away from failure,Torque [Nm],-1.5353913307189941,Pushes away from failure,Process temperature [K],-0.7539518475532532,Pushes away from failure,Type,-0.6258177757263184,Pushes away from failure,Rotational speed [rpm],0.49656426906585693,Pushes toward failure
70,M,302.5,311.0,1563,35.6,190,0,0.000999197,0,Torque [Nm],-2.49603009223938,Pushes away from failure,Rotational speed [rpm],-2.4470102787017822,Pushes away from failure,Tool wear [min],-1.484101414680481,Pushes away from failure,Process temperature [K],-0.8183892965316772,Pushes away from failure,Type,-0.25209343433380127,Pushes away from failure,Air temperature [K],-0.184260293841362,Pushes away from failure
71,M,302.2,311.1,1728,34.0,179,0,0.0014560589,0,Torque [Nm],-2.6061770915985107,Pushes away from failure,Rotational speed [rpm],-2.2392160892486572,Pushes away from failure,Process temperature [K],-1.0678008794784546,Pushes away from failure,Tool wear [min],-1.0045965909957886,Pushes away from failure,Air temperature [K],-0.3523363471031189,Pushes away from failure,Type,-0.03476157411932945,Pushes away from failure
72,M,298.5,309.4,1365,48.7,56,0,0.0022797207,0,Air temperature [K],-2.5650157928466797,Pushes away from failure,Torque [Nm],-1.9423881769180298,Pushes away from failure,Tool wear [min],-1.7206811904907227,Pushes away from failure,Type,-0.6657581925392151,Pushes away from failure,Rotational speed [rpm],0.5919498801231384,Pushes toward failure,Process temperature [K],-0.5538538098335266,Pushes away from failure
73,L,298.6,309.7,1429,45.8,113,0,0.015401317,0,Tool wear [min],-1.83629310131073,Pushes away from failure,Torque [Nm],-1.6316838264465332,Pushes away from failure,Air temperature [K],-0.9824681282043457,Pushes away from failure,Rotational speed [rpm],-0.5825618505477905,Pushes away from failure,Process temperature [K],0.12644384801387787,Pushes toward failure,Type,-0.025544235482811928,Pushes away from failure
74,M,301.0,310.1,1681,27.4,212,0,0.06747983,0,Torque [Nm],-2.016537666320801,Pushes away from failure,Tool wear [min],1.5355000495910645,Pushes toward failure,Rotational speed [rpm],-1.4477895498275757,Pushes away from failure,Air temperature [K],-0.7941499948501587,Pushes away from failure,Process temperature [K],-0.40105968713760376,Pushes away from failure,Type,-0.27635058760643005,Pushes away from failure
75,L,298.7,308.5,1616,30.2,34,0,0.00081556186,0,Rotational speed [rpm],-2.323237657546997,Pushes away from failure,Tool wear [min],-2.228571653366089,Pushes away from failure,Torque [Nm],-2.1855087280273438,Pushes away from failure,Air temperature [K],-0.7968366742134094,Pushes away from failure,Process temperature [K],-0.2988671362400055,Pushes away from failure,Type,-0.05212223157286644,Pushes away from failure
76,H,297.4,308.7,1726,26.8,158,0,0.0008861164,0,Torque [Nm],-2.111863613128662,Pushes away from failure,Tool wear [min],-1.7468621730804443,Pushes away from failure,Rotational speed [rpm],-1.7052733898162842,Pushes away from failure,Air temperature [K],-1.3408693075180054,Pushes away from failure,Type,-0.6088775396347046,Pushes away from failure,Process temperature [K],-0.28835242986679077,Pushes away from failure
77,M,302.3,310.7,1544,39.7,141,0,0.0015833819,0,Torque [Nm],-2.926348924636841,Pushes away from failure,Rotational speed [rpm],-2.8633315563201904,Pushes away from failure,Tool wear [min],-1.8175678253173828,Pushes away from failure,Air temperature [K],0.41985324025154114,Pushes toward failure,Type,-0.16356085240840912,Pushes away from failure,Process temperature [K],0.13002394139766693,Pushes toward failure
78,L,298.2,308.0,1658,30.0,3,0,0.00042899552,0,Tool wear [min],-2.549769639968872,Pushes away from failure,Rotational speed [rpm],-2.387558937072754,Pushes away from failure,Torque [Nm],-2.199558973312378,Pushes away from failure,Air temperature [K],-1.079464316368103,Pushes away from failure,Process temperature [K],-0.2630709409713745,Pushes away from failure,Type,-0.048539355397224426,Pushes away from failure
79,M,298.1,307.7,1419,47.4,142,0,0.004941672,0,Torque [Nm],-2.0384464263916016,Pushes away from failure,Air temperature [K],-1.842869758605957,Pushes away from failure,Tool wear [min],-1.8297544717788696,Pushes away from failure,Process temperature [K],-0.3515572249889374,Pushes away from failure,Type,-0.3129209280014038,Pushes away from failure,Rotational speed [rpm],0.2961268126964569,Pushes toward failure
80,L,302.0,310.8,1454,36.6,0,0,0.0012173819,0,Torque [Nm],-3.0060503482818604,Pushes away from failure,Tool wear [min],-2.253288507461548,Pushes away from failure,Rotational speed [rpm],-2.0465543270111084,Pushes away from failure,Process temperature [K],-0.12017803639173508,Pushes away from failure,Air temperature [K],-0.05858708545565605,Pushes away from failure,Type,0.0005006757564842701,Pushes toward failure
81,M,298.0,308.7,1392,53.4,104,0,0.0017510651,0,Tool wear [min],-1.9391542673110962,Pushes away from failure,Air temperature [K],-1.9309272766113281,Pushes away from failure,Torque [Nm],-1.6115620136260986,Pushes away from failure,Rotational speed [rpm],-0.7876817584037781,Pushes away from failure,Type,-0.5110152959823608,Pushes away from failure,Process temperature [K],-0.33976274728775024,Pushes away from failure
82,M,300.6,309.4,1452,39.4,78,0,0.0033440397,0,Torque [Nm],-2.733433723449707,Pushes away from failure,Tool wear [min],-1.0760891437530518,Pushes away from failure,Rotational speed [rpm],-0.9471520185470581,Pushes away from failure,Air temperature [K],-0.8864914774894714,Pushes away from failure,Process temperature [K],-0.4679352939128876,Pushes away from failure,Type,-0.36044955253601074,Pushes away from failure
83,L,298.7,310.3,1451,40.0,86,0,0.001654065,0,Torque [Nm],-2.843914031982422,Pushes away from failure,Tool wear [min],-1.950461745262146,Pushes away from failure,Rotational speed [rpm],-1.1561379432678223,Pushes away from failure,Air temperature [K],-1.0508513450622559,Pushes away from failure,Process temperature [K],-0.21559038758277893,Pushes away from failure,Type,0.03976817429065704,Pushes toward failure
84,L,300.9,310.7,1427,44.1,141,0,0.001965928,0,Torque [Nm],-3.0894854068756104,Pushes away from failure,Tool wear [min],-1.7286365032196045,Pushes away from failure,Air temperature [K],-1.2627003192901611,Pushes away from failure,Rotational speed [rpm],-0.9342632293701172,Pushes away from failure,Process temperature [K],0.030594049021601677,Pushes toward failure,Type,-0.01965627819299698,Pushes away from failure
85,L,300.6,310.8,1533,38.5,117,0,0.0016102485,0,Torque [Nm],-2.416548490524292,Pushes away from failure,Tool wear [min],-2.0668749809265137,Pushes away from failure,Rotational speed [rpm],-1.8866386413574219,Pushes away from failure,Air temperature [K],-0.621553897857666,Pushes away from failure,Process temperature [K],-0.19803616404533386,Pushes away from failure,Type,-0.014427699148654938,Pushes away from failure
86,M,300.9,309.7,1394,48.8,192,0,0.009780638,0,Torque [Nm],-1.649116039276123,Pushes away from failure,Air temperature [K],-1.348048210144043,Pushes away from failure,Tool wear [min],-0.9316210746765137,Pushes away from failure,Type,-0.6923803091049194,Pushes away from failure,Rotational speed [rpm],-0.5805574655532837,Pushes away from failure,Process temperature [K],-0.19012252986431122,Pushes away from failure
87,H,299.9,311.3,1413,41.8,153,0,0.00032020974,0,Torque [Nm],-2.7413411140441895,Pushes away from failure,Tool wear [min],-1.6581374406814575,Pushes away from failure,Air temperature [K],-1.5814470052719116,Pushes away from failure,Process temperature [K],-1.1239547729492188,Pushes away from failure,Rotational speed [rpm],-1.0822412967681885,Pushes away from failure,Type,-0.6334198713302612,Pushes away from failure
88,M,298.4,308.6,1527,40.9,96,0,0.0007152839,0,Torque [Nm],-2.703359365463257,Pushes away from failure,Tool wear [min],-2.0008087158203125,Pushes away from failure,Rotational speed [rpm],-1.8682156801223755,Pushes away from failure,Air temperature [K],-0.9458616375923157,Pushes away from failure,Type,-0.2564050257205963,Pushes away from failure,Process temperature [K],-0.24179285764694214,Pushes away from failure
89,L,302.3,310.9,1529,33.4,62,0,0.0016169955,0,Rotational speed [rpm],-3.147674322128296,Pushes away from failure,Torque [Nm],-2.7760181427001953,Pushes away from failure,Tool wear [min],-2.0558974742889404,Pushes away from failure,Process temperature [K],0.5031774640083313,Pushes toward failure,Air temperature [K],0.31215959787368774,Pushes toward failure,Type,-0.035636886954307556,Pushes away from failure
90,M,302.3,311.2,1507,47.7,70,0,0.0023972064,0,Rotational speed [rpm],-2.764626979827881,Pushes away from failure,Tool wear [min],-1.7470753192901611,Pushes away from failure,Process temperature [K],-1.1408199071884155,Pushes away from failure,Torque [Nm],-1.061425805091858,Pushes away from failure,Type,-0.21372239291667938,Pushes away from failure,Air temperature [K],0.12229390442371368,Pushes toward failure
91,L,299.0,308.6,1429,37.7,126,0,0.007165967,0,Tool wear [min],-2.016080617904663,Pushes away from failure,Torque [Nm],-1.920771598815918,Pushes away from failure,Air temperature [K],-0.8545544743537903,Pushes away from failure,Rotational speed [rpm],-0.610289990901947,Pushes away from failure,Process temperature [K],-0.27310439944267273,Pushes away from failure,Type,-0.030742714181542397,Pushes away from failure
92,L,297.3,308.1,1506,36.0,150,0,0.000788598,0,Torque [Nm],-2.483344078063965,Pushes away from failure,Tool wear [min],-2.0982484817504883,Pushes away from failure,Air temperature [K],-1.6281920671463013,Pushes away from failure,Rotational speed [rpm],-1.609916090965271,Pushes away from failure,Process temperature [K],-0.09907791763544083,Pushes away from failure,Type,-1.332559622824192e-05,Pushes away from failure
93,L,298.0,308.4,1911,22.0,13,0,0.00077312486,0,Tool wear [min],-2.5084760189056396,Pushes away from failure,Torque [Nm],-1.963855504989624,Pushes away from failure,Rotational speed [rpm],-1.8345547914505005,Pushes away from failure,Air temperature [K],-1.0530903339385986,Pushes away from failure,Process temperature [K],-0.570210337638855,Pushes away from failure,Type,-0.008433651179075241,Pushes away from failure
94,L,301.8,310.9,1521,39.3,197,0,0.0030087382,0,Torque [Nm],-3.228872060775757,Pushes away from failure,Rotational speed [rpm],-1.9548015594482422,Pushes away from failure,Tool wear [min],-1.4135321378707886,Pushes away from failure,Air temperature [K],-0.2632816433906555,Pushes away from failure,Process temperature [K],0.22527596354484558,Pushes toward failure,Type,0.05766419693827629,Pushes toward failure
95,M,301.3,311.5,1648,32.4,0,0,0.00016181527,0,Rotational speed [rpm],-2.5360147953033447,Pushes away from failure,Torque [Nm],-2.4843060970306396,Pushes away from failure,Tool wear [min],-2.265598773956299,Pushes away from failure,Air temperature [K],-1.2111115455627441,Pushes away from failure,Process temperature [K],-0.8004837036132812,Pushes away from failure,Type,-0.20570415258407593,Pushes away from failure
96,H,303.1,311.3,1494,42.7,221,0,0.025707856,0,Torque [Nm],-3.2862775325775146,Pushes away from failure,Rotational speed [rpm],-2.0240042209625244,Pushes away from failure,Tool wear [min],1.732780933380127,Pushes toward failure,Type,-0.869438648223877,Pushes away from failure,Air temperature [K],0.7552698254585266,Pushes toward failure,Process temperature [K],-0.7175706028938293,Pushes away from failure
97,H,300.1,311.4,1518,46.9,87,0,0.00024446647,0,Tool wear [min],-2.1851794719696045,Pushes away from failure,Torque [Nm],-1.9155490398406982,Pushes away from failure,Rotational speed [rpm],-1.788020133972168,Pushes away from failure,Air temperature [K],-1.527540922164917,Pushes away from failure,Process temperature [K],-0.9992923140525818,Pushes away from failure,Type,-0.6749305725097656,Pushes away from failure
98,L,297.8,309.9,1351,49.0,181,0,0.017703356,0,Air temperature [K],-3.0111806392669678,Pushes away from failure,Tool wear [min],-1.668150544166565,Pushes away from failure,Torque [Nm],-1.6152334213256836,Pushes away from failure,Rotational speed [rpm],0.7342559695243835,Pushes toward failure,Process temperature [K],0.647680938243866,Pushes toward failure,Type,0.12216402590274811,Pushes toward failure
99,L,300.3,309.8,1523,39.2,24,0,0.0015371954,0,Torque [Nm],-2.682068347930908,Pushes away from failure,Tool wear [min],-2.1128604412078857,Pushes away from failure,Rotational speed [rpm],-1.8198416233062744,Pushes away from failure,Air temperature [K],-1.0136967897415161,Pushes away from failure,Process temperature [K],0.40606066584587097,Pushes toward failure,Type,-0.0281776525080204,Pushes away from failure
100,H,297.5,308.5,1671,28.0,158,0,0.0011928072,0,Torque [Nm],-2.0009045600891113,Pushes away from failure,Tool wear [min],-1.8041627407073975,Pushes away from failure,Air temperature [K],-1.6502783298492432,Pushes away from failure,Rotational speed [rpm],-1.2500067949295044,Pushes away from failure,Type,-0.6638830900192261,Pushes away from failure,Process temperature [K],-0.13534101843833923,Pushes away from failure
101,L,297.4,309.1,1478,49.8,150,0,0.0015718156,0,Torque [Nm],-1.9180195331573486,Pushes away from failure,Tool wear [min],-1.8662707805633545,Pushes away from failure,Air temperature [K],-1.6022040843963623,Pushes away from failure,Rotational speed [rpm],-1.2463244199752808,Pushes away from failure,Process temperature [K],-0.6186710000038147,Pushes away from failure,Type,0.023212678730487823,Pushes toward failure
102,M,300.8,311.4,1852,22.2,53,0,0.0008448742,0,Tool wear [min],-2.2102866172790527,Pushes away from failure,Rotational speed [rpm],-1.9922508001327515,Pushes away from failure,Torque [Nm],-1.7871230840682983,Pushes away from failure,Air temperature [K],-1.1039385795593262,Pushes away from failure,Process temperature [K],-0.6687830686569214,Pushes away from failure,Type,-0.08741689473390579,Pushes away from failure
103,M,298.8,309.9,1331,61.6,46,0,0.19038668,0,Torque [Nm],2.2327444553375244,Pushes toward failure,Air temperature [K],-2.033212661743164,Pushes away from failure,Tool wear [min],-1.70418381690979,Pushes away from failure,Type,-0.7139999866485596,Pushes away from failure,Rotational speed [rpm],-0.29321369528770447,Pushes away from failure,Process temperature [K],0.290039986371994,Pushes toward failure
104,L,302.3,311.5,1543,33.1,39,0,0.00035684372,0,Rotational speed [rpm],-2.584151268005371,Pushes away from failure,Torque [Nm],-2.5465712547302246,Pushes away from failure,Tool wear [min],-2.1025302410125732,Pushes away from failure,Process temperature [K],-1.1197177171707153,Pushes away from failure,Air temperature [K],-0.26311352849006653,Pushes away from failure,Type,-0.09609341621398926,Pushes away from failure
105,L,301.4,311.0,1533,45.8,125,0,0.00032768174,0,Rotational speed [rpm],-2.2908127307891846,Pushes away from failure,Tool wear [min],-2.189455032348633,Pushes away from failure,Torque [Nm],-2.0499613285064697,Pushes away from failure,Air temperature [K],-1.413087010383606,Pushes away from failure,Process temperature [K],-0.8284074068069458,Pushes away from failure,Type,-0.025741152465343475,Pushes away from failure
106,L,297.9,307.3,1824,26.3,5,0,0.0006641542,0,Tool wear [min],-2.5043554306030273,Pushes away from failure,Rotational speed [rpm],-2.3806538581848145,Pushes away from failure,Torque [Nm],-2.176330089569092,Pushes away from failure,Air temperature [K],-1.1643821001052856,Pushes away from failure,Process temperature [K],0.16493907570838928,Pushes toward failure,Type,-0.029871655628085136,Pushes away from failure
107,L,301.2,310.8,1233,64.6,45,0,0.6394631,1,Torque [Nm],4.166163921356201,Pushes toward failure,Tool wear [min],-2.054967164993286,Pushes away from failure,Air temperature [K],-1.3294299840927124,Pushes away from failure,Rotational speed [rpm],-0.8070067167282104,Pushes away from failure,Process temperature [K],-0.34351983666419983,Pushes away from failure,Type,0.16747072339057922,Pushes toward failure
108,M,298.0,307.6,1569,35.6,173,0,0.0034142858,0,Torque [Nm],-2.109178304672241,Pushes away from failure,Tool wear [min],-1.8222086429595947,Pushes away from failure,Rotational speed [rpm],-1.4035749435424805,Pushes away from failure,Air temperature [K],-1.2227238416671753,Pushes away from failure,Process temperature [K],0.5246479511260986,Pushes toward failure,Type,-0.41765379905700684,Pushes away from failure
109,M,298.1,307.6,1764,27.7,23,0,0.0009989475,0,Tool wear [min],-2.192288398742676,Pushes away from failure,Rotational speed [rpm],-2.1027612686157227,Pushes away from failure,Torque [Nm],-2.0613667964935303,Pushes away from failure,Air temperature [K],-1.1787563562393188,Pushes away from failure,Type,-0.27523884177207947,Pushes away from failure,Process temperature [K],0.12828010320663452,Pushes toward failure
110,L,299.1,310.2,1317,54.8,231,1,0.99687827,1,Tool wear [min],4.7537760734558105,Pushes toward failure,Air temperature [K],-1.3301018476486206,Pushes away from failure,Rotational speed [rpm],0.5951563119888306,Pushes toward failure,Torque [Nm],0.497881144285202,Pushes toward failure,Type,0.3246516287326813,Pushes toward failure,Process temperature [K],0.1505407691001892,Pushes toward failure
111,M,298.1,308.8,1378,53.5,65,0,0.0014600118,0,Air temperature [K],-2.6459665298461914,Pushes away from failure,Tool wear [min],-1.8833101987838745,Pushes away from failure,Torque [Nm],-1.7522891759872437,Pushes away from failure,Type,-0.7754547595977783,Pushes away from failure,Process temperature [K],-0.6725862622261047,Pushes away from failure,Rotational speed [rpm],0.4274322986602783,Pushes toward failure
112,M,302.7,312.0,1538,36.7,74,0,0.00092909986,0,Rotational speed [rpm],-2.7777292728424072,Pushes away from failure,Torque [Nm],-2.5962114334106445,Pushes away from failure,Tool wear [min],-1.920888900756836,Pushes away from failure,Process temperature [K],-1.0647006034851074,Pushes away from failure,Air temperature [K],0.8006653785705566,Pushes toward failure,Type,-0.19582533836364746,Pushes away from failure
113,L,301.8,311.2,1417,55.9,156,0,0.010187702,0,Tool wear [min],-2.2326807975769043,Pushes away from failure,Rotational speed [rpm],-1.5445014238357544,Pushes away from failure,Process temperature [K],-1.0386924743652344,Pushes away from failure,Air temperature [K],-0.3715992271900177,Pushes away from failure,Torque [Nm],-0.17411929368972778,Pushes away from failure,Type,0.010935744270682335,Pushes toward failure
114,L,300.1,310.5,1627,29.2,95,0,0.00086778915,0,Rotational speed [rpm],-2.343769073486328,Pushes away from failure,Tool wear [min],-2.1085121631622314,Pushes away from failure,Torque [Nm],-1.9177371263504028,Pushes away from failure,Air temperature [K],-1.1053520441055298,Pushes away from failure,Process temperature [K],-0.2985215187072754,Pushes away from failure,Type,-0.049126289784908295,Pushes away from failure
115,L,299.3,309.2,2280,15.4,207,0,0.7900666,1,Tool wear [min],1.6753486394882202,Pushes toward failure,Process temperature [K],-1.008787751197815,Pushes away from failure,Torque [Nm],0.23685410618782043,Pushes toward failure,Air temperature [K],-0.199667826294899,Pushes away from failure,Rotational speed [rpm],-0.16789524257183075,Pushes away from failure,Type,0.015151109546422958,Pushes toward failure
116,H,301.7,310.1,1660,29.3,72,0,0.0010605338,0,Rotational speed [rpm],-2.867284059524536,Pushes away from failure,Torque [Nm],-2.2850100994110107,Pushes away from failure,Tool wear [min],-1.5912303924560547,Pushes away from failure,Type,-0.7011780738830566,Pushes away from failure,Air temperature [K],-0.32702064514160156,Pushes away from failure,Process temperature [K],0.14947724342346191,Pushes toward failure
117,L,303.2,311.5,1544,42.5,227,0,0.06896976,0,Torque [Nm],-3.6683504581451416,Pushes away from failure,Tool wear [min],3.0797107219696045,Pushes toward failure,Rotational speed [rpm],-2.450629472732544,Pushes away from failure,Process temperature [K],-0.3855425715446472,Pushes away from failure,Air temperature [K],0.09595435857772827,Pushes toward failure,Type,-0.04809314012527466,Pushes away from failure
118,M,297.0,307.7,1498,47.1,199,0,0.0010964695,0,Torque [Nm],-2.5668296813964844,Pushes away from failure,Rotational speed [rpm],-1.7444037199020386,Pushes away from failure,Air temperature [K],-1.4957475662231445,Pushes away from failure,Tool wear [min],-1.2290444374084473,Pushes away from failure,Type,-0.5686426162719727,Pushes away from failure,Process temperature [K],0.01577756367623806,Pushes toward failure
119,M,297.2,308.5,1584,40.0,4,0,0.00021221551,0,Torque [Nm],-2.8125662803649902,Pushes away from failure,Tool wear [min],-2.253645181655884,Pushes away from failure,Rotational speed [rpm],-2.2471420764923096,Pushes away from failure,Air temperature [K],-1.491335153579712,Pushes away from failure,Type,-0.305586576461792,Pushes away from failure,Process temperature [K],-0.12174699455499649,Pushes away from failure
120,H,299.1,310.1,1421,41.2,149,0,0.0039660227,0,Torque [Nm],-2.3218777179718018,Pushes away from failure,Tool wear [min],-1.5495154857635498,Pushes away from failure,Air temperature [K],-1.4600056409835815,Pushes away from failure,Type,-0.7911102771759033,Pushes away from failure,Process temperature [K],-0.1503020077943802,Pushes away from failure,Rotational speed [rpm],-0.027532530948519707,Pushes away from failure
121,L,301.7,310.1,1487,48.0,36,0,0.017087584,0,Rotational speed [rpm],-2.714289426803589,Pushes away from failure,Tool wear [min],-1.6834434270858765,Pushes away from failure,Torque [Nm],-0.8955957889556885,Pushes away from failure,Process temperature [K],0.42210543155670166,Pushes toward failure,Air temperature [K],0.04319572448730469,Pushes toward failure,Type,0.0015363586135208607,Pushes toward failure
122,L,303.4,312.7,1534,35.5,98,0,0.00078510575,0,Rotational speed [rpm],-2.4795584678649902,Pushes away from failure,Torque [Nm],-2.138442277908325,Pushes away from failure,Tool wear [min],-2.111757516860962,Pushes away from failure,Process temperature [K],-2.0014710426330566,Pushes away from failure,Air temperature [K],0.8431103825569153,Pushes toward failure,Type,-0.03511429578065872,Pushes away from failure
123,M,304.2,313.5,1557,37.3,164,0,0.00082558865,0,Torque [Nm],-2.629730701446533,Pushes away from failure,Rotational speed [rpm],-2.2354061603546143,Pushes away from failure,Tool wear [min],-1.8900038003921509,Pushes away from failure,Process temperature [K],-1.8825786113739014,Pushes away from failure,Air temperature [K],0.9334753155708313,Pushes toward failure,Type,-0.16866913437843323,Pushes away from failure
124,L,304.1,313.1,1327,54.1,57,0,0.015279937,0,Process temperature [K],-4.2415547370910645,Pushes away from failure,Tool wear [min],-2.1761386394500732,Pushes away from failure,Air temperature [K],1.6450458765029907,Pushes toward failure,Torque [Nm],-1.0294302701950073,Pushes away from failure,Rotational speed [rpm],0.8373865485191345,Pushes toward failure,Type,0.02454986795783043,Pushes toward failure
125,L,302.4,311.9,1290,70.0,139,1,0.9783844,1,Torque [Nm],5.714662551879883,Pushes toward failure,Tool wear [min],-1.551184892654419,Pushes away from failure,Process temperature [K],-1.1679928302764893,Pushes away from failure,Air temperature [K],-0.20806261897087097,Pushes away from failure,Rotational speed [rpm],0.15953871607780457,Pushes toward failure,Type,0.09120199829339981,Pushes toward failure
126,M,300.7,310.8,1486,41.2,71,0,0.00090441655,0,Torque [Nm],-2.625915765762329,Pushes away from failure,Rotational speed [rpm],-1.9924001693725586,Pushes away from failure,Tool wear [min],-1.5955150127410889,Pushes away from failure,Air temperature [K],-1.0441288948059082,Pushes away from failure,Type,-0.3353906273841858,Pushes away from failure,Process temperature [K],-0.18828903138637543,Pushes away from failure
127,L,297.8,309.7,1547,37.3,25,0,0.00032806591,0,Torque [Nm],-2.8657407760620117,Pushes away from failure,Tool wear [min],-2.3053267002105713,Pushes away from failure,Rotational speed [rpm],-1.7838166952133179,Pushes away from failure,Air temperature [K],-1.5094563961029053,Pushes away from failure,Process temperature [K],-0.26359063386917114,Pushes away from failure,Type,-0.06835954636335373,Pushes away from failure
128,M,302.5,312.0,1487,46.1,175,0,0.0010453754,0,Rotational speed [rpm],-2.4819259643554688,Pushes away from failure,Torque [Nm],-1.793493390083313,Pushes away from failure,Process temperature [K],-1.6227033138275146,Pushes away from failure,Tool wear [min],-1.45663583278656,Pushes away from failure,Type,-0.26370781660079956,Pushes away from failure,Air temperature [K],-0.018191935494542122,Pushes away from failure
129,H,298.0,307.9,1482,37.8,132,0,0.0009427372,0,Tool wear [min],-2.303682327270508,Pushes away from failure,Torque [Nm],-1.9217933416366577,Pushes away from failure,Air temperature [K],-1.5119147300720215,Pushes away from failure,Rotational speed [rpm],-1.466707468032837,Pushes away from failure,Type,-0.45393145084381104,Pushes away from failure,Process temperature [K],-0.08207537233829498,Pushes away from failure
130,M,298.2,308.9,1414,44.3,68,0,0.0019836295,0,Torque [Nm],-2.223468780517578,Pushes away from failure,Tool wear [min],-1.6610753536224365,Pushes away from failure,Air temperature [K],-1.4738892316818237,Pushes away from failure,Rotational speed [rpm],-0.8156399726867676,Pushes away from failure,Process temperature [K],-0.5008178353309631,Pushes away from failure,Type,-0.32027512788772583,Pushes away from failure
131,L,297.4,308.4,1328,61.8,98,0,0.33646786,0,Torque [Nm],2.9699034690856934,Pushes toward failure,Air temperature [K],-2.1680517196655273,Pushes away from failure,Tool wear [min],-2.0073189735412598,Pushes away from failure,Rotational speed [rpm],-0.3042730689048767,Pushes away from failure,Type,0.06214151158928871,Pushes toward failure,Process temperature [K],-0.005799205973744392,Pushes away from failure
132,L,300.4,310.5,1402,54.3,44,0,0.004104786,0,Tool wear [min],-2.4452731609344482,Pushes away from failure,Air temperature [K],-1.5777701139450073,Pushes away from failure,Torque [Nm],-1.143534541130066,Pushes away from failure,Rotational speed [rpm],-1.048806071281433,Pushes away from failure,Process temperature [K],-0.0962790697813034,Pushes away from failure,Type,0.04584842920303345,Pushes toward failure
133,L,300.7,310.1,1351,46.9,165,0,0.032291356,0,Air temperature [K],-2.458514928817749,Pushes away from failure,Tool wear [min],-1.7513771057128906,Pushes away from failure,Torque [Nm],-1.5430290699005127,Pushes away from failure,Rotational speed [rpm],1.0856330394744873,Pushes toward failure,Process temperature [K],0.4383679926395416,Pushes toward failure,Type,0.05446535348892212,Pushes toward failure
134,M,304.1,313.5,1428,39.9,88,0,0.0023637312,0,Torque [Nm],-2.6463935375213623,Pushes away from failure,Process temperature [K],-2.0430819988250732,Pushes away from failure,Tool wear [min],-1.9623467922210693,Pushes away from failure,Rotational speed [rpm],-1.1303585767745972,Pushes away from failure,Air temperature [K],1.0858615636825562,Pushes toward failure,Type,-0.12315228581428528,Pushes away from failure
135,L,302.0,310.4,1336,58.2,110,1,0.98499763,1,Air temperature [K],1.5481059551239014,Pushes toward failure,Rotational speed [rpm],1.4668073654174805,Pushes toward failure,Tool wear [min],-1.4606887102127075,Pushes away from failure,Process temperature [K],0.9180975556373596,Pushes toward failure,Torque [Nm],0.8551889657974243,Pushes toward failure,Type,0.08259657770395279,Pushes toward failure
136,L,300.4,311.4,1309,55.5,71,0,0.004031034,0,Air temperature [K],-2.476902961730957,Pushes away from failure,Tool wear [min],-2.4322211742401123,Pushes away from failure,Torque [Nm],-0.9715520143508911,Pushes away from failure,Process temperature [K],-0.9271911978721619,Pushes away from failure,Rotational speed [rpm],0.39999300241470337,Pushes toward failure,Type,0.12385944277048111,Pushes toward failure
137,L,301.5,310.5,1466,48.1,189,0,0.0067259194,0,Rotational speed [rpm],-1.8897958993911743,Pushes away from failure,Torque [Nm],-1.490112066268921,Pushes away from failure,Tool wear [min],-1.2182029485702515,Pushes away from failure,Air temperature [K],-1.1280616521835327,Pushes away from failure,Process temperature [K],-0.09094409644603729,Pushes away from failure,Type,0.0477546751499176,Pushes toward failure
138,H,298.7,310.1,1435,45.6,37,0,0.010657985,0,Tool wear [min],-1.5755709409713745,Pushes away from failure,Torque [Nm],-1.330640196800232,Pushes away from failure,Air temperature [K],-1.288316249847412,Pushes away from failure,Rotational speed [rpm],-0.6080261468887329,Pushes away from failure,Type,-0.5296294093132019,Pushes away from failure,Process temperature [K],0.027126306667923927,Pushes toward failure
139,H,301.2,310.7,1656,26.2,64,0,0.0008078192,0,Rotational speed [rpm],-2.2467849254608154,Pushes away from failure,Torque [Nm],-1.9957317113876343,Pushes away from failure,Tool wear [min],-1.834964394569397,Pushes away from failure,Air temperature [K],-1.116773247718811,Pushes away from failure,Type,-0.7006227374076843,Pushes away from failure,Process temperature [K],0.00018955767154693604,Pushes toward failure
140,L,303.5,312.2,1511,37.1,27,0,0.00124079,0,Torque [Nm],-2.4477732181549072,Pushes away from failure,Rotational speed [rpm],-2.284813165664673,Pushes away from failure,Tool wear [min],-2.1198890209198,Pushes away from failure,Process temperature [K],-1.7275856733322144,Pushes away from failure,Air temperature [K],1.146743893623352,Pushes toward failure,Type,-0.03177359700202942,Pushes away from failure
141,L,299.0,310.4,1512,38.8,109,0,0.0007673235,0,Torque [Nm],-2.631734848022461,Pushes away from failure,Tool wear [min],-2.018930435180664,Pushes away from failure,Rotational speed [rpm],-1.7997288703918457,Pushes away from failure,Air temperature [K],-1.135337233543396,Pushes away from failure,Process temperature [K],-0.38559573888778687,Pushes away from failure,Type,0.025170190259814262,Pushes toward failure
142,M,299.0,310.1,1593,35.4,5,0,0.00029842896,0,Rotational speed [rpm],-2.4954447746276855,Pushes away from failure,Torque [Nm],-2.359088897705078,Pushes away from failure,Tool wear [min],-2.2049436569213867,Pushes away from failure,Air temperature [K],-1.2095602750778198,Pushes away from failure,Type,-0.3396247625350952,Pushes away from failure,Process temperature [K],-0.28234371542930603,Pushes away from failure
143,H,301.9,311.0,1871,26.0,132,0,0.000283031,0,Rotational speed [rpm],-2.4036271572113037,Pushes away from failure,Torque [Nm],-2.3725831508636475,Pushes away from failure,Tool wear [min],-1.9539252519607544,Pushes away from failure,Type,-0.9034317135810852,Pushes away from failure,Process temperature [K],-0.7433083057403564,Pushes away from failure,Air temperature [K],-0.5671175122261047,Pushes away from failure
144,L,296.6,307.4,1616,28.0,175,0,0.00823032,0,Rotational speed [rpm],-1.916540503501892,Pushes away from failure,Torque [Nm],-1.8551764488220215,Pushes away from failure,Tool wear [min],-1.2895582914352417,Pushes away from failure,Air temperature [K],-0.9770938158035278,Pushes away from failure,Process temperature [K],0.5039103031158447,Pushes toward failure,Type,-0.03153211995959282,Pushes away from failure
145,M,301.6,310.5,1414,49.3,106,0,0.028303025,0,Rotational speed [rpm],-1.498519778251648,Pushes away from failure,Tool wear [min],-1.4431935548782349,Pushes away from failure,Torque [Nm],-1.1163002252578735,Pushes away from failure,Type,-0.29282110929489136,Pushes away from failure,Process temperature [K],0.21098178625106812,Pushes toward failure,Air temperature [K],-0.17054718732833862,Pushes away from failure
146,M,297.5,308.7,1352,53.0,171,0,0.000744163,0,Air temperature [K],-3.235783815383911,Pushes away from failure,Tool wear [min],-1.8663394451141357,Pushes away from failure,Torque [Nm],-1.640036940574646,Pushes away from failure,Type,-0.8054612278938293,Pushes away from failure,Process temperature [K],-0.6082615256309509,Pushes away from failure,Rotational speed [rpm],0.1790490448474884,Pushes toward failure
147,L,298.6,309.9,1615,28.8,199,0,0.007566753,0,Rotational speed [rpm],-2.3256120681762695,Pushes away from failure,Torque [Nm],-2.119452714920044,Pushes away from failure,Tool wear [min],-1.0981448888778687,Pushes away from failure,Air temperature [K],-0.5518712997436523,Pushes away from failure,Process temperature [K],0.4344836175441742,Pushes toward failure,Type,0.00987621396780014,Pushes toward failure
148,L,298.5,309.7,1613,36.7,0,0,0.00044496724,0,Torque [Nm],-2.795900344848633,Pushes away from failure,Tool wear [min],-2.3951053619384766,Pushes away from failure,Rotational speed [rpm],-2.2891247272491455,Pushes away from failure,Air temperature [K],-0.8066419363021851,Pushes away from failure,Process temperature [K],-0.1522398591041565,Pushes away from failure,Type,-0.052377257496118546,Pushes away from failure
149,L,297.6,308.7,1455,48.2,145,0,0.005108002,0,Torque [Nm],-1.8436425924301147,Pushes away from failure,Air temperature [K],-1.8411140441894531,Pushes away from failure,Tool wear [min],-1.235278844833374,Pushes away from failure,Rotational speed [rpm],-0.6209404468536377,Pushes away from failure,Process temperature [K],-0.5167680978775024,Pushes away from failure,Type,0.011594262905418873,Pushes toward failure
150,H,300.7,310.8,1296,58.2,204,0,0.387093,0,Tool wear [min],1.7782564163208008,Pushes toward failure,Type,-1.7095526456832886,Pushes away from failure,Air temperature [K],-1.6480544805526733,Pushes away from failure,Torque [Nm],0.975165843963623,Pushes toward failure,Process temperature [K],-0.41019803285598755,Pushes away from failure,Rotational speed [rpm],-0.21949023008346558,Pushes away from failure
151,L,298.3,309.4,1378,52.3,12,0,0.004314993,0,Tool wear [min],-2.4079513549804688,Pushes away from failure,Air temperature [K],-2.207406759262085,Pushes away from failure,Torque [Nm],-1.629968523979187,Pushes away from failure,Process temperature [K],-0.5750954747200012,Pushes away from failure,Rotational speed [rpm],0.5230740308761597,Pushes toward failure,Type,0.08168713748455048,Pushes toward failure
152,M,296.9,307.6,1685,32.0,10,0,0.0010925047,0,Torque [Nm],-2.5750534534454346,Pushes away from failure,Tool wear [min],-2.167646646499634,Pushes away from failure,Air temperature [K],-1.442351222038269,Pushes away from failure,Rotational speed [rpm],-1.3697714805603027,Pushes away from failure,Type,-0.33891287446022034,Pushes away from failure,Process temperature [K],0.301220178604126,Pushes toward failure
153,M,301.4,310.7,1639,29.8,127,0,0.0008837664,0,Rotational speed [rpm],-2.373750925064087,Pushes away from failure,Tool wear [min],-2.0926380157470703,Pushes away from failure,Torque [Nm],-2.0048182010650635,Pushes away from failure,Air temperature [K],-1.113530158996582,Pushes away from failure,Type,-0.2298470139503479,Pushes away from failure,Process temperature [K],0.009823678992688656,Pushes toward failure
154,H,298.6,308.3,1377,52.1,181,0,0.0035275207,0,Air temperature [K],-2.139716386795044,Pushes away from failure,Torque [Nm],-1.8980175256729126,Pushes away from failure,Tool wear [min],-1.7864834070205688,Pushes away from failure,Type,-0.7658412456512451,Pushes away from failure,Rotational speed [rpm],0.5860393047332764,Pushes toward failure,Process temperature [K],-0.41393110156059265,Pushes away from failure
155,L,298.2,309.1,1350,52.0,136,0,0.002041412,0,Air temperature [K],-2.7544193267822266,Pushes away from failure,Tool wear [min],-2.317206621170044,Pushes away from failure,Torque [Nm],-1.6475621461868286,Pushes away from failure,Process temperature [K],-0.8179829120635986,Pushes away from failure,Rotational speed [rpm],0.4716368019580841,Pushes toward failure,Type,0.09913834184408188,Pushes toward failure
156,M,300.7,311.3,1487,39.8,50,0,0.00029153735,0,Torque [Nm],-2.7839696407318115,Pushes away from failure,Tool wear [min],-2.043696403503418,Pushes away from failure,Rotational speed [rpm],-1.843692421913147,Pushes away from failure,Air temperature [K],-1.0265308618545532,Pushes away from failure,Process temperature [K],-0.9320377111434937,Pushes away from failure,Type,-0.2844465970993042,Pushes away from failure
157,H,295.5,305.9,1593,37.2,197,0,0.0032108694,0,Torque [Nm],-2.7271642684936523,Pushes away from failure,Rotational speed [rpm],-1.847947359085083,Pushes away from failure,Tool wear [min],-1.3474206924438477,Pushes away from failure,Air temperature [K],-1.10501229763031,Pushes away from failure,Process temperature [K],0.7786750197410583,Pushes toward failure,Type,-0.26345181465148926,Pushes away from failure
158,L,300.5,311.4,1400,45.1,29,0,0.0033371146,0,Tool wear [min],-1.9780864715576172,Pushes away from failure,Torque [Nm],-1.3391386270523071,Pushes away from failure,Air temperature [K],-1.1603564023971558,Pushes away from failure,Process temperature [K],-0.9693477153778076,Pushes away from failure,Rotational speed [rpm],-0.9400466680526733,Pushes away from failure,Type,-0.0866578221321106,Pushes away from failure
159,M,301.0,309.7,1511,39.3,146,0,0.0015907632,0,Torque [Nm],-2.855717658996582,Pushes away from failure,Tool wear [min],-1.4135682582855225,Pushes away from failure,Rotational speed [rpm],-1.4108895063400269,Pushes away from failure,Air temperature [K],-0.9438325762748718,Pushes away from failure,Type,-0.3609018921852112,Pushes away from failure,Process temperature [K],-0.2313666194677353,Pushes away from failure
160,H,300.0,310.1,1714,28.7,55,0,0.00064513256,0,Tool wear [min],-2.1176111698150635,Pushes away from failure,Torque [Nm],-1.985788345336914,Pushes away from failure,Rotational speed [rpm],-1.92036771774292,Pushes away from failure,Air temperature [K],-1.1632230281829834,Pushes away from failure,Type,-0.7615411281585693,Pushes away from failure,Process temperature [K],-0.17120054364204407,Pushes away from failure
161,L,298.9,310.3,1484,43.8,124,0,0.0003764453,0,Torque [Nm],-3.3672773838043213,Pushes away from failure,Rotational speed [rpm],-1.971321702003479,Pushes away from failure,Tool wear [min],-1.784854769706726,Pushes away from failure,Air temperature [K],-1.2509526014328003,Pushes away from failure,Process temperature [K],-0.3080971837043762,Pushes away from failure,Type,0.023820970207452774,Pushes toward failure
162,L,301.8,311.5,1443,43.3,134,0,0.0021884567,0,Torque [Nm],-3.1249256134033203,Pushes away from failure,Tool wear [min],-1.8426692485809326,Pushes away from failure,Process temperature [K],-1.1396886110305786,Pushes away from failure,Rotational speed [rpm],-0.4127499759197235,Pushes away from failure,Air temperature [K],-0.37973713874816895,Pushes away from failure,Type,0.003078124485909939,Pushes toward failure
163,L,300.9,311.1,1457,37.4,96,0,0.0003268998,0,Torque [Nm],-2.819002628326416,Pushes away from failure,Tool wear [min],-2.1780757904052734,Pushes away from failure,Rotational speed [rpm],-1.8549705743789673,Pushes away from failure,Air temperature [K],-1.043672800064087,Pushes away from failure,Process temperature [K],-0.8914113640785217,Pushes away from failure,Type,-0.01271811779588461,Pushes away from failure
164,M,298.6,309.2,1742,30.0,37,0,0.0008680592,0,Torque [Nm],-2.0989654064178467,Pushes away from failure,Tool wear [min],-2.0762999057769775,Pushes away from failure,Rotational speed [rpm],-2.0467262268066406,Pushes away from failure,Air temperature [K],-0.984982430934906,Pushes away from failure,Process temperature [K],-0.40833088755607605,Pushes away from failure,Type,-0.20740267634391785,Pushes away from failure
165,L,302.5,312.0,1574,42.0,188,0,0.00012196227,0,Torque [Nm],-3.5872576236724854,Pushes away from failure,Rotational speed [rpm],-2.8169305324554443,Pushes away from failure,Process temperature [K],-1.5827072858810425,Pushes away from failure,Tool wear [min],-1.3544765710830688,Pushes away from failure,Air temperature [K],-0.41342103481292725,Pushes away from failure,Type,-0.031207162886857986,Pushes away from failure
166,M,299.8,309.6,1346,53.2,95,0,0.0013561195,0,Air temperature [K],-3.1548054218292236,Pushes away from failure,Tool wear [min],-1.843425989151001,Pushes away from failure,Torque [Nm],-1.6349869966506958,Pushes away from failure,Type,-0.7918597459793091,Pushes away from failure,Rotational speed [rpm],0.4225125312805176,Pushes toward failure,Process temperature [K],-0.3735314905643463,Pushes away from failure
167,L,297.7,308.2,1500,39.9,158,0,0.00047523782,0,Torque [Nm],-2.8930344581604004,Pushes away from failure,Tool wear [min],-2.283426284790039,Pushes away from failure,Air temperature [K],-1.5607255697250366,Pushes away from failure,Rotational speed [rpm],-1.5259424448013306,Pushes away from failure,Process temperature [K],-0.17936180531978607,Pushes away from failure,Type,0.016942063346505165,Pushes toward failure
168,L,300.2,309.5,1343,50.2,98,0,0.0034200603,0,Air temperature [K],-2.9598100185394287,Pushes away from failure,Torque [Nm],-2.073976755142212,Pushes away from failure,Tool wear [min],-2.008859634399414,Pushes away from failure,Rotational speed [rpm],0.7215597033500671,Pushes toward failure,Process temperature [K],-0.1923648715019226,Pushes away from failure,Type,0.06445695459842682,Pushes toward failure
169,L,304.1,313.2,1412,47.5,150,0,0.00660155,0,Process temperature [K],-2.334580898284912,Pushes away from failure,Tool wear [min],-1.8630383014678955,Pushes away from failure,Rotational speed [rpm],-1.4803000688552856,Pushes away from failure,Torque [Nm],-1.2300634384155273,Pushes away from failure,Air temperature [K],1.175110101699829,Pushes toward failure,Type,-0.055279478430747986,Pushes away from failure
170,M,300.4,311.4,1604,31.7,119,0,0.0006244468,0,Torque [Nm],-2.5072498321533203,Pushes away from failure,Rotational speed [rpm],-2.06597638130188,Pushes away from failure,Tool wear [min],-2.0308492183685303,Pushes away from failure,Air temperature [K],-0.6736359000205994,Pushes away from failure,Process temperature [K],-0.6606781482696533,Pushes away from failure,Type,-0.21395699679851532,Pushes away from failure
171,L,301.8,311.2,1822,26.2,204,0,0.01015953,0,Rotational speed [rpm],-2.51339054107666,Pushes away from failure,Torque [Nm],-2.3268978595733643,Pushes away from failure,Tool wear [min],1.0240671634674072,Pushes toward failure,Process temperature [K],-0.7781345248222351,Pushes away from failure,Air temperature [K],-0.660886287689209,Pushes away from failure,Type,-0.09821364283561707,Pushes away from failure
172,L,300.9,310.9,1228,66.4,109,0,0.7097297,1,Torque [Nm],4.1212263107299805,Pushes toward failure,Tool wear [min],-1.9942547082901,Pushes away from failure,Air temperature [K],-1.5181831121444702,Pushes away from failure,Rotational speed [rpm],-0.7536990642547607,Pushes away from failure,Type,0.17030248045921326,Pushes toward failure,Process temperature [K],0.09435578435659409,Pushes toward failure
173,L,299.2,310.3,1507,41.3,158,0,0.00078280334,0,Torque [Nm],-2.7298085689544678,Pushes away from failure,Rotational speed [rpm],-1.9642173051834106,Pushes away from failure,Tool wear [min],-1.9138368368148804,Pushes away from failure,Air temperature [K],-1.0077464580535889,Pushes away from failure,Process temperature [K],-0.3400458097457886,Pushes away from failure,Type,0.029484864324331284,Pushes toward failure
174,H,298.8,310.0,1530,38.3,53,0,0.00036478284,0,Torque [Nm],-2.4180779457092285,Pushes away from failure,Rotational speed [rpm],-2.103376865386963,Pushes away from failure,Tool wear [min],-2.079744577407837,Pushes away from failure,Air temperature [K],-0.9914901256561279,Pushes away from failure,Process temperature [K],-0.5557234883308411,Pushes away from failure,Type,-0.5417534708976746,Pushes away from failure
175,L,301.1,311.3,1630,29.5,51,0,0.00026998448,0,Rotational speed [rpm],-2.4180052280426025,Pushes away from failure,Tool wear [min],-2.4086146354675293,Pushes away from failure,Torque [Nm],-2.118356466293335,Pushes away from failure,Air temperature [K],-1.0684573650360107,Pushes away from failure,Process temperature [K],-0.9061847925186157,Pushes away from failure,Type,-0.07158195972442627,Pushes away from failure
176,L,296.6,307.5,1557,35.1,60,0,0.0014458342,0,Torque [Nm],-2.3550028800964355,Pushes away from failure,Tool wear [min],-2.28889799118042,Pushes away from failure,Rotational speed [rpm],-1.803438425064087,Pushes away from failure,Air temperature [K],-1.3005785942077637,Pushes away from failure,Process temperature [K],0.49240729212760925,Pushes toward failure,Type,-0.05643688142299652,Pushes away from failure
177,L,299.1,308.8,1413,42.1,86,0,0.0017543655,0,Torque [Nm],-3.0005404949188232,Pushes away from failure,Tool wear [min],-1.8775370121002197,Pushes away from failure,Air temperature [K],-1.0380045175552368,Pushes away from failure,Rotational speed [rpm],-0.8884066343307495,Pushes away from failure,Process temperature [K],-0.2901689410209656,Pushes away from failure,Type,-0.023559756577014923,Pushes away from failure
178,M,302.5,310.4,1509,37.6,45,0,0.0040017203,0,Rotational speed [rpm],-2.9457974433898926,Pushes away from failure,Torque [Nm],-2.08730411529541,Pushes away from failure,Tool wear [min],-1.7596439123153687,Pushes away from failure,Air temperature [K],0.4901970624923706,Pushes toward failure,Process temperature [K],0.1721135377883911,Pushes toward failure,Type,-0.16091054677963257,Pushes away from failure
179,L,304.3,313.5,1452,41.5,15,0,0.002120879,0,Torque [Nm],-2.4135384559631348,Pushes away from failure,Tool wear [min],-2.1962497234344482,Pushes away from failure,Process temperature [K],-1.9542139768600464,Pushes away from failure,Rotational speed [rpm],-1.3154679536819458,Pushes away from failure,Air temperature [K],0.9899338483810425,Pushes toward failure,Type,-0.03859071806073189,Pushes away from failure
180,L,302.0,310.4,1357,58.0,108,1,0.9848263,1,Rotational speed [rpm],1.6659082174301147,Pushes toward failure,Air temperature [K],1.5403292179107666,Pushes toward failure,Tool wear [min],-1.505098819732666,Pushes away from failure,Process temperature [K],0.8813858032226562,Pushes toward failure,Torque [Nm],0.7349537014961243,Pushes toward failure,Type,0.08110757172107697,Pushes toward failure
181,L,300.3,311.6,1560,37.7,107,0,0.00095521664,0,Tool wear [min],-2.3320043087005615,Pushes away from failure,Torque [Nm],-1.927268147468567,Pushes away from failure,Rotational speed [rpm],-1.7109078168869019,Pushes away from failure,Process temperature [K],-0.8887734413146973,Pushes away from failure,Air temperature [K],-0.827161431312561,Pushes away from failure,Type,-0.04082641378045082,Pushes away from failure
182,L,300.8,310.9,1453,43.9,84,0,0.0022836525,0,Torque [Nm],-3.1298553943634033,Pushes away from failure,Tool wear [min],-1.7797027826309204,Pushes away from failure,Air temperature [K],-1.208009958267212,Pushes away from failure,Rotational speed [rpm],-1.0156147480010986,Pushes away from failure,Process temperature [K],0.24866655468940735,Pushes toward failure,Type,0.03049926459789276,Pushes toward failure
183,H,300.6,309.4,1380,47.6,246,1,0.4997367,0,Tool wear [min],2.9842798709869385,Pushes toward failure,Air temperature [K],-1.5541409254074097,Pushes away from failure,Torque [Nm],-1.2028025388717651,Pushes away from failure,Type,-0.7622582912445068,Pushes away from failure,Process temperature [K],-0.7217565774917603,Pushes away from failure,Rotational speed [rpm],0.48129913210868835,Pushes toward failure
184,L,300.8,310.5,1434,44.5,89,0,0.008317969,0,Torque [Nm],-1.7874099016189575,Pushes away from failure,Tool wear [min],-1.5633655786514282,Pushes away from failure,Air temperature [K],-1.3291717767715454,Pushes away from failure,Rotational speed [rpm],-0.8883266448974609,Pushes away from failure,Process temperature [K],0.027031561359763145,Pushes toward failure,Type,-0.014067082665860653,Pushes away from failure
185,M,300.8,310.8,1415,44.5,87,0,0.006391152,0,Torque [Nm],-1.7484712600708008,Pushes away from failure,Tool wear [min],-1.536645531654358,Pushes away from failure,Air temperature [K],-1.2198864221572876,Pushes away from failure,Rotational speed [rpm],-0.9830456376075745,Pushes away from failure,Type,-0.29250362515449524,Pushes away from failure,Process temperature [K],-0.04020491614937782,Pushes away from failure
186,H,302.9,312.3,1417,48.7,26,0,0.001407138,0,Process temperature [K],-2.7074060440063477,Pushes away from failure,Tool wear [min],-1.9913908243179321,Pushes away from failure,Rotational speed [rpm],-1.5066859722137451,Pushes away from failure,Torque [Nm],-1.241222858428955,Pushes away from failure,Air temperature [K],0.6658954620361328,Pushes toward failure,Type,-0.5583063364028931,Pushes away from failure
187,M,299.0,308.9,1449,39.6,105,0,0.0023133405,0,Torque [Nm],-2.715470552444458,Pushes away from failure,Tool wear [min],-1.7508269548416138,Pushes away from failure,Air temperature [K],-0.9668511748313904,Pushes away from failure,Rotational speed [rpm],-0.8221167325973511,Pushes away from failure,Type,-0.4083513021469116,Pushes away from failure,Process temperature [K],-0.1774546205997467,Pushes away from failure
188,M,298.0,307.9,1417,51.0,137,0,0.0014026052,0,Tool wear [min],-1.9755996465682983,Pushes away from failure,Torque [Nm],-1.890599250793457,Pushes away from failure,Air temperature [K],-1.7951934337615967,Pushes away from failure,Rotational speed [rpm],-0.8289127349853516,Pushes away from failure,Type,-0.46234697103500366,Pushes away from failure,Process temperature [K],-0.3896941542625427,Pushes away from failure
189,L,301.1,312.3,1587,34.5,115,0,0.00013626782,0,Torque [Nm],-2.411935806274414,Pushes away from failure,Tool wear [min],-2.2925431728363037,Pushes away from failure,Rotational speed [rpm],-2.114454507827759,Pushes away from failure,Process temperature [K],-1.806321620941162,Pushes away from failure,Air temperature [K],-0.9641191363334656,Pushes away from failure,Type,-0.08570784330368042,Pushes away from failure
190,L,297.7,307.2,1668,32.7,31,0,0.00095890195,0,Torque [Nm],-2.6189651489257812,Pushes away from failure,Tool wear [min],-2.1627769470214844,Pushes away from failure,Rotational speed [rpm],-1.7487800121307373,Pushes away from failure,Air temperature [K],-1.4277524948120117,Pushes away from failure,Process temperature [K],0.31543996930122375,Pushes toward failure,Type,-0.08025431632995605,Pushes away from failure
191,L,301.6,310.6,1418,43.9,129,0,0.003717201,0,Torque [Nm],-2.9874114990234375,Pushes away from failure,Tool wear [min],-1.6272495985031128,Pushes away from failure,Rotational speed [rpm],-1.4019267559051514,Pushes away from failure,Air temperature [K],-0.3398583233356476,Pushes away from failure,Process temperature [K],-0.008088664151728153,Pushes away from failure,Type,-0.0008521194104105234,Pushes away from failure
192,L,300.1,311.7,1503,42.6,208,0,0.04203643,0,Torque [Nm],-3.5872254371643066,Pushes away from failure,Tool wear [min],3.0213723182678223,Pushes toward failure,Rotational speed [rpm],-1.3255081176757812,Pushes away from failure,Air temperature [K],-1.0665665864944458,Pushes away from failure,Process temperature [K],-1.0116045475006104,Pushes away from failure,Type,0.06893357634544373,Pushes toward failure
193,M,301.4,310.7,1368,63.7,92,1,0.90859413,1,Torque [Nm],3.6529130935668945,Pushes toward failure,Tool wear [min],-1.3482115268707275,Pushes away from failure,Air temperature [K],-1.1843940019607544,Pushes away from failure,Rotational speed [rpm],1.0808132886886597,Pushes toward failure,Type,-0.4379194378852844,Pushes away from failure,Process temperature [K],-0.24093516170978546,Pushes away from failure
194,L,300.3,309.6,1435,45.4,181,0,0.0061142705,0,Torque [Nm],-1.8108346462249756,Pushes away from failure,Tool wear [min],-1.575850248336792,Pushes away from failure,Air temperature [K],-1.3958346843719482,Pushes away from failure,Rotational speed [rpm],-0.8740381598472595,Pushes away from failure,Process temperature [K],-0.1939859539270401,Pushes away from failure,Type,-0.014777829870581627,Pushes away from failure
195,M,300.1,311.4,1575,29.8,210,0,0.2657018,0,Tool wear [min],2.532632827758789,Pushes toward failure,Rotational speed [rpm],-1.523025393486023,Pushes away from failure,Torque [Nm],-1.4216967821121216,Pushes away from failure,Air temperature [K],-0.6222111582756042,Pushes away from failure,Type,-0.39941513538360596,Pushes away from failure,Process temperature [K],-0.3571498990058899,Pushes away from failure
196,L,301.8,310.8,1456,46.6,35,0,0.006041036,0,Rotational speed [rpm],-2.302898406982422,Pushes away from failure,Tool wear [min],-1.9481747150421143,Pushes away from failure,Torque [Nm],-1.4683364629745483,Pushes away from failure,Air temperature [K],-0.09837814420461655,Pushes away from failure,Process temperature [K],-0.09016987681388855,Pushes away from failure,Type,0.030512310564517975,Pushes toward failure
197,M,299.3,309.0,1420,41.6,155,0,0.008060642,0,Torque [Nm],-2.5308785438537598,Pushes away from failure,Tool wear [min],-1.4991405010223389,Pushes away from failure,Air temperature [K],-1.131834626197815,Pushes away from failure,Process temperature [K],-0.3531203866004944,Pushes away from failure,Type,-0.24477028846740723,Pushes away from failure,Rotational speed [rpm],0.17275124788284302,Pushes toward failure
198,L,298.9,308.3,1855,23.8,33,0,0.00095250254,0,Rotational speed [rpm],-2.248817205429077,Pushes away from failure,Tool wear [min],-2.1858150959014893,Pushes away from failure,Torque [Nm],-2.1581709384918213,Pushes away from failure,Air temperature [K],-0.6819915175437927,Pushes away from failure,Process temperature [K],-0.40708962082862854,Pushes away from failure,Type,-0.04790409281849861,Pushes away from failure
199,L,297.4,309.4,1296,52.3,96,0,0.0018866982,0,Air temperature [K],-2.66450572013855,Pushes away from failure,Tool wear [min],-2.4350264072418213,Pushes away from failure,Torque [Nm],-1.6100455522537231,Pushes away from failure,Process temperature [K],-0.5806928873062134,Pushes away from failure,Type,0.12411025166511536,Pushes toward failure,Rotational speed [rpm],0.12079499661922455,Pushes toward failure
200,L,300.8,311.7,1432,45.8,6,0,0.000917386,0,Tool wear [min],-2.114386796951294,Pushes away from failure,Torque [Nm],-1.6881285905838013,Pushes away from failure,Process temperature [K],-1.510665774345398,Pushes away from failure,Air temperature [K],-1.3518195152282715,Pushes away from failure,Rotational speed [rpm],-1.0573675632476807,Pushes away from failure,Type,-0.04502219334244728,Pushes away from failure
201,L,298.9,310.2,1409,54.8,140,0,0.005586006,0,Tool wear [min],-2.3654539585113525,Pushes away from failure,Air temperature [K],-1.5823577642440796,Pushes away from failure,Rotational speed [rpm],-1.231554388999939,Pushes away from failure,Torque [Nm],-0.9423564672470093,Pushes away from failure,Process temperature [K],0.11505550891160965,Pushes toward failure,Type,0.05045215040445328,Pushes toward failure
202,L,301.1,309.8,1519,39.6,167,0,0.003220503,0,Torque [Nm],-2.858172655105591,Pushes away from failure,Tool wear [min],-1.5756629705429077,Pushes away from failure,Rotational speed [rpm],-1.5643672943115234,Pushes away from failure,Air temperature [K],-0.9743218421936035,Pushes away from failure,Process temperature [K],0.4644349217414856,Pushes toward failure,Type,-0.001227688044309616,Pushes away from failure
203,M,299.9,310.4,1820,26.6,175,0,0.002500217,0,Rotational speed [rpm],-2.0460996627807617,Pushes away from failure,Torque [Nm],-1.8404210805892944,Pushes away from failure,Tool wear [min],-1.3254817724227905,Pushes away from failure,Air temperature [K],-0.9791052937507629,Pushes away from failure,Process temperature [K],-0.3894055485725403,Pushes away from failure,Type,-0.1826833188533783,Pushes away from failure
204,H,303.3,311.4,1651,30.6,50,0,0.0011088469,0,Rotational speed [rpm],-3.5027947425842285,Pushes away from failure,Torque [Nm],-2.1859076023101807,Pushes away from failure,Tool wear [min],-1.9301373958587646,Pushes away from failure,Air temperature [K],1.0847657918930054,Pushes toward failure,Type,-0.5347736477851868,Pushes away from failure,Process temperature [K],-0.5088053941726685,Pushes away from failure
205,L,297.2,308.5,1518,44.3,163,0,0.0006772052,0,Torque [Nm],-2.439805030822754,Pushes away from failure,Tool wear [min],-2.0722150802612305,Pushes away from failure,Air temperature [K],-1.649641990661621,Pushes away from failure,Rotational speed [rpm],-1.608079195022583,Pushes away from failure,Process temperature [K],-0.289437472820282,Pushes away from failure,Type,-0.012008290737867355,Pushes away from failure
206,H,298.5,307.9,1260,54.2,141,0,0.0016191832,0,Air temperature [K],-2.4567806720733643,Pushes away from failure,Tool wear [min],-2.337824821472168,Pushes away from failure,Torque [Nm],-1.2613335847854614,Pushes away from failure,Type,-0.7037582397460938,Pushes away from failure,Process temperature [K],-0.4345235228538513,Pushes away from failure,Rotational speed [rpm],-0.004317969083786011,Pushes away from failure
207,M,298.3,307.8,1457,52.5,98,0,0.001644491,0,Tool wear [min],-2.0791094303131104,Pushes away from failure,Torque [Nm],-1.8007111549377441,Pushes away from failure,Air temperature [K],-1.4673482179641724,Pushes away from failure,Rotational speed [rpm],-1.2358453273773193,Pushes away from failure,Type,-0.5247603058815002,Pushes away from failure,Process temperature [K],-0.07523133605718613,Pushes away from failure
208,H,298.4,308.5,1827,24.3,153,0,0.0012289569,0,Torque [Nm],-2.1008565425872803,Pushes away from failure,Rotational speed [rpm],-1.9941816329956055,Pushes away from failure,Tool wear [min],-1.6339260339736938,Pushes away from failure,Air temperature [K],-0.9283376336097717,Pushes away from failure,Type,-0.6304429173469543,Pushes away from failure,Process temperature [K],-0.18693660199642181,Pushes away from failure
209,L,298.1,307.8,1413,54.1,113,0,0.002426435,0,Tool wear [min],-2.4370524883270264,Pushes away from failure,Air temperature [K],-1.6636899709701538,Pushes away from failure,Torque [Nm],-1.492594838142395,Pushes away from failure,Rotational speed [rpm],-1.0652812719345093,Pushes away from failure,Process temperature [K],-0.15000832080841064,Pushes away from failure,Type,0.015395750291645527,Pushes toward failure
210,M,300.3,311.6,1359,54.1,81,0,0.0021006193,0,Air temperature [K],-2.6442458629608154,Pushes away from failure,Tool wear [min],-1.9878727197647095,Pushes away from failure,Torque [Nm],-1.3104984760284424,Pushes away from failure,Process temperature [K],-0.9214478135108948,Pushes away from failure,Type,-0.6689890623092651,Pushes away from failure,Rotational speed [rpm],0.5953105092048645,Pushes toward failure
211,L,302.1,310.9,1477,41.4,184,0,0.0033703854,0,Torque [Nm],-3.1304261684417725,Pushes away from failure,Rotational speed [rpm],-2.6020939350128174,Pushes away from failure,Tool wear [min],-1.427372694015503,Pushes away from failure,Process temperature [K],0.41576719284057617,Pushes toward failure,Air temperature [K],0.26174160838127136,Pushes toward failure,Type,0.01870938390493393,Pushes toward failure
212,H,298.4,307.9,1700,28.2,120,0,0.0009150077,0,Torque [Nm],-2.1314589977264404,Pushes away from failure,Tool wear [min],-2.0507969856262207,Pushes away from failure,Rotational speed [rpm],-1.83917236328125,Pushes away from failure,Air temperature [K],-0.8701404333114624,Pushes away from failure,Type,-0.632987916469574,Pushes away from failure,Process temperature [K],-0.24542732536792755,Pushes away from failure
213,M,303.0,311.2,1592,38.9,188,0,0.0024158326,0,Rotational speed [rpm],-3.112065315246582,Pushes away from failure,Torque [Nm],-2.4693381786346436,Pushes away from failure,Tool wear [min],-1.396789789199829,Pushes away from failure,Air temperature [K],0.9336121678352356,Pushes toward failure,Process temperature [K],-0.5171530842781067,Pushes away from failure,Type,-0.23588648438453674,Pushes away from failure
214,L,301.3,310.6,1440,53.8,90,0,0.018724492,0,Tool wear [min],-2.199582576751709,Pushes away from failure,Air temperature [K],-1.413712501525879,Pushes away from failure,Torque [Nm],-1.2183775901794434,Pushes away from failure,Type,0.07221531122922897,Pushes toward failure,Rotational speed [rpm],0.015356107614934444,Pushes toward failure,Process temperature [K],0.010756146162748337,Pushes toward failure
215,M,300.5,309.5,1691,27.6,67,0,0.0053020534,0,Tool wear [min],-1.8666146993637085,Pushes away from failure,Torque [Nm],-1.8255724906921387,Pushes away from failure,Rotational speed [rpm],-1.3132960796356201,Pushes away from failure,Air temperature [K],-0.6829953193664551,Pushes away from failure,Type,-0.20292526483535767,Pushes away from failure,Process temperature [K],-0.11726520955562592,Pushes away from failure
216,M,300.2,311.4,1570,35.3,138,0,0.00046850243,0,Torque [Nm],-2.246225118637085,Pushes away from failure,Tool wear [min],-2.1961872577667236,Pushes away from failure,Rotational speed [rpm],-1.7978825569152832,Pushes away from failure,Air temperature [K],-1.189637541770935,Pushes away from failure,Process temperature [K],-0.7648018598556519,Pushes away from failure,Type,-0.24508993327617645,Pushes away from failure
217,M,297.8,309.0,1434,43.3,96,0,0.0010882864,0,Torque [Nm],-3.136680841445923,Pushes away from failure,Air temperature [K],-1.666434407234192,Pushes away from failure,Tool wear [min],-1.5838919878005981,Pushes away from failure,Rotational speed [rpm],-0.5001381635665894,Pushes away from failure,Process temperature [K],-0.43193402886390686,Pushes away from failure,Type,-0.27730679512023926,Pushes away from failure
218,L,300.5,312.0,1498,42.9,25,0,0.00021205047,0,Torque [Nm],-3.225273847579956,Pushes away from failure,Tool wear [min],-2.2549386024475098,Pushes away from failure,Rotational speed [rpm],-1.861607313156128,Pushes away from failure,Process temperature [K],-1.0605725049972534,Pushes away from failure,Air temperature [K],-0.8270983695983887,Pushes away from failure,Type,-0.003308463841676712,Pushes away from failure
219,L,298.9,308.7,1504,41.8,165,0,0.0013715161,0,Torque [Nm],-2.9374310970306396,Pushes away from failure,Tool wear [min],-1.775051236152649,Pushes away from failure,Rotational speed [rpm],-1.5394573211669922,Pushes away from failure,Air temperature [K],-1.003340721130371,Pushes away from failure,Process temperature [K],-0.08749585598707199,Pushes away from failure,Type,-0.02201618254184723,Pushes away from failure
220,L,301.8,309.6,1443,42.7,231,0,0.3522465,0,Torque [Nm],-3.5844812393188477,Pushes away from failure,Tool wear [min],3.4576730728149414,Pushes toward failure,Rotational speed [rpm],-0.48983728885650635,Pushes away from failure,Air temperature [K],-0.410289466381073,Pushes away from failure,Process temperature [K],-0.4054472744464874,Pushes away from failure,Type,0.04887872561812401,Pushes toward failure
221,M,302.3,311.0,1546,35.5,70,0,0.0007050027,0,Rotational speed [rpm],-2.5493624210357666,Pushes away from failure,Torque [Nm],-2.3293724060058594,Pushes away from failure,Tool wear [min],-1.966437578201294,Pushes away from failure,Process temperature [K],-0.9121699333190918,Pushes away from failure,Type,-0.15660536289215088,Pushes away from failure,Air temperature [K],-0.11698058992624283,Pushes away from failure
222,H,298.3,309.5,1427,54.3,89,0,0.005372405,0,Tool wear [min],-2.122288227081299,Pushes away from failure,Air temperature [K],-1.5052977800369263,Pushes away from failure,Torque [Nm],-1.3353450298309326,Pushes away from failure,Rotational speed [rpm],-0.6378803253173828,Pushes away from failure,Type,-0.5256785154342651,Pushes away from failure,Process temperature [K],0.13107499480247498,Pushes toward failure
223,M,300.7,309.5,1622,30.5,14,0,0.0008047371,0,Rotational speed [rpm],-2.24627947807312,Pushes away from failure,Tool wear [min],-2.1658012866973877,Pushes away from failure,Torque [Nm],-1.869697093963623,Pushes away from failure,Air temperature [K],-1.1278449296951294,Pushes away from failure,Type,-0.28038954734802246,Pushes away from failure,Process temperature [K],-0.20850230753421783,Pushes away from failure
224,L,300.6,310.2,1519,44.6,69,0,0.0027187245,0,Torque [Nm],-2.1338579654693604,Pushes away from failure,Rotational speed [rpm],-2.048766851425171,Pushes away from failure,Tool wear [min],-1.5831732749938965,Pushes away from failure,Air temperature [K],-0.9776886701583862,Pushes away from failure,Process temperature [K],0.047242000699043274,Pushes toward failure,Type,0.017048370093107224,Pushes toward failure
225,H,302.5,311.5,1496,43.8,218,0,0.012005971,0,Torque [Nm],-3.4217727184295654,Pushes away from failure,Tool wear [min],2.403721570968628,Pushes toward failure,Rotational speed [rpm],-1.9328703880310059,Pushes away from failure,Process temperature [K],-1.107382893562317,Pushes away from failure,Type,-0.8508195877075195,Pushes away from failure,Air temperature [K],-0.27547627687454224,Pushes away from failure
226,L,298.2,308.0,1535,38.0,179,0,0.0025536704,0,Torque [Nm],-2.688941240310669,Pushes away from failure,Rotational speed [rpm],-1.5535348653793335,Pushes away from failure,Tool wear [min],-1.1838303804397583,Pushes away from failure,Air temperature [K],-1.0427911281585693,Pushes away from failure,Process temperature [K],-0.15874148905277252,Pushes away from failure,Type,-0.11415430158376694,Pushes away from failure
227,M,297.7,309.0,1656,33.2,20,0,0.0002898719,0,Torque [Nm],-2.731914758682251,Pushes away from failure,Rotational speed [rpm],-2.1465210914611816,Pushes away from failure,Tool wear [min],-1.6419347524642944,Pushes away from failure,Air temperature [K],-1.556314468383789,Pushes away from failure,Process temperature [K],-0.5351013541221619,Pushes away from failure,Type,-0.30832165479660034,Pushes away from failure
228,L,303.0,312.7,1551,41.8,111,0,0.00037211744,0,Torque [Nm],-3.0100619792938232,Pushes away from failure,Rotational speed [rpm],-2.390268087387085,Pushes away from failure,Process temperature [K],-2.207671880722046,Pushes away from failure,Tool wear [min],-1.8386160135269165,Pushes away from failure,Air temperature [K],0.8240919709205627,Pushes toward failure,Type,-0.04772648587822914,Pushes away from failure
229,L,301.1,309.7,1668,30.8,158,0,0.0029805324,0,Torque [Nm],-1.7845349311828613,Pushes away from failure,Tool wear [min],-1.6437644958496094,Pushes away from failure,Rotational speed [rpm],-1.6062378883361816,Pushes away from failure,Air temperature [K],-1.309659481048584,Pushes away from failure,Type,-0.14961320161819458,Pushes away from failure,Process temperature [K],-0.09318327158689499,Pushes away from failure
230,L,300.9,310.3,1446,44.5,135,0,0.009490657,0,Torque [Nm],-1.950007677078247,Pushes away from failure,Tool wear [min],-1.6549233198165894,Pushes away from failure,Air temperature [K],-1.3660452365875244,Pushes away from failure,Rotational speed [rpm],-0.488851398229599,Pushes away from failure,Process temperature [K],0.01990562491118908,Pushes toward failure,Type,0.01768735609948635,Pushes toward failure
231,M,298.6,310.1,1444,48.1,39,0,0.011697617,0,Tool wear [min],-1.5423811674118042,Pushes away from failure,Air temperature [K],-1.4773041009902954,Pushes away from failure,Torque [Nm],-1.1619914770126343,Pushes away from failure,Rotational speed [rpm],-0.6556018590927124,Pushes away from failure,Type,-0.5003954172134399,Pushes away from failure,Process temperature [K],0.12674400210380554,Pushes toward failure
232,M,303.8,313.0,1789,23.5,215,0,0.07721504,0,Tool wear [min],2.552382230758667,Pushes toward failure,Torque [Nm],-2.3365020751953125,Pushes away from failure,Rotational speed [rpm],-2.317239761352539,Pushes away from failure,Process temperature [K],-1.2519854307174683,Pushes away from failure,Air temperature [K],0.2187013030052185,Pushes toward failure,Type,-0.12048208713531494,Pushes away from failure
233,L,301.5,310.7,1408,47.3,79,0,0.017452123,0,Tool wear [min],-1.5609664916992188,Pushes away from failure,Torque [Nm],-1.2484251260757446,Pushes away from failure,Air temperature [K],-1.1970409154891968,Pushes away from failure,Rotational speed [rpm],-1.1027175188064575,Pushes away from failure,Process temperature [K],0.2973882853984833,Pushes toward failure,Type,0.00674887839704752,Pushes toward failure
234,H,299.6,310.1,1531,36.8,62,0,0.00057551416,0,Torque [Nm],-2.438225269317627,Pushes away from failure,Rotational speed [rpm],-2.0459353923797607,Pushes away from failure,Tool wear [min],-2.023754358291626,Pushes away from failure,Air temperature [K],-0.9640710949897766,Pushes away from failure,Type,-0.474001944065094,Pushes away from failure,Process temperature [K],-0.2880047559738159,Pushes away from failure
235,L,300.6,310.4,2514,13.4,215,0,0.8916861,1,Torque [Nm],1.5710769891738892,Pushes toward failure,Air temperature [K],-1.007709264755249,Pushes away from failure,Tool wear [min],0.6880136132240295,Pushes toward failure,Rotational speed [rpm],0.6704519391059875,Pushes toward failure,Process temperature [K],-0.4935665726661682,Pushes away from failure,Type,-0.0945124551653862,Pushes away from failure
236,L,296.8,308.1,1356,48.3,201,0,0.059134964,0,Air temperature [K],-2.1332359313964844,Pushes away from failure,Torque [Nm],-1.9449727535247803,Pushes away from failure,Rotational speed [rpm],1.1954302787780762,Pushes toward failure,Process temperature [K],-0.5610875487327576,Pushes away from failure,Tool wear [min],-0.24150219559669495,Pushes away from failure,Type,0.14406698942184448,Pushes toward failure
237,M,297.1,308.5,1621,32.4,194,0,0.0007006961,0,Torque [Nm],-2.8217713832855225,Pushes away from failure,Rotational speed [rpm],-2.1691572666168213,Pushes away from failure,Air temperature [K],-1.387815237045288,Pushes away from failure,Tool wear [min],-1.075095295906067,Pushes away from failure,Type,-0.45809662342071533,Pushes away from failure,Process temperature [K],-0.12512709200382233,Pushes away from failure
238,H,301.5,310.9,1524,40.4,124,0,0.00034688204,0,Torque [Nm],-2.6201119422912598,Pushes away from failure,Tool wear [min],-2.09735107421875,Pushes away from failure,Rotational speed [rpm],-2.00577974319458,Pushes away from failure,Air temperature [K],-1.2365951538085938,Pushes away from failure,Type,-0.720095157623291,Pushes away from failure,Process temperature [K],-0.06057173013687134,Pushes away from failure
239,M,299.8,309.7,1910,21.8,141,0,0.004704218,0,Tool wear [min],-1.8006393909454346,Pushes away from failure,Torque [Nm],-1.4984877109527588,Pushes away from failure,Rotational speed [rpm],-1.2977702617645264,Pushes away from failure,Air temperature [K],-1.0264846086502075,Pushes away from failure,Type,-0.3147057890892029,Pushes away from failure,Process temperature [K],-0.19081427156925201,Pushes away from failure
240,M,300.7,309.6,1439,43.0,61,0,0.008776412,0,Torque [Nm],-3.2097225189208984,Pushes away from failure,Air temperature [K],-1.402910828590393,Pushes away from failure,Tool wear [min],-1.120557427406311,Pushes away from failure,Rotational speed [rpm],1.1070079803466797,Pushes toward failure,Process temperature [K],-0.4573133587837219,Pushes away from failure,Type,-0.4177013337612152,Pushes away from failure
241,L,300.5,311.5,1490,38.4,67,0,0.00077304273,0,Torque [Nm],-2.4696314334869385,Pushes away from failure,Tool wear [min],-2.2126970291137695,Pushes away from failure,Rotational speed [rpm],-1.7147259712219238,Pushes away from failure,Process temperature [K],-0.8844916224479675,Pushes away from failure,Air temperature [K],-0.6654655933380127,Pushes away from failure,Type,0.008286128751933575,Pushes toward failure
242,L,301.3,311.0,1576,30.4,151,0,0.0009700079,0,Rotational speed [rpm],-2.049729824066162,Pushes away from failure,Tool wear [min],-1.813504934310913,Pushes away from failure,Torque [Nm],-1.8090050220489502,Pushes away from failure,Air temperature [K],-1.2165586948394775,Pushes away from failure,Process temperature [K],-0.7677937746047974,Pushes away from failure,Type,-0.05496801435947418,Pushes away from failure
243,L,300.5,310.6,1448,46.3,173,0,0.013302515,0,Torque [Nm],-1.644274353981018,Pushes away from failure,Tool wear [min],-1.6233550310134888,Pushes away from failure,Air temperature [K],-0.954452633857727,Pushes away from failure,Rotational speed [rpm],-0.8076589107513428,Pushes away from failure,Process temperature [K],-0.07805904746055603,Pushes away from failure,Type,0.0270666666328907,Pushes toward failure
244,M,299.2,308.9,1521,42.3,215,0,0.052165147,0,Torque [Nm],-3.2808802127838135,Pushes away from failure,Tool wear [min],2.356778621673584,Pushes toward failure,Rotational speed [rpm],-0.8433642983436584,Pushes away from failure,Type,-0.7382820844650269,Pushes away from failure,Air temperature [K],-0.6287145614624023,Pushes away from failure,Process temperature [K],-0.5396291613578796,Pushes away from failure
245,H,301.1,310.6,1782,24.9,93,0,0.00055157155,0,Rotational speed [rpm],-2.3424363136291504,Pushes away from failure,Torque [Nm],-2.0773210525512695,Pushes away from failure,Tool wear [min],-1.7489442825317383,Pushes away from failure,Air temperature [K],-1.1207233667373657,Pushes away from failure,Type,-0.818123459815979,Pushes away from failure,Process temperature [K],-0.16896319389343262,Pushes away from failure
246,L,298.9,310.0,1470,45.9,109,0,0.0015425348,0,Rotational speed [rpm],-1.9627693891525269,Pushes away from failure,Tool wear [min],-1.884368896484375,Pushes away from failure,Torque [Nm],-1.795268177986145,Pushes away from failure,Air temperature [K],-1.2480190992355347,Pushes away from failure,Process temperature [K],-0.3677832782268524,Pushes away from failure,Type,0.011099514551460743,Pushes toward failure
247,L,297.5,308.9,1596,30.7,5,0,0.00024453082,0,Tool wear [min],-2.473306179046631,Pushes away from failure,Torque [Nm],-2.2656726837158203,Pushes away from failure,Rotational speed [rpm],-2.2608981132507324,Pushes away from failure,Air temperature [K],-1.486177921295166,Pushes away from failure,Process temperature [K],-0.5447297096252441,Pushes away from failure,Type,-0.05946502089500427,Pushes away from failure
248,L,298.8,310.1,1574,36.2,181,0,0.00087020907,0,Torque [Nm],-3.0007059574127197,Pushes away from failure,Rotational speed [rpm],-2.08627986907959,Pushes away from failure,Tool wear [min],-1.499914288520813,Pushes away from failure,Air temperature [K],-0.8785239458084106,Pushes away from failure,Process temperature [K],-0.3352345824241638,Pushes away from failure,Type,-0.019572392106056213,Pushes away from failure
249,L,300.5,309.6,1760,30.6,213,0,0.062431946,0,Rotational speed [rpm],-2.353677272796631,Pushes away from failure,Tool wear [min],1.8170645236968994,Pushes toward failure,Torque [Nm],-1.5966086387634277,Pushes away from failure,Process temperature [K],-0.7446372509002686,Pushes away from failure,Air temperature [K],-0.5892772078514099,Pushes away from failure,Type,-0.016400817781686783,Pushes away from failure
250,M,296.6,307.5,1566,35.0,201,0,0.006203335,0,Torque [Nm],-2.296543836593628,Pushes away from failure,Rotational speed [rpm],-1.4221423864364624,Pushes away from failure,Air temperature [K],-1.2487614154815674,Pushes away from failure,Tool wear [min],-0.8336871266365051,Pushes away from failure,Type,-0.6005322933197021,Pushes away from failure,Process temperature [K],0.5508974194526672,Pushes toward failure
251,L,303.9,312.7,1789,24.4,163,0,0.0004583767,0,Rotational speed [rpm],-2.5722877979278564,Pushes away from failure,Torque [Nm],-2.4164698123931885,Pushes away from failure,Process temperature [K],-1.9961172342300415,Pushes away from failure,Tool wear [min],-1.6993842124938965,Pushes away from failure,Air temperature [K],0.3611072897911072,Pushes toward failure,Type,-0.13853369653224945,Pushes away from failure
252,M,299.9,309.2,1389,51.2,185,0,0.0026011297,0,Torque [Nm],-2.0107648372650146,Pushes away from failure,Air temperature [K],-1.8093985319137573,Pushes away from failure,Tool wear [min],-1.2630984783172607,Pushes away from failure,Rotational speed [rpm],-0.7316328287124634,Pushes away from failure,Type,-0.5087697505950928,Pushes away from failure,Process temperature [K],-0.3998643457889557,Pushes away from failure
253,L,302.3,310.9,1891,22.7,135,0,0.0028429963,0,Rotational speed [rpm],-2.935983896255493,Pushes away from failure,Torque [Nm],-2.4122068881988525,Pushes away from failure,Tool wear [min],-1.8285751342773438,Pushes away from failure,Process temperature [K],0.5679344534873962,Pushes toward failure,Type,-0.09444878995418549,Pushes away from failure,Air temperature [K],0.06890857219696045,Pushes toward failure
254,M,300.6,310.9,1702,30.3,91,0,0.002881966,0,Tool wear [min],-2.149566411972046,Pushes away from failure,Torque [Nm],-1.8969322443008423,Pushes away from failure,Rotational speed [rpm],-1.7166836261749268,Pushes away from failure,Air temperature [K],-0.8206197023391724,Pushes away from failure,Type,-0.16829189658164978,Pushes away from failure,Process temperature [K],0.1313701868057251,Pushes toward failure
255,M,300.6,310.6,1463,45.5,196,0,0.0023913567,0,Torque [Nm],-2.0126771926879883,Pushes away from failure,Rotational speed [rpm],-1.7780189514160156,Pushes away from failure,Tool wear [min],-1.2681363821029663,Pushes away from failure,Air temperature [K],-1.0232410430908203,Pushes away from failure,Type,-0.5259963870048523,Pushes away from failure,Process temperature [K],-0.1997555047273636,Pushes away from failure
256,L,296.7,307.4,1535,34.6,114,0,0.0023961074,0,Torque [Nm],-2.4384682178497314,Pushes away from failure,Tool wear [min],-1.92488694190979,Pushes away from failure,Rotational speed [rpm],-1.6973216533660889,Pushes away from failure,Air temperature [K],-1.2654951810836792,Pushes away from failure,Process temperature [K],0.5727401375770569,Pushes toward failure,Type,-0.05240558460354805,Pushes away from failure
257,L,297.0,307.7,1447,46.4,8,0,0.00071797636,0,Tool wear [min],-2.3074116706848145,Pushes away from failure,Torque [Nm],-2.2761831283569336,Pushes away from failure,Air temperature [K],-1.6560229063034058,Pushes away from failure,Rotational speed [rpm],-1.5128679275512695,Pushes away from failure,Process temperature [K],-0.25799864530563354,Pushes away from failure,Type,-0.002201637253165245,Pushes away from failure
258,L,297.8,308.4,1512,39.9,181,0,0.00087427563,0,Torque [Nm],-3.05884051322937,Pushes away from failure,Tool wear [min],-1.7628428936004639,Pushes away from failure,Air temperature [K],-1.4819881916046143,Pushes away from failure,Rotational speed [rpm],-1.3730210065841675,Pushes away from failure,Process temperature [K],-0.15052109956741333,Pushes away from failure,Type,0.011645684018731117,Pushes toward failure
259,M,300.9,310.0,1600,36.0,204,0,0.00434911,0,Rotational speed [rpm],-2.338341474533081,Pushes away from failure,Torque [Nm],-2.213548183441162,Pushes away from failure,Process temperature [K],-1.085426926612854,Pushes away from failure,Air temperature [K],-0.9357364177703857,Pushes away from failure,Tool wear [min],0.8099191188812256,Pushes toward failure,Type,-0.4446163773536682,Pushes away from failure
260,L,301.4,311.3,2323,15.9,50,0,0.0043939403,0,Tool wear [min],-2.0378010272979736,Pushes away from failure,Air temperature [K],-1.5430315732955933,Pushes away from failure,Torque [Nm],-1.2759593725204468,Pushes away from failure,Process temperature [K],-0.9347044825553894,Pushes away from failure,Rotational speed [rpm],-0.2971612215042114,Pushes away from failure,Type,-0.10878871381282806,Pushes away from failure
261,L,301.7,310.6,1486,38.5,78,0,0.0034556917,0,Torque [Nm],-2.5462639331817627,Pushes away from failure,Rotational speed [rpm],-2.2072267532348633,Pushes away from failure,Tool wear [min],-1.2619332075119019,Pushes away from failure,Air temperature [K],-0.35294309258461,Pushes away from failure,Process temperature [K],-0.09377659857273102,Pushes away from failure,Type,0.023550204932689667,Pushes toward failure
262,L,303.2,312.5,1518,39.9,146,0,0.00073539687,0,Torque [Nm],-2.91752028465271,Pushes away from failure,Process temperature [K],-2.153534173965454,Pushes away from failure,Rotational speed [rpm],-1.8876862525939941,Pushes away from failure,Tool wear [min],-1.7418121099472046,Pushes away from failure,Air temperature [K],0.7200266718864441,Pushes toward failure,Type,-0.00816213246434927,Pushes away from failure
263,L,297.4,308.4,1343,40.0,61,0,0.0023964082,0,Torque [Nm],-2.641775369644165,Pushes away from failure,Air temperature [K],-2.490696668624878,Pushes away from failure,Tool wear [min],-2.112213373184204,Pushes away from failure,Rotational speed [rpm],0.9304785132408142,Pushes toward failure,Process temperature [K],-0.5399527549743652,Pushes away from failure,Type,0.0484495535492897,Pushes toward failure
264,M,300.5,310.5,1469,42.9,14,0,0.00044866937,0,Torque [Nm],-3.1418564319610596,Pushes away from failure,Rotational speed [rpm],-1.9122695922851562,Pushes away from failure,Tool wear [min],-1.7893283367156982,Pushes away from failure,Air temperature [K],-1.0204530954360962,Pushes away from failure,Type,-0.3281899094581604,Pushes away from failure,Process temperature [K],-0.29100242257118225,Pushes away from failure
265,L,303.5,311.6,1465,48.7,60,0,0.024502484,0,Rotational speed [rpm],-2.9273154735565186,Pushes away from failure,Air temperature [K],1.800460696220398,Pushes toward failure,Tool wear [min],-1.7274935245513916,Pushes away from failure,Torque [Nm],-1.1125181913375854,Pushes away from failure,Process temperature [K],-0.497199147939682,Pushes away from failure,Type,0.0055681029334664345,Pushes toward failure
266,L,298.2,307.8,1476,36.8,134,0,0.0012734781,0,Torque [Nm],-2.858264684677124,Pushes away from failure,Tool wear [min],-2.327691078186035,Pushes away from failure,Rotational speed [rpm],-1.3916687965393066,Pushes away from failure,Air temperature [K],-1.1233479976654053,Pushes away from failure,Process temperature [K],0.27506622672080994,Pushes toward failure,Type,-0.013148452155292034,Pushes away from failure
267,H,300.8,312.1,1527,35.1,164,0,0.00021677272,0,Tool wear [min],-2.114675760269165,Pushes away from failure,Torque [Nm],-2.0424540042877197,Pushes away from failure,Process temperature [K],-1.850894570350647,Pushes away from failure,Rotational speed [rpm],-1.5134403705596924,Pushes away from failure,Air temperature [K],-1.0109522342681885,Pushes away from failure,Type,-0.6783515214920044,Pushes away from failure
268,M,300.1,310.1,1501,39.3,195,0,0.0007496564,0,Torque [Nm],-3.020993232727051,Pushes away from failure,Rotational speed [rpm],-1.830045223236084,Pushes away from failure,Air temperature [K],-1.210040807723999,Pushes away from failure,Tool wear [min],-1.1188455820083618,Pushes away from failure,Type,-0.45767414569854736,Pushes away from failure,Process temperature [K],-0.3318709433078766,Pushes away from failure
269,M,303.9,313.1,1514,41.1,121,0,0.0005743371,0,Torque [Nm],-2.7327728271484375,Pushes away from failure,Process temperature [K],-2.205489158630371,Pushes away from failure,Rotational speed [rpm],-2.120211601257324,Pushes away from failure,Tool wear [min],-1.9662400484085083,Pushes away from failure,Air temperature [K],1.0069854259490967,Pushes toward failure,Type,-0.21831554174423218,Pushes away from failure
270,H,301.4,310.4,1610,38.6,16,0,0.00035817243,0,Rotational speed [rpm],-2.465360641479492,Pushes away from failure,Torque [Nm],-2.289095640182495,Pushes away from failure,Tool wear [min],-1.9654362201690674,Pushes away from failure,Air temperature [K],-1.2078156471252441,Pushes away from failure,Type,-0.5146097540855408,Pushes away from failure,Process temperature [K],-0.2661436200141907,Pushes away from failure
271,H,300.3,309.5,1438,44.0,59,0,0.020982139,0,Torque [Nm],-3.0490238666534424,Pushes away from failure,Tool wear [min],-1.4580299854278564,Pushes away from failure,Rotational speed [rpm],1.4502934217453003,Pushes toward failure,Air temperature [K],-1.171879529953003,Pushes away from failure,Type,-0.26594069600105286,Pushes away from failure,Process temperature [K],-0.12262491881847382,Pushes away from failure
272,L,299.3,308.6,1437,48.1,67,0,0.0046085003,0,Tool wear [min],-1.9578511714935303,Pushes away from failure,Torque [Nm],-1.5418349504470825,Pushes away from failure,Air temperature [K],-1.148016333580017,Pushes away from failure,Process temperature [K],-0.7687222957611084,Pushes away from failure,Rotational speed [rpm],-0.6960411667823792,Pushes away from failure,Type,-0.03709329292178154,Pushes away from failure
273,M,303.0,311.1,1597,36.7,191,0,0.0014984908,0,Rotational speed [rpm],-3.2877392768859863,Pushes away from failure,Torque [Nm],-2.819185972213745,Pushes away from failure,Tool wear [min],-1.2941466569900513,Pushes away from failure,Air temperature [K],0.9973974823951721,Pushes toward failure,Process temperature [K],-0.5997290015220642,Pushes away from failure,Type,-0.27272140979766846,Pushes away from failure
274,L,299.4,310.7,1426,45.7,213,0,0.40449834,0,Tool wear [min],2.321730613708496,Pushes toward failure,Torque [Nm],-1.604703664779663,Pushes away from failure,Rotational speed [rpm],-0.9633888006210327,Pushes away from failure,Air temperature [K],-0.9366176724433899,Pushes away from failure,Type,0.08717890828847885,Pushes toward failure,Process temperature [K],-0.06527933478355408,Pushes away from failure
275,L,298.2,309.1,1539,36.5,134,0,0.00048162584,0,Torque [Nm],-2.838261127471924,Pushes away from failure,Tool wear [min],-2.0230534076690674,Pushes away from failure,Rotational speed [rpm],-1.7731643915176392,Pushes away from failure,Air temperature [K],-1.1856755018234253,Pushes away from failure,Process temperature [K],-0.5512639880180359,Pushes away from failure,Type,-0.04076681658625603,Pushes away from failure
276,M,302.4,311.3,1312,61.5,85,0,0.40266582,0,Torque [Nm],2.1237032413482666,Pushes toward failure,Process temperature [K],-1.6888567209243774,Pushes away from failure,Tool wear [min],-1.5683578252792358,Pushes away from failure,Type,-0.41768646240234375,Pushes away from failure,Air temperature [K],0.39903634786605835,Pushes toward failure,Rotational speed [rpm],-0.01653313636779785,Pushes away from failure
277,M,299.7,310.2,1440,42.8,30,0,0.0038248068,0,Torque [Nm],-3.031193256378174,Pushes away from failure,Air temperature [K],-1.4319789409637451,Pushes away from failure,Tool wear [min],-1.4305155277252197,Pushes away from failure,Type,-0.42124372720718384,Pushes away from failure,Process temperature [K],-0.09873351454734802,Pushes away from failure,Rotational speed [rpm],0.07692769169807434,Pushes toward failure
278,H,301.2,310.9,1598,35.9,71,0,0.0005756875,0,Rotational speed [rpm],-2.340998411178589,Pushes away from failure,Torque [Nm],-2.0918972492218018,Pushes away from failure,Tool wear [min],-1.9941819906234741,Pushes away from failure,Air temperature [K],-1.1937777996063232,Pushes away from failure,Type,-0.5485720038414001,Pushes away from failure,Process temperature [K],-0.06426586955785751,Pushes away from failure
279,M,302.9,311.2,1330,53.7,200,1,0.82421255,1,Air temperature [K],2.0135772228240967,Pushes toward failure,Rotational speed [rpm],1.7868714332580566,Pushes toward failure,Tool wear [min],-1.0106778144836426,Pushes away from failure,Type,-0.8439029455184937,Pushes away from failure,Torque [Nm],-0.5979070663452148,Pushes away from failure,Process temperature [K],-0.5771318078041077,Pushes away from failure
280,H,300.8,311.2,1612,32.5,143,0,0.0002453559,0,Torque [Nm],-2.4185140132904053,Pushes away from failure,Rotational speed [rpm],-2.112173318862915,Pushes away from failure,Tool wear [min],-2.0298280715942383,Pushes away from failure,Air temperature [K],-1.0606248378753662,Pushes away from failure,Process temperature [K],-0.9423336982727051,Pushes away from failure,Type,-0.5234063267707825,Pushes away from failure
281,L,302.5,311.4,1759,24.6,124,0,0.0002898675,0,Rotational speed [rpm],-2.8993098735809326,Pushes away from failure,Torque [Nm],-2.518571615219116,Pushes away from failure,Tool wear [min],-1.8457530736923218,Pushes away from failure,Process temperature [K],-1.020787239074707,Pushes away from failure,Air temperature [K],-0.5126983523368835,Pushes away from failure,Type,-0.12300021201372147,Pushes away from failure
282,L,297.6,309.5,1924,20.6,37,0,0.0021624384,0,Tool wear [min],-2.1378421783447266,Pushes away from failure,Torque [Nm],-1.8462468385696411,Pushes away from failure,Rotational speed [rpm],-1.6159595251083374,Pushes away from failure,Air temperature [K],-1.2387655973434448,Pushes away from failure,Process temperature [K],-0.0932106226682663,Pushes away from failure,Type,0.023346228525042534,Pushes toward failure
283,L,302.4,310.3,1923,23.3,172,0,0.0026428679,0,Rotational speed [rpm],-2.8212032318115234,Pushes away from failure,Torque [Nm],-2.2866649627685547,Pushes away from failure,Tool wear [min],-1.4500843286514282,Pushes away from failure,Type,-0.13833314180374146,Pushes away from failure,Air temperature [K],-0.04891094192862511,Pushes away from failure,Process temperature [K],0.037629324942827225,Pushes toward failure
284,M,296.9,307.8,1392,43.9,0,0,0.0012616839,0,Torque [Nm],-3.1839730739593506,Pushes away from failure,Tool wear [min],-1.6951274871826172,Pushes away from failure,Air temperature [K],-1.4741790294647217,Pushes away from failure,Rotational speed [rpm],-0.7894602417945862,Pushes away from failure,Type,-0.3453444838523865,Pushes away from failure,Process temperature [K],0.03971134126186371,Pushes toward failure
285,L,299.2,310.3,1610,33.3,233,0,0.45550162,0,Tool wear [min],4.725156784057617,Pushes toward failure,Torque [Nm],-2.729828357696533,Pushes away from failure,Rotational speed [rpm],-1.7430036067962646,Pushes away from failure,Process temperature [K],-0.656859815120697,Pushes away from failure,Air temperature [K],-0.46809497475624084,Pushes away from failure,Type,-0.08016316592693329,Pushes away from failure
286,L,300.7,310.4,1543,47.3,203,0,0.037624083,0,Rotational speed [rpm],-1.816322922706604,Pushes away from failure,Torque [Nm],-1.7847157716751099,Pushes away from failure,Tool wear [min],1.4067237377166748,Pushes toward failure,Air temperature [K],-1.286713719367981,Pushes away from failure,Process temperature [K],-0.5319285988807678,Pushes away from failure,Type,-0.003131171688437462,Pushes away from failure
287,M,302.2,310.9,1771,27.6,54,0,0.0018537502,0,Rotational speed [rpm],-3.1018152236938477,Pushes away from failure,Torque [Nm],-2.5144379138946533,Pushes away from failure,Tool wear [min],-1.949773907661438,Pushes away from failure,Process temperature [K],0.4568032920360565,Pushes toward failure,Air temperature [K],0.12146878242492676,Pushes toward failure,Type,-0.07525480538606644,Pushes away from failure
288,H,300.4,309.7,1500,35.2,112,0,0.0016843572,0,Torque [Nm],-2.308258056640625,Pushes away from failure,Tool wear [min],-1.8458983898162842,Pushes away from failure,Rotational speed [rpm],-1.6470646858215332,Pushes away from failure,Air temperature [K],-0.9208685755729675,Pushes away from failure,Type,-0.29243433475494385,Pushes away from failure,Process temperature [K],-0.14448639750480652,Pushes away from failure
289,L,301.9,310.7,1480,47.1,68,0,0.009813926,0,Rotational speed [rpm],-2.698585271835327,Pushes away from failure,Tool wear [min],-1.702154278755188,Pushes away from failure,Torque [Nm],-1.5437521934509277,Pushes away from failure,Process temperature [K],0.27526816725730896,Pushes toward failure,Air temperature [K],0.26329299807548523,Pushes toward failure,Type,0.017516620457172394,Pushes toward failure
290,L,299.7,310.4,1614,36.2,108,0,0.00053404114,0,Torque [Nm],-2.709819793701172,Pushes away from failure,Rotational speed [rpm],-2.2746472358703613,Pushes away from failure,Tool wear [min],-1.9758517742156982,Pushes away from failure,Air temperature [K],-0.9345878958702087,Pushes away from failure,Process temperature [K],-0.34955543279647827,Pushes away from failure,Type,-0.06436602771282196,Pushes away from failure
291,H,303.6,312.4,1480,50.7,2,0,0.0009651052,0,Process temperature [K],-2.4252495765686035,Pushes away from failure,Rotational speed [rpm],-2.390707492828369,Pushes away from failure,Tool wear [min],-2.036236524581909,Pushes away from failure,Torque [Nm],-1.5461342334747314,Pushes away from failure,Air temperature [K],1.387339472770691,Pushes toward failure,Type,-0.7056469917297363,Pushes away from failure
292,M,301.1,312.3,1852,25.9,131,0,0.00031705233,0,Tool wear [min],-2.2065811157226562,Pushes away from failure,Torque [Nm],-2.0450639724731445,Pushes away from failure,Rotational speed [rpm],-1.7309858798980713,Pushes away from failure,Process temperature [K],-1.709822177886963,Pushes away from failure,Air temperature [K],-1.081002950668335,Pushes away from failure,Type,-0.05699651315808296,Pushes away from failure
293,L,297.4,308.2,1471,46.5,25,0,0.0004899825,0,Tool wear [min],-2.376615047454834,Pushes away from failure,Torque [Nm],-2.3042004108428955,Pushes away from failure,Rotational speed [rpm],-1.7652347087860107,Pushes away from failure,Air temperature [K],-1.4956183433532715,Pushes away from failure,Process temperature [K],-0.43486353754997253,Pushes away from failure,Type,-0.018447183072566986,Pushes away from failure
294,L,302.8,310.6,1670,29.1,2,0,0.00609413,0,Rotational speed [rpm],-3.0723891258239746,Pushes away from failure,Tool wear [min],-1.9082772731781006,Pushes away from failure,Torque [Nm],-0.7249509692192078,Pushes away from failure,Type,-0.1529163122177124,Pushes away from failure,Process temperature [K],-0.05905337631702423,Pushes away from failure,Air temperature [K],0.04894391447305679,Pushes toward failure
295,M,300.3,309.6,1524,38.4,54,0,0.0006864916,0,Torque [Nm],-2.513230562210083,Pushes away from failure,Tool wear [min],-2.11625075340271,Pushes away from failure,Rotational speed [rpm],-1.5180411338806152,Pushes away from failure,Air temperature [K],-1.0966132879257202,Pushes away from failure,Process temperature [K],-0.4527951180934906,Pushes away from failure,Type,-0.36062702536582947,Pushes away from failure
296,L,296.8,308.0,1510,39.4,29,0,0.00044755344,0,Torque [Nm],-2.829329013824463,Pushes away from failure,Tool wear [min],-2.1048166751861572,Pushes away from failure,Rotational speed [rpm],-1.7598942518234253,Pushes away from failure,Air temperature [K],-1.5524355173110962,Pushes away from failure,Process temperature [K],-0.24177056550979614,Pushes away from failure,Type,0.0026501475367695093,Pushes toward failure
297,M,302.3,311.7,1540,28.9,149,0,0.002794798,0,Rotational speed [rpm],-2.325575590133667,Pushes away from failure,Process temperature [K],-1.7206100225448608,Pushes away from failure,Tool wear [min],-1.3333395719528198,Pushes away from failure,Air temperature [K],-0.58780437707901,Pushes away from failure,Torque [Nm],-0.5535106658935547,Pushes away from failure,Type,-0.1306804120540619,Pushes away from failure
298,L,298.4,309.5,1450,47.9,112,0,0.00802314,0,Tool wear [min],-1.977164387702942,Pushes away from failure,Torque [Nm],-1.7368921041488647,Pushes away from failure,Air temperature [K],-1.1224805116653442,Pushes away from failure,Rotational speed [rpm],-0.8307806849479675,Pushes away from failure,Process temperature [K],0.044663507491350174,Pushes toward failure,Type,0.0309599656611681,Pushes toward failure
299,M,300.7,310.9,1486,38.9,106,0,0.0014434143,0,Torque [Nm],-2.234903573989868,Pushes away from failure,Tool wear [min],-1.893785834312439,Pushes away from failure,Rotational speed [rpm],-1.763503909111023,Pushes away from failure,Air temperature [K],-1.0852433443069458,Pushes away from failure,Type,-0.36246752738952637,Pushes away from failure,Process temperature [K],0.026279233396053314,Pushes toward failure
300,L,303.0,311.2,1664,29.8,186,0,0.0023104972,0,Rotational speed [rpm],-2.8326492309570312,Pushes away from failure,Torque [Nm],-2.4003539085388184,Pushes away from failure,Tool wear [min],-1.3717931509017944,Pushes away from failure,Process temperature [K],-0.6055856347084045,Pushes away from failure,Air temperature [K],0.5263885855674744,Pushes toward failure,Type,-0.15831251442432404,Pushes away from failure
301,L,300.5,309.8,1461,52.5,146,0,0.017413678,0,Tool wear [min],-1.7990399599075317,Pushes away from failure,Torque [Nm],-1.274510383605957,Pushes away from failure,Rotational speed [rpm],-1.2198951244354248,Pushes away from failure,Air temperature [K],-0.9698219895362854,Pushes away from failure,Process temperature [K],0.40118616819381714,Pushes toward failure,Type,0.05482443422079086,Pushes toward failure
302,H,299.9,309.6,1462,51.0,119,0,0.0015946196,0,Torque [Nm],-1.7783360481262207,Pushes away from failure,Tool wear [min],-1.7652360200881958,Pushes away from failure,Air temperature [K],-1.724520206451416,Pushes away from failure,Rotational speed [rpm],-1.3938180208206177,Pushes away from failure,Type,-0.5719808340072632,Pushes away from failure,Process temperature [K],0.020042020827531815,Pushes toward failure
303,M,302.2,311.3,1658,31.0,2,0,0.0002572533,0,Rotational speed [rpm],-3.1673550605773926,Pushes away from failure,Tool wear [min],-2.3176887035369873,Pushes away from failure,Torque [Nm],-1.922907829284668,Pushes away from failure,Process temperature [K],-1.149733066558838,Pushes away from failure,Air temperature [K],-0.37367773056030273,Pushes away from failure,Type,-0.1081530898809433,Pushes away from failure
304,L,301.0,311.0,1553,35.8,26,0,0.0007204974,0,Tool wear [min],-2.538264036178589,Pushes away from failure,Torque [Nm],-2.1776254177093506,Pushes away from failure,Rotational speed [rpm],-1.8453999757766724,Pushes away from failure,Air temperature [K],-0.7934911847114563,Pushes away from failure,Process temperature [K],-0.6029077172279358,Pushes away from failure,Type,-0.051483288407325745,Pushes away from failure
305,L,298.4,309.7,1530,38.6,161,0,0.0014437607,0,Torque [Nm],-2.5826187133789062,Pushes away from failure,Tool wear [min],-1.951210618019104,Pushes away from failure,Rotational speed [rpm],-1.718267560005188,Pushes away from failure,Air temperature [K],-0.9654126763343811,Pushes away from failure,Process temperature [K],-0.0998210608959198,Pushes away from failure,Type,0.003944111987948418,Pushes toward failure
306,M,300.3,311.7,1374,47.9,222,1,0.056555983,0,Tool wear [min],2.348768472671509,Pushes toward failure,Air temperature [K],-1.8792849779129028,Pushes away from failure,Torque [Nm],-1.6293188333511353,Pushes away from failure,Type,-1.328230619430542,Pushes away from failure,Process temperature [K],-1.100372076034546,Pushes away from failure,Rotational speed [rpm],-0.00019585434347391129,Pushes away from failure
307,L,297.0,308.1,1537,39.0,103,0,0.00049683615,0,Torque [Nm],-2.5963666439056396,Pushes away from failure,Tool wear [min],-2.2753186225891113,Pushes away from failure,Rotational speed [rpm],-1.8332829475402832,Pushes away from failure,Air temperature [K],-1.4960756301879883,Pushes away from failure,Process temperature [K],-0.16994842886924744,Pushes away from failure,Type,-0.010088722221553326,Pushes away from failure
308,L,297.2,308.6,1924,22.1,163,0,0.0015432965,0,Tool wear [min],-1.884633183479309,Pushes away from failure,Torque [Nm],-1.789506196975708,Pushes away from failure,Rotational speed [rpm],-1.6169480085372925,Pushes away from failure,Air temperature [K],-1.2508946657180786,Pushes away from failure,Process temperature [K],-0.6893302202224731,Pushes away from failure,Type,-0.015301717445254326,Pushes away from failure
309,L,304.1,313.6,1382,46.7,134,0,0.0034797331,0,Process temperature [K],-2.9843082427978516,Pushes away from failure,Tool wear [min],-2.032707452774048,Pushes away from failure,Torque [Nm],-1.5606187582015991,Pushes away from failure,Air temperature [K],1.1805623769760132,Pushes toward failure,Rotational speed [rpm],-0.9737250208854675,Pushes away from failure,Type,-0.060843102633953094,Pushes away from failure
310,L,298.9,308.5,1559,34.3,126,0,0.000925161,0,Torque [Nm],-2.7551770210266113,Pushes away from failure,Tool wear [min],-2.164872884750366,Pushes away from failure,Rotational speed [rpm],-1.7554184198379517,Pushes away from failure,Air temperature [K],-0.890801727771759,Pushes away from failure,Process temperature [K],-0.12911991775035858,Pushes away from failure,Type,-0.06355462968349457,Pushes away from failure
311,L,297.6,308.3,1658,34.3,59,0,0.00023158043,0,Torque [Nm],-2.775796413421631,Pushes away from failure,Tool wear [min],-2.3447890281677246,Pushes away from failure,Rotational speed [rpm],-2.246459484100342,Pushes away from failure,Air temperature [K],-1.421266794204712,Pushes away from failure,Process temperature [K],-0.2785494923591614,Pushes away from failure,Type,-0.07781556993722916,Pushes away from failure
312,L,301.7,311.2,1521,36.7,130,0,0.0004125074,0,Torque [Nm],-2.8190932273864746,Pushes away from failure,Tool wear [min],-2.25233793258667,Pushes away from failure,Rotational speed [rpm],-1.856008529663086,Pushes away from failure,Process temperature [K],-1.0586192607879639,Pushes away from failure,Air temperature [K],-0.5578320026397705,Pushes away from failure,Type,-0.023276105523109436,Pushes away from failure
313,M,299.9,309.5,1372,56.2,133,0,0.0033711994,0,Air temperature [K],-3.04091477394104,Pushes away from failure,Tool wear [min],-1.9182149171829224,Pushes away from failure,Torque [Nm],-1.1811376810073853,Pushes away from failure,Type,-0.7574689984321594,Pushes away from failure,Rotational speed [rpm],0.7262807488441467,Pushes toward failure,Process temperature [K],-0.2919808626174927,Pushes away from failure
314,M,301.3,311.1,1581,30.9,31,0,0.00036643652,0,Rotational speed [rpm],-2.3977339267730713,Pushes away from failure,Tool wear [min],-2.157059669494629,Pushes away from failure,Torque [Nm],-1.7944064140319824,Pushes away from failure,Air temperature [K],-1.2754905223846436,Pushes away from failure,Process temperature [K],-0.8835790753364563,Pushes away from failure,Type,-0.17737333476543427,Pushes away from failure
315,H,298.9,310.2,1771,26.8,216,0,0.045280717,0,Tool wear [min],2.571857213973999,Pushes toward failure,Torque [Nm],-2.111577033996582,Pushes away from failure,Rotational speed [rpm],-1.8367964029312134,Pushes away from failure,Type,-0.9265788197517395,Pushes away from failure,Air temperature [K],-0.8381962180137634,Pushes away from failure,Process temperature [K],-0.681571900844574,Pushes away from failure
316,L,299.0,308.3,1441,44.0,48,0,0.0033488043,0,Torque [Nm],-3.168855905532837,Pushes away from failure,Tool wear [min],-2.0735182762145996,Pushes away from failure,Air temperature [K],-1.0508489608764648,Pushes away from failure,Process temperature [K],-0.40712589025497437,Pushes away from failure,Rotational speed [rpm],0.24349051713943481,Pushes toward failure,Type,-0.013263742439448833,Pushes away from failure
317,M,297.4,308.0,1440,42.4,190,0,0.0018625277,0,Torque [Nm],-3.261911153793335,Pushes away from failure,Air temperature [K],-1.4919127225875854,Pushes away from failure,Tool wear [min],-1.2622181177139282,Pushes away from failure,Type,-0.50234454870224,Pushes away from failure,Process temperature [K],-0.4593779146671295,Pushes away from failure,Rotational speed [rpm],-0.08051842451095581,Pushes away from failure
318,L,297.0,308.1,1455,43.5,122,0,0.0005442944,0,Torque [Nm],-3.2332470417022705,Pushes away from failure,Tool wear [min],-2.102661371231079,Pushes away from failure,Air temperature [K],-1.612668514251709,Pushes away from failure,Rotational speed [rpm],-1.0696637630462646,Pushes away from failure,Process temperature [K],-0.27761536836624146,Pushes away from failure,Type,0.006053646560758352,Pushes toward failure
319,L,302.5,311.2,1227,60.1,167,0,0.6495941,1,Torque [Nm],1.5812937021255493,Pushes toward failure,Tool wear [min],-1.5138781070709229,Pushes away from failure,Process temperature [K],-1.1133897304534912,Pushes away from failure,Air temperature [K],0.7561092376708984,Pushes toward failure,Type,0.1061176210641861,Pushes toward failure,Rotational speed [rpm],0.02668028324842453,Pushes toward failure
320,L,298.2,308.8,1354,60.9,32,0,0.072710425,0,Tool wear [min],-2.607495069503784,Pushes away from failure,Air temperature [K],-2.4459962844848633,Pushes away from failure,Torque [Nm],1.786751627922058,Pushes toward failure,Process temperature [K],-0.2562931776046753,Pushes away from failure,Rotational speed [rpm],0.1987277865409851,Pushes toward failure,Type,0.004199041053652763,Pushes toward failure
321,M,297.1,307.9,1609,38.9,166,0,0.0005993053,0,Torque [Nm],-2.4274463653564453,Pushes away from failure,Tool wear [min],-1.8779594898223877,Pushes away from failure,Rotational speed [rpm],-1.7014544010162354,Pushes away from failure,Air temperature [K],-1.6422330141067505,Pushes away from failure,Type,-0.3631294369697571,Pushes away from failure,Process temperature [K],-0.18124446272850037,Pushes away from failure
322,L,299.2,309.0,1951,21.4,102,0,0.0045038434,0,Tool wear [min],-1.9498088359832764,Pushes away from failure,Torque [Nm],-1.6676366329193115,Pushes away from failure,Rotational speed [rpm],-1.5307806730270386,Pushes away from failure,Process temperature [K],-0.6299868822097778,Pushes away from failure,Air temperature [K],-0.37784722447395325,Pushes away from failure,Type,-0.016573801636695862,Pushes away from failure
323,M,301.0,310.6,1460,53.6,74,0,0.0046057734,0,Tool wear [min],-1.9297595024108887,Pushes away from failure,Rotational speed [rpm],-1.451610803604126,Pushes away from failure,Torque [Nm],-1.1108410358428955,Pushes away from failure,Air temperature [K],-1.0999493598937988,Pushes away from failure,Type,-0.5142937302589417,Pushes away from failure,Process temperature [K],-0.04369990527629852,Pushes away from failure
324,H,299.3,309.0,1508,35.0,70,0,0.0012513037,0,Torque [Nm],-2.229001760482788,Pushes away from failure,Tool wear [min],-2.1196165084838867,Pushes away from failure,Rotational speed [rpm],-1.4491639137268066,Pushes away from failure,Air temperature [K],-0.8357872366905212,Pushes away from failure,Process temperature [K],-0.45956578850746155,Pushes away from failure,Type,-0.3635048270225525,Pushes away from failure
325,L,303.5,312.0,1761,25.8,105,0,0.0013315089,0,Rotational speed [rpm],-3.557219982147217,Pushes away from failure,Torque [Nm],-2.573881149291992,Pushes away from failure,Tool wear [min],-1.590443730354309,Pushes away from failure,Air temperature [K],1.0406599044799805,Pushes toward failure,Process temperature [K],-0.5986513495445251,Pushes away from failure,Type,-0.11489782482385635,Pushes away from failure
326,M,301.0,312.2,1629,32.6,69,0,0.0002105415,0,Torque [Nm],-2.384434700012207,Pushes away from failure,Tool wear [min],-2.2199785709381104,Pushes away from failure,Rotational speed [rpm],-2.1293179988861084,Pushes away from failure,Process temperature [K],-1.5764678716659546,Pushes away from failure,Air temperature [K],-0.7369123697280884,Pushes away from failure,Type,-0.19283166527748108,Pushes away from failure
327,M,301.9,311.0,1467,48.1,43,0,0.005238109,0,Rotational speed [rpm],-2.4241857528686523,Pushes away from failure,Tool wear [min],-1.8272509574890137,Pushes away from failure,Torque [Nm],-0.9258926510810852,Pushes away from failure,Process temperature [K],-0.7781668901443481,Pushes away from failure,Type,-0.2194558084011078,Pushes away from failure,Air temperature [K],0.15408341586589813,Pushes toward failure
328,L,297.8,308.9,1871,25.6,200,1,0.0012418714,0,Torque [Nm],-2.3542518615722656,Pushes away from failure,Rotational speed [rpm],-2.255397319793701,Pushes away from failure,Air temperature [K],-1.1965900659561157,Pushes away from failure,Tool wear [min],-0.970700740814209,Pushes away from failure,Process temperature [K],-0.6861112117767334,Pushes away from failure,Type,-0.0011678151786327362,Pushes away from failure
329,L,298.1,309.4,1397,48.2,63,0,0.0035202405,0,Tool wear [min],-2.03210711479187,Pushes away from failure,Air temperature [K],-1.7006336450576782,Pushes away from failure,Torque [Nm],-1.500905990600586,Pushes away from failure,Rotational speed [rpm],-0.6701735258102417,Pushes away from failure,Process temperature [K],-0.5221942663192749,Pushes away from failure,Type,0.005989378318190575,Pushes toward failure
330,L,296.6,307.4,1389,42.7,48,0,0.0009848112,0,Torque [Nm],-3.361912250518799,Pushes away from failure,Tool wear [min],-1.9219653606414795,Pushes away from failure,Air temperature [K],-1.4884672164916992,Pushes away from failure,Rotational speed [rpm],-0.8667120337486267,Pushes away from failure,Type,-0.04568908363580704,Pushes away from failure,Process temperature [K],-0.011656567454338074,Pushes away from failure
331,L,296.6,307.5,1439,45.5,199,0,0.010171299,0,Torque [Nm],-2.242830514907837,Pushes away from failure,Air temperature [K],-1.6039193868637085,Pushes away from failure,Tool wear [min],-1.2679682970046997,Pushes away from failure,Process temperature [K],-0.5877010822296143,Pushes away from failure,Rotational speed [rpm],0.33995527029037476,Pushes toward failure,Type,0.010177422314882278,Pushes toward failure
332,L,302.5,310.5,1436,36.5,43,0,0.0057926374,0,Torque [Nm],-2.9049439430236816,Pushes away from failure,Rotational speed [rpm],-2.127408027648926,Pushes away from failure,Tool wear [min],-1.5795990228652954,Pushes away from failure,Air temperature [K],0.4508497714996338,Pushes toward failure,Process temperature [K],0.31651878356933594,Pushes toward failure,Type,-0.07509928941726685,Pushes away from failure
333,M,298.2,308.8,1607,31.9,39,0,0.00032031813,0,Torque [Nm],-2.729745626449585,Pushes away from failure,Rotational speed [rpm],-2.0343902111053467,Pushes away from failure,Tool wear [min],-2.0305585861206055,Pushes away from failure,Air temperature [K],-1.2552093267440796,Pushes away from failure,Process temperature [K],-0.46775978803634644,Pushes away from failure,Type,-0.3025362193584442,Pushes away from failure
334,L,302.2,311.3,1602,32.8,120,0,0.00013836975,0,Rotational speed [rpm],-3.0163400173187256,Pushes away from failure,Torque [Nm],-2.9325621128082275,Pushes away from failure,Tool wear [min],-2.0323798656463623,Pushes away from failure,Process temperature [K],-1.2271766662597656,Pushes away from failure,Air temperature [K],-0.37453746795654297,Pushes away from failure,Type,-0.07677172124385834,Pushes away from failure
335,M,302.3,311.0,1578,33.5,158,0,0.00066925096,0,Torque [Nm],-2.6621689796447754,Pushes away from failure,Rotational speed [rpm],-2.5980727672576904,Pushes away from failure,Tool wear [min],-1.8039569854736328,Pushes away from failure,Process temperature [K],-0.8617781400680542,Pushes away from failure,Type,-0.15216854214668274,Pushes away from failure,Air temperature [K],-0.004862659145146608,Pushes away from failure
336,L,302.3,311.1,1373,53.0,181,0,0.29007754,0,Rotational speed [rpm],1.7345781326293945,Pushes toward failure,Tool wear [min],-1.6385388374328613,Pushes away from failure,Process temperature [K],-1.5412286520004272,Pushes away from failure,Torque [Nm],-0.8286759257316589,Pushes away from failure,Air temperature [K],0.5366727113723755,Pushes toward failure,Type,0.0678621232509613,Pushes toward failure
337,M,296.3,307.2,1446,45.9,180,0,0.002550234,0,Torque [Nm],-2.312978982925415,Pushes away from failure,Air temperature [K],-1.695088505744934,Pushes away from failure,Tool wear [min],-1.1196553707122803,Pushes away from failure,Rotational speed [rpm],-0.8121725916862488,Pushes away from failure,Type,-0.4794672131538391,Pushes away from failure,Process temperature [K],-0.3239816129207611,Pushes away from failure
338,L,298.7,308.5,1668,35.2,77,0,0.0011329607,0,Torque [Nm],-2.421527624130249,Pushes away from failure,Rotational speed [rpm],-1.8895549774169922,Pushes away from failure,Tool wear [min],-1.7893714904785156,Pushes away from failure,Air temperature [K],-1.0273957252502441,Pushes away from failure,Process temperature [K],-0.323324590921402,Pushes away from failure,Type,-0.10493834316730499,Pushes away from failure
339,L,299.8,309.2,1491,47.5,216,0,0.05870175,0,Tool wear [min],2.581317901611328,Pushes toward failure,Torque [Nm],-1.9737844467163086,Pushes away from failure,Rotational speed [rpm],-1.7279542684555054,Pushes away from failure,Air temperature [K],-1.343926191329956,Pushes away from failure,Process temperature [K],-1.1337758302688599,Pushes away from failure,Type,0.04900595545768738,Pushes toward failure
340,L,304.4,313.6,1507,43.1,13,0,0.0015194917,0,Torque [Nm],-2.8860116004943848,Pushes away from failure,Tool wear [min],-2.120285987854004,Pushes away from failure,Rotational speed [rpm],-2.0908761024475098,Pushes away from failure,Process temperature [K],-1.6939250230789185,Pushes away from failure,Air temperature [K],1.568088173866272,Pushes toward failure,Type,-0.03917216882109642,Pushes away from failure
341,M,298.3,309.1,1488,40.6,176,0,0.0015830059,0,Torque [Nm],-2.9446096420288086,Pushes away from failure,Rotational speed [rpm],-1.4097981452941895,Pushes away from failure,Air temperature [K],-1.2231194972991943,Pushes away from failure,Tool wear [min],-1.0003390312194824,Pushes away from failure,Process temperature [K],-0.33375200629234314,Pushes away from failure,Type,-0.30955052375793457,Pushes away from failure
342,L,301.6,310.6,1455,43.9,0,0,0.0024174051,0,Torque [Nm],-2.901329755783081,Pushes away from failure,Tool wear [min],-1.9811294078826904,Pushes away from failure,Rotational speed [rpm],-1.6331117153167725,Pushes away from failure,Air temperature [K],-0.3372429311275482,Pushes away from failure,Type,0.029085293412208557,Pushes toward failure,Process temperature [K],0.02676471322774887,Pushes toward failure
343,L,298.2,308.2,1407,47.1,153,0,0.0017395614,0,Torque [Nm],-2.1199896335601807,Pushes away from failure,Tool wear [min],-2.05570912361145,Pushes away from failure,Air temperature [K],-1.5617263317108154,Pushes away from failure,Rotational speed [rpm],-0.9668915271759033,Pushes away from failure,Process temperature [K],-0.410863995552063,Pushes away from failure,Type,-0.011526703834533691,Pushes away from failure
344,M,299.8,310.8,1463,43.5,156,0,0.0004637259,0,Torque [Nm],-3.1992270946502686,Pushes away from failure,Tool wear [min],-1.681166172027588,Pushes away from failure,Rotational speed [rpm],-1.475854516029358,Pushes away from failure,Air temperature [K],-1.4222517013549805,Pushes away from failure,Type,-0.34924939274787903,Pushes away from failure,Process temperature [K],-0.322329580783844,Pushes away from failure
345,L,300.0,309.0,1454,51.7,2,0,0.0016115162,0,Tool wear [min],-2.712656021118164,Pushes away from failure,Air temperature [K],-1.6533195972442627,Pushes away from failure,Torque [Nm],-1.5911091566085815,Pushes away from failure,Rotational speed [rpm],-0.7220191359519958,Pushes away from failure,Process temperature [K],-0.5651069283485413,Pushes away from failure,Type,0.04091619327664375,Pushes toward failure
346,M,299.1,308.2,1435,45.2,45,0,0.009295383,0,Tool wear [min],-1.7140485048294067,Pushes away from failure,Torque [Nm],-1.4264719486236572,Pushes away from failure,Air temperature [K],-1.2044177055358887,Pushes away from failure,Rotational speed [rpm],-0.47437435388565063,Pushes away from failure,Process temperature [K],-0.33158913254737854,Pushes away from failure,Type,-0.29232192039489746,Pushes away from failure
347,L,298.2,308.2,1469,43.0,88,0,0.00043675615,0,Torque [Nm],-3.334851026535034,Pushes away from failure,Tool wear [min],-2.1820425987243652,Pushes away from failure,Rotational speed [rpm],-1.5839449167251587,Pushes away from failure,Air temperature [K],-1.2403651475906372,Pushes away from failure,Process temperature [K],-0.16569432616233826,Pushes away from failure,Type,-0.0031271534971892834,Pushes away from failure
348,L,300.1,309.7,1441,40.1,46,0,0.0049598725,0,Torque [Nm],-2.7892186641693115,Pushes away from failure,Tool wear [min],-1.7843936681747437,Pushes away from failure,Air temperature [K],-1.5013660192489624,Pushes away from failure,Process temperature [K],-0.3020709455013275,Pushes away from failure,Rotational speed [rpm],0.2870557904243469,Pushes toward failure,Type,0.014267245307564735,Pushes toward failure
349,L,299.0,310.1,1623,33.0,210,0,0.032371286,0,Rotational speed [rpm],-2.587738037109375,Pushes away from failure,Torque [Nm],-2.4539599418640137,Pushes away from failure,Tool wear [min],2.324986696243286,Pushes toward failure,Air temperature [K],-0.8008018136024475,Pushes away from failure,Process temperature [K],-0.6644035577774048,Pushes away from failure,Type,0.010013530030846596,Pushes toward failure
350,H,296.9,307.8,1549,37.8,104,0,0.0022506434,0,Tool wear [min],-2.217775821685791,Pushes away from failure,Torque [Nm],-2.101630687713623,Pushes away from failure,Air temperature [K],-1.3489588499069214,Pushes away from failure,Rotational speed [rpm],-1.256324052810669,Pushes away from failure,Process temperature [K],0.4201638996601105,Pushes toward failure,Type,-0.3640846312046051,Pushes away from failure
351,H,301.7,310.1,1462,38.3,49,0,0.0010071482,0,Torque [Nm],-2.5849175453186035,Pushes away from failure,Rotational speed [rpm],-2.4102375507354736,Pushes away from failure,Tool wear [min],-1.8162935972213745,Pushes away from failure,Type,-0.6884191632270813,Pushes away from failure,Air temperature [K],-0.28005632758140564,Pushes away from failure,Process temperature [K],0.10597654432058334,Pushes toward failure
352,L,296.3,307.3,1567,31.4,5,0,0.00089747016,0,Torque [Nm],-2.6916229724884033,Pushes away from failure,Tool wear [min],-2.406068801879883,Pushes away from failure,Rotational speed [rpm],-1.9209167957305908,Pushes away from failure,Air temperature [K],-1.1970624923706055,Pushes away from failure,Process temperature [K],0.4835989773273468,Pushes toward failure,Type,-0.0572906956076622,Pushes away from failure
353,M,298.2,308.7,1426,42.6,23,0,0.0019876976,0,Torque [Nm],-3.000401258468628,Pushes away from failure,Tool wear [min],-1.6123539209365845,Pushes away from failure,Air temperature [K],-1.3200639486312866,Pushes away from failure,Rotational speed [rpm],-0.49806341528892517,Pushes away from failure,Process temperature [K],-0.30030614137649536,Pushes away from failure,Type,-0.26192507147789,Pushes away from failure
354,L,300.8,312.0,1477,37.3,164,0,0.00046834862,0,Torque [Nm],-2.7348337173461914,Pushes away from failure,Tool wear [min],-1.9950298070907593,Pushes away from failure,Rotational speed [rpm],-1.5436028242111206,Pushes away from failure,Process temperature [K],-1.0885273218154907,Pushes away from failure,Air temperature [K],-1.087631344795227,Pushes away from failure,Type,0.009472687728703022,Pushes toward failure
355,L,298.9,308.4,1301,51.1,138,0,0.002854351,0,Tool wear [min],-2.426363945007324,Pushes away from failure,Air temperature [K],-2.3282124996185303,Pushes away from failure,Torque [Nm],-1.7865822315216064,Pushes away from failure,Process temperature [K],-0.38616374135017395,Pushes away from failure,Rotational speed [rpm],0.18374593555927277,Pushes toward failure,Type,0.11320193111896515,Pushes toward failure
356,L,300.2,311.5,1383,42.1,60,0,0.00040852223,0,Torque [Nm],-3.1754424571990967,Pushes away from failure,Tool wear [min],-2.0807230472564697,Pushes away from failure,Air temperature [K],-1.6204243898391724,Pushes away from failure,Process temperature [K],-1.0761743783950806,Pushes away from failure,Rotational speed [rpm],-0.618609607219696,Pushes away from failure,Type,-0.0055044181644916534,Pushes away from failure
357,H,299.0,310.1,1555,38.6,118,0,0.0006024635,0,Torque [Nm],-2.4634861946105957,Pushes away from failure,Tool wear [min],-1.8915594816207886,Pushes away from failure,Rotational speed [rpm],-1.8336292505264282,Pushes away from failure,Air temperature [K],-1.2002973556518555,Pushes away from failure,Type,-0.563226044178009,Pushes away from failure,Process temperature [K],-0.23600469529628754,Pushes away from failure
358,M,300.1,309.5,1462,42.8,50,0,0.00040552413,0,Torque [Nm],-3.224722385406494,Pushes away from failure,Tool wear [min],-1.8219190835952759,Pushes away from failure,Rotational speed [rpm],-1.548344373703003,Pushes away from failure,Air temperature [K],-1.4727774858474731,Pushes away from failure,Type,-0.36667102575302124,Pushes away from failure,Process temperature [K],-0.14981533586978912,Pushes away from failure
359,L,300.7,310.8,1754,27.7,84,0,0.0019095162,0,Rotational speed [rpm],-2.2987308502197266,Pushes away from failure,Torque [Nm],-1.996801733970642,Pushes away from failure,Tool wear [min],-1.7630594968795776,Pushes away from failure,Air temperature [K],-0.9221494793891907,Pushes away from failure,Type,-0.049240872263908386,Pushes away from failure,Process temperature [K],-0.003333957865834236,Pushes away from failure
360,H,296.7,307.4,1661,34.2,109,0,0.0021802753,0,Torque [Nm],-2.3900811672210693,Pushes away from failure,Rotational speed [rpm],-1.9230409860610962,Pushes away from failure,Tool wear [min],-1.8477228879928589,Pushes away from failure,Air temperature [K],-1.166693925857544,Pushes away from failure,Process temperature [K],0.5972496867179871,Pushes toward failure,Type,-0.1701570749282837,Pushes away from failure
361,L,298.0,308.5,1461,48.0,68,0,0.00080312917,0,Tool wear [min],-2.262681722640991,Pushes away from failure,Torque [Nm],-1.9053210020065308,Pushes away from failure,Rotational speed [rpm],-1.6398712396621704,Pushes away from failure,Air temperature [K],-1.553348422050476,Pushes away from failure,Process temperature [K],-0.5400658845901489,Pushes away from failure,Type,0.000770029379054904,Pushes toward failure
362,L,297.8,307.8,1396,42.5,23,0,0.0008932256,0,Torque [Nm],-3.2462804317474365,Pushes away from failure,Tool wear [min],-2.0623841285705566,Pushes away from failure,Air temperature [K],-1.6337230205535889,Pushes away from failure,Rotational speed [rpm],-0.8313488960266113,Pushes away from failure,Type,-0.017955241724848747,Pushes away from failure,Process temperature [K],-0.002413630485534668,Pushes away from failure
363,M,297.8,307.5,1405,46.9,113,0,0.001634538,0,Torque [Nm],-2.186420440673828,Pushes away from failure,Air temperature [K],-1.8638705015182495,Pushes away from failure,Tool wear [min],-1.740478754043579,Pushes away from failure,Rotational speed [rpm],-0.7169034481048584,Pushes away from failure,Type,-0.39754003286361694,Pushes away from failure,Process temperature [K],-0.2838725447654724,Pushes away from failure
364,L,303.8,313.2,1336,47.8,176,0,0.05277402,0,Process temperature [K],-3.7450671195983887,Pushes away from failure,Air temperature [K],1.9378570318222046,Pushes toward failure,Tool wear [min],-1.608027458190918,Pushes away from failure,Torque [Nm],-1.2842931747436523,Pushes away from failure,Rotational speed [rpm],1.0413471460342407,Pushes toward failure,Type,-0.0036614714190363884,Pushes away from failure
365,L,300.8,310.9,1748,29.9,140,0,0.0012572214,0,Rotational speed [rpm],-2.2246782779693604,Pushes away from failure,Tool wear [min],-2.1628410816192627,Pushes away from failure,Torque [Nm],-2.1155624389648438,Pushes away from failure,Air temperature [K],-1.0736902952194214,Pushes away from failure,Process temperature [K],0.18598449230194092,Pushes toward failure,Type,-0.06113043427467346,Pushes away from failure
366,L,301.5,309.8,1549,38.5,81,0,0.0031383617,0,Torque [Nm],-2.4366116523742676,Pushes away from failure,Tool wear [min],-1.777905821800232,Pushes away from failure,Rotational speed [rpm],-1.7574166059494019,Pushes away from failure,Air temperature [K],-0.9581969380378723,Pushes away from failure,Process temperature [K],0.46108439564704895,Pushes toward failure,Type,-0.06618811935186386,Pushes away from failure
367,M,296.4,307.4,1416,50.0,210,0,0.050254118,0,Tool wear [min],2.2092177867889404,Pushes toward failure,Torque [Nm],-2.1095025539398193,Pushes away from failure,Air temperature [K],-1.5188087224960327,Pushes away from failure,Type,-1.1784725189208984,Pushes away from failure,Rotational speed [rpm],-0.9503865242004395,Pushes away from failure,Process temperature [K],-0.1654762476682663,Pushes away from failure
368,L,298.0,308.3,1362,56.8,216,1,0.9938466,1,Tool wear [min],3.698836326599121,Pushes toward failure,Air temperature [K],-1.595750331878662,Pushes away from failure,Torque [Nm],1.3190447092056274,Pushes toward failure,Rotational speed [rpm],0.5849813222885132,Pushes toward failure,Type,0.34861332178115845,Pushes toward failure,Process temperature [K],-0.045471277087926865,Pushes away from failure
369,L,298.4,308.0,1540,37.8,7,0,0.0013527038,0,Tool wear [min],-2.5452253818511963,Pushes away from failure,Torque [Nm],-1.9575839042663574,Pushes away from failure,Rotational speed [rpm],-1.936882495880127,Pushes away from failure,Air temperature [K],-0.7924703359603882,Pushes away from failure,Process temperature [K],-0.12677569687366486,Pushes away from failure,Type,-0.019685251638293266,Pushes away from failure
370,L,302.6,311.9,1453,39.1,84,0,0.0019776744,0,Torque [Nm],-2.8662779331207275,Pushes away from failure,Tool wear [min],-2.0623116493225098,Pushes away from failure,Rotational speed [rpm],-1.8026237487792969,Pushes away from failure,Process temperature [K],-0.8012557029724121,Pushes away from failure,Air temperature [K],0.5309540033340454,Pushes toward failure,Type,0.003333059139549732,Pushes toward failure
371,L,298.1,307.4,1608,33.9,193,0,0.0033583255,0,Torque [Nm],-2.7907679080963135,Pushes away from failure,Rotational speed [rpm],-2.0005393028259277,Pushes away from failure,Tool wear [min],-1.2581074237823486,Pushes away from failure,Air temperature [K],-0.9441112875938416,Pushes away from failure,Process temperature [K],0.5395771861076355,Pushes toward failure,Type,-0.013324368745088577,Pushes away from failure
372,L,297.3,309.0,1548,37.4,171,0,0.0006132015,0,Torque [Nm],-2.8640384674072266,Pushes away from failure,Tool wear [min],-1.719631314277649,Pushes away from failure,Air temperature [K],-1.5373669862747192,Pushes away from failure,Rotational speed [rpm],-1.4300248622894287,Pushes away from failure,Process temperature [K],-0.5477542877197266,Pushes away from failure,Type,-0.07171318680047989,Pushes away from failure
373,H,298.3,308.6,1432,49.5,91,0,0.0015395699,0,Torque [Nm],-2.2051777839660645,Pushes away from failure,Tool wear [min],-2.0418410301208496,Pushes away from failure,Air temperature [K],-1.44961678981781,Pushes away from failure,Rotational speed [rpm],-0.6112560629844666,Pushes away from failure,Type,-0.49388235807418823,Pushes away from failure,Process temperature [K],-0.44725918769836426,Pushes away from failure
374,L,300.3,311.5,1378,47.5,64,0,0.005047387,0,Air temperature [K],-2.099668264389038,Pushes away from failure,Tool wear [min],-1.9627476930618286,Pushes away from failure,Torque [Nm],-1.6749608516693115,Pushes away from failure,Process temperature [K],-0.9291959404945374,Pushes away from failure,Rotational speed [rpm],0.561889111995697,Pushes toward failure,Type,0.04653671756386757,Pushes toward failure
375,L,301.3,310.8,1390,57.4,164,0,0.020186404,0,Tool wear [min],-2.5639383792877197,Pushes away from failure,Air temperature [K],-1.3235973119735718,Pushes away from failure,Rotational speed [rpm],-1.0191693305969238,Pushes away from failure,Torque [Nm],0.46601036190986633,Pushes toward failure,Process temperature [K],-0.2867971658706665,Pushes away from failure,Type,0.0708148404955864,Pushes toward failure
376,M,297.3,308.4,1521,38.2,87,0,0.00045014458,0,Torque [Nm],-2.6894705295562744,Pushes away from failure,Tool wear [min],-2.19095778465271,Pushes away from failure,Air temperature [K],-1.6499454975128174,Pushes away from failure,Rotational speed [rpm],-1.4501229524612427,Pushes away from failure,Type,-0.3000439405441284,Pushes away from failure,Process temperature [K],-0.1992768794298172,Pushes away from failure
377,M,300.2,310.1,1550,38.7,45,0,0.00076546404,0,Torque [Nm],-2.4396657943725586,Pushes away from failure,Tool wear [min],-2.0124354362487793,Pushes away from failure,Rotational speed [rpm],-1.702860713005066,Pushes away from failure,Air temperature [K],-1.346170425415039,Pushes away from failure,Type,-0.2570537030696869,Pushes away from failure,Process temperature [K],-0.19040045142173767,Pushes away from failure
378,L,300.5,309.8,1345,62.7,153,0,0.4871509,0,Torque [Nm],2.386662006378174,Pushes toward failure,Tool wear [min],-2.0358293056488037,Pushes away from failure,Air temperature [K],-1.5245686769485474,Pushes away from failure,Process temperature [K],0.33315861225128174,Pushes toward failure,Type,0.03030453994870186,Pushes toward failure,Rotational speed [rpm],-0.01546088419854641,Pushes away from failure
379,L,297.4,308.6,1459,41.3,196,0,0.0020529393,0,Torque [Nm],-2.769482135772705,Pushes away from failure,Rotational speed [rpm],-1.5285769701004028,Pushes away from failure,Tool wear [min],-1.2458795309066772,Pushes away from failure,Air temperature [K],-1.1439945697784424,Pushes away from failure,Process temperature [K],-0.3031921684741974,Pushes away from failure,Type,0.030370833352208138,Pushes toward failure
380,L,296.8,308.0,1666,29.8,41,0,0.0006205285,0,Torque [Nm],-2.277292251586914,Pushes away from failure,Tool wear [min],-2.095761775970459,Pushes away from failure,Rotational speed [rpm],-1.8005034923553467,Pushes away from failure,Air temperature [K],-1.5724202394485474,Pushes away from failure,Process temperature [K],-0.3440357744693756,Pushes away from failure,Type,-0.06863182783126831,Pushes away from failure
381,M,298.8,310.5,1678,32.8,4,0,0.00041763534,0,Torque [Nm],-2.5975382328033447,Pushes away from failure,Tool wear [min],-2.095449447631836,Pushes away from failure,Rotational speed [rpm],-1.9609408378601074,Pushes away from failure,Air temperature [K],-1.2675399780273438,Pushes away from failure,Process temperature [K],-0.3924020528793335,Pushes away from failure,Type,-0.24093763530254364,Pushes away from failure
382,L,298.7,309.7,1547,37.4,0,0,0.00049415673,0,Torque [Nm],-2.813410997390747,Pushes away from failure,Tool wear [min],-2.3998525142669678,Pushes away from failure,Rotational speed [rpm],-1.950044870376587,Pushes away from failure,Air temperature [K],-0.9080097079277039,Pushes away from failure,Process temperature [K],-0.2510891854763031,Pushes away from failure,Type,-0.06408154219388962,Pushes away from failure
383,M,300.6,310.7,1654,32.0,180,0,0.0016588997,0,Torque [Nm],-2.62501859664917,Pushes away from failure,Rotational speed [rpm],-2.1564602851867676,Pushes away from failure,Tool wear [min],-1.3938735723495483,Pushes away from failure,Air temperature [K],-0.5770573019981384,Pushes away from failure,Type,-0.32876908779144287,Pushes away from failure,Process temperature [K],-0.09308471530675888,Pushes away from failure
384,M,301.5,311.1,1660,33.8,115,0,0.000256066,0,Torque [Nm],-2.509333610534668,Pushes away from failure,Rotational speed [rpm],-2.332381010055542,Pushes away from failure,Tool wear [min],-1.9555258750915527,Pushes away from failure,Air temperature [K],-1.1487560272216797,Pushes away from failure,Process temperature [K],-0.8898760676383972,Pushes away from failure,Type,-0.20827245712280273,Pushes away from failure
385,L,298.4,308.0,1515,42.8,125,0,0.00058467,0,Torque [Nm],-3.3027586936950684,Pushes away from failure,Tool wear [min],-2.1786632537841797,Pushes away from failure,Rotational speed [rpm],-1.580358624458313,Pushes away from failure,Air temperature [K],-0.9722880125045776,Pushes away from failure,Process temperature [K],-0.19278818368911743,Pushes away from failure,Type,0.00865202583372593,Pushes toward failure
386,L,299.5,309.1,1415,49.2,8,0,0.0016541634,0,Tool wear [min],-2.2139012813568115,Pushes away from failure,Torque [Nm],-1.8477497100830078,Pushes away from failure,Air temperature [K],-1.3449205160140991,Pushes away from failure,Rotational speed [rpm],-1.0506606101989746,Pushes away from failure,Process temperature [K],-0.7086927890777588,Pushes away from failure,Type,-0.011205317452549934,Pushes away from failure
387,L,301.5,310.6,1522,41.0,114,0,0.00066746876,0,Torque [Nm],-2.774559736251831,Pushes away from failure,Rotational speed [rpm],-2.1510469913482666,Pushes away from failure,Tool wear [min],-1.920731782913208,Pushes away from failure,Air temperature [K],-1.0638420581817627,Pushes away from failure,Process temperature [K],-0.171904519200325,Pushes away from failure,Type,-0.0035912422463297844,Pushes away from failure
388,M,298.7,309.8,1501,44.7,48,0,0.0013987921,0,Torque [Nm],-2.085749626159668,Pushes away from failure,Rotational speed [rpm],-1.9481500387191772,Pushes away from failure,Tool wear [min],-1.806207537651062,Pushes away from failure,Air temperature [K],-1.2620521783828735,Pushes away from failure,Type,-0.5389037132263184,Pushes away from failure,Process temperature [K],0.2959933578968048,Pushes toward failure
389,L,302.6,310.4,1359,57.2,67,1,0.99086374,1,Air temperature [K],2.2443389892578125,Pushes toward failure,Rotational speed [rpm],2.0282771587371826,Pushes toward failure,Tool wear [min],-1.679599642753601,Pushes away from failure,Process temperature [K],0.7991383075714111,Pushes toward failure,Torque [Nm],0.4666966497898102,Pushes toward failure,Type,0.05315031483769417,Pushes toward failure
390,L,304.0,313.3,1519,36.7,117,0,0.0010019768,0,Torque [Nm],-2.597414493560791,Pushes away from failure,Tool wear [min],-2.1594791412353516,Pushes away from failure,Process temperature [K],-1.997997522354126,Pushes away from failure,Rotational speed [rpm],-1.8571081161499023,Pushes away from failure,Air temperature [K],0.9992085695266724,Pushes toward failure,Type,-0.06631280481815338,Pushes away from failure
391,L,301.1,310.8,1274,55.7,169,0,0.015461789,0,Air temperature [K],-2.2273998260498047,Pushes away from failure,Tool wear [min],-2.2032957077026367,Pushes away from failure,Torque [Nm],-0.611152708530426,Pushes away from failure,Process temperature [K],-0.22439266741275787,Pushes away from failure,Rotational speed [rpm],0.1899619698524475,Pushes toward failure,Type,0.148153617978096,Pushes toward failure
392,L,299.0,310.2,1372,48.0,174,0,0.07410907,0,Air temperature [K],-2.33882999420166,Pushes away from failure,Tool wear [min],-1.5792940855026245,Pushes away from failure,Rotational speed [rpm],1.3369626998901367,Pushes toward failure,Torque [Nm],-1.2154970169067383,Pushes away from failure,Process temperature [K],0.39717304706573486,Pushes toward failure,Type,0.09994320571422577,Pushes toward failure
393,L,302.7,310.5,1642,30.8,195,0,0.0027053645,0,Rotational speed [rpm],-3.5022454261779785,Pushes away from failure,Torque [Nm],-2.360914468765259,Pushes away from failure,Tool wear [min],-1.2420512437820435,Pushes away from failure,Air temperature [K],0.6668245196342468,Pushes toward failure,Process temperature [K],-0.17216821014881134,Pushes away from failure,Type,-0.07358036935329437,Pushes away from failure
394,L,300.5,310.5,1452,42.9,29,0,0.0017424013,0,Torque [Nm],-3.0731289386749268,Pushes away from failure,Tool wear [min],-1.83951735496521,Pushes away from failure,Rotational speed [rpm],-1.0561745166778564,Pushes away from failure,Air temperature [K],-0.9960752129554749,Pushes away from failure,Process temperature [K],-0.17775551974773407,Pushes away from failure,Type,0.01757918670773506,Pushes toward failure
395,L,300.2,309.7,1421,44.6,17,0,0.0051249955,0,Torque [Nm],-1.9372448921203613,Pushes away from failure,Air temperature [K],-1.9196051359176636,Pushes away from failure,Tool wear [min],-1.7014844417572021,Pushes away from failure,Type,-0.2614900767803192,Pushes away from failure,Process temperature [K],-0.19404283165931702,Pushes away from failure,Rotational speed [rpm],-0.02894490212202072,Pushes away from failure
396,M,303.6,312.0,1645,35.7,81,0,0.0029863152,0,Rotational speed [rpm],-3.6043343544006348,Pushes away from failure,Torque [Nm],-2.045929193496704,Pushes away from failure,Tool wear [min],-1.7700896263122559,Pushes away from failure,Air temperature [K],1.720140814781189,Pushes toward failure,Process temperature [K],-0.6546671390533447,Pushes away from failure,Type,-0.23017095029354095,Pushes away from failure
397,L,298.2,308.8,1540,34.8,32,0,0.00044027227,0,Torque [Nm],-2.5836455821990967,Pushes away from failure,Tool wear [min],-2.1597416400909424,Pushes away from failure,Rotational speed [rpm],-1.9357860088348389,Pushes away from failure,Air temperature [K],-1.176361322402954,Pushes away from failure,Process temperature [K],-0.6048334836959839,Pushes away from failure,Type,-0.041634827852249146,Pushes away from failure
398,H,300.0,309.5,1781,24.9,70,0,0.0012881346,0,Rotational speed [rpm],-2.0075016021728516,Pushes away from failure,Torque [Nm],-1.971000075340271,Pushes away from failure,Tool wear [min],-1.8624820709228516,Pushes away from failure,Air temperature [K],-1.0681684017181396,Pushes away from failure,Type,-0.5650249719619751,Pushes away from failure,Process temperature [K],0.046583231538534164,Pushes toward failure
399,M,300.2,309.6,1528,35.1,44,0,0.000489102,0,Torque [Nm],-2.4654104709625244,Pushes away from failure,Tool wear [min],-2.066636562347412,Pushes away from failure,Rotational speed [rpm],-1.722848892211914,Pushes away from failure,Air temperature [K],-1.3365790843963623,Pushes away from failure,Process temperature [K],-0.45017531514167786,Pushes away from failure,Type,-0.355127215385437,Pushes away from failure
400,L,300.2,311.5,1500,40.8,17,0,0.00029140562,0,Torque [Nm],-2.697533369064331,Pushes away from failure,Tool wear [min],-2.2279856204986572,Pushes away from failure,Rotational speed [rpm],-1.9249956607818604,Pushes away from failure,Air temperature [K],-1.2649273872375488,Pushes away from failure,Process temperature [K],-0.7994439005851746,Pushes away from failure,Type,6.009452044963837e-05,Pushes toward failure
401,M,298.8,308.5,1510,38.7,66,0,0.0012385484,0,Torque [Nm],-2.4782016277313232,Pushes away from failure,Tool wear [min],-2.177492380142212,Pushes away from failure,Rotational speed [rpm],-1.4900290966033936,Pushes away from failure,Air temperature [K],-0.8811709880828857,Pushes away from failure,Type,-0.3021722733974457,Pushes away from failure,Process temperature [K],-0.13783617317676544,Pushes away from failure
402,L,301.9,309.6,1446,43.2,225,0,0.24463218,0,Torque [Nm],-3.544863224029541,Pushes away from failure,Tool wear [min],3.0421764850616455,Pushes toward failure,Rotational speed [rpm],-0.7041146159172058,Pushes away from failure,Process temperature [K],-0.4429599940776825,Pushes away from failure,Air temperature [K],-0.30274245142936707,Pushes away from failure,Type,0.050730615854263306,Pushes toward failure
403,M,300.0,309.3,1932,21.8,135,0,0.004492279,0,Tool wear [min],-1.7931674718856812,Pushes away from failure,Torque [Nm],-1.5334233045578003,Pushes away from failure,Rotational speed [rpm],-1.2757041454315186,Pushes away from failure,Air temperature [K],-0.9706935286521912,Pushes away from failure,Process temperature [K],-0.4010515809059143,Pushes away from failure,Type,-0.2011740505695343,Pushes away from failure
404,M,301.8,310.2,1609,34.2,217,0,0.07711641,0,Tool wear [min],2.531867265701294,Pushes toward failure,Torque [Nm],-2.5041048526763916,Pushes away from failure,Rotational speed [rpm],-2.1703577041625977,Pushes away from failure,Type,-0.5011917352676392,Pushes away from failure,Process temperature [K],-0.48178717494010925,Pushes away from failure,Air temperature [K],-0.1309337615966797,Pushes away from failure
405,M,295.8,306.6,1480,43.2,92,0,0.00055426534,0,Torque [Nm],-3.4418153762817383,Pushes away from failure,Tool wear [min],-1.6757338047027588,Pushes away from failure,Rotational speed [rpm],-1.595282793045044,Pushes away from failure,Air temperature [K],-1.3736684322357178,Pushes away from failure,Type,-0.3276965022087097,Pushes away from failure,Process temperature [K],0.14255772531032562,Pushes toward failure
406,M,302.7,310.5,1398,47.3,70,0,0.22385032,0,Rotational speed [rpm],-1.7736470699310303,Pushes away from failure,Air temperature [K],1.5236719846725464,Pushes toward failure,Tool wear [min],-1.2720379829406738,Pushes away from failure,Torque [Nm],-0.7623911499977112,Pushes away from failure,Process temperature [K],0.4794502258300781,Pushes toward failure,Type,-0.2127390205860138,Pushes away from failure
407,L,301.3,311.1,1303,49.2,212,0,0.14442684,0,Tool wear [min],2.0523695945739746,Pushes toward failure,Air temperature [K],-1.8358378410339355,Pushes away from failure,Torque [Nm],-1.8289796113967896,Pushes away from failure,Process temperature [K],-0.9996717572212219,Pushes away from failure,Type,0.12446388602256775,Pushes toward failure,Rotational speed [rpm],-0.06566853076219559,Pushes away from failure
408,L,297.9,309.1,1595,32.0,32,0,0.00018619646,0,Torque [Nm],-2.8790509700775146,Pushes away from failure,Rotational speed [rpm],-2.1903810501098633,Pushes away from failure,Tool wear [min],-2.100447654724121,Pushes away from failure,Air temperature [K],-1.4111502170562744,Pushes away from failure,Process temperature [K],-0.7003973722457886,Pushes away from failure,Type,-0.08141851425170898,Pushes away from failure
409,M,301.5,310.7,1744,28.2,61,0,0.0018557938,0,Rotational speed [rpm],-2.2562100887298584,Pushes away from failure,Torque [Nm],-2.024888515472412,Pushes away from failure,Tool wear [min],-1.7867207527160645,Pushes away from failure,Air temperature [K],-1.0350629091262817,Pushes away from failure,Process temperature [K],0.18291139602661133,Pushes toward failure,Type,-0.14193697273731232,Pushes away from failure
410,M,300.4,309.7,1685,32.3,167,0,0.0047481013,0,Torque [Nm],-2.5479307174682617,Pushes away from failure,Tool wear [min],-1.500715732574463,Pushes away from failure,Air temperature [K],-0.867891788482666,Pushes away from failure,Rotational speed [rpm],-0.7319939732551575,Pushes away from failure,Type,-0.24268420040607452,Pushes away from failure,Process temperature [K],-0.22835944592952728,Pushes away from failure
411,M,303.4,311.8,1341,47.0,210,1,0.98921925,1,Air temperature [K],2.5461583137512207,Pushes toward failure,Rotational speed [rpm],1.4095041751861572,Pushes toward failure,Tool wear [min],1.1691566705703735,Pushes toward failure,Torque [Nm],-1.1238617897033691,Pushes away from failure,Type,-0.6347233057022095,Pushes away from failure,Process temperature [K],0.37859615683555603,Pushes toward failure
412,M,295.8,306.5,1641,32.2,101,0,0.0012190965,0,Torque [Nm],-2.61739182472229,Pushes away from failure,Rotational speed [rpm],-2.0612921714782715,Pushes away from failure,Tool wear [min],-1.6774982213974,Pushes away from failure,Air temperature [K],-1.1530715227127075,Pushes away from failure,Process temperature [K],0.41236308217048645,Pushes toward failure,Type,-0.3858598470687866,Pushes away from failure
413,L,300.6,310.5,1470,37.7,98,0,0.003021185,0,Torque [Nm],-1.9477471113204956,Pushes away from failure,Tool wear [min],-1.8781284093856812,Pushes away from failure,Rotational speed [rpm],-1.7824779748916626,Pushes away from failure,Air temperature [K],-0.7646986842155457,Pushes away from failure,Process temperature [K],-0.21901826560497284,Pushes away from failure,Type,0.01866564154624939,Pushes toward failure
414,M,303.9,313.0,1620,36.6,80,0,0.00032011725,0,Rotational speed [rpm],-2.760876417160034,Pushes away from failure,Torque [Nm],-2.5499494075775146,Pushes away from failure,Process temperature [K],-2.210388660430908,Pushes away from failure,Tool wear [min],-1.933251976966858,Pushes away from failure,Air temperature [K],0.8067260384559631,Pushes toward failure,Type,-0.1730862557888031,Pushes away from failure
415,M,304.0,313.5,1732,26.2,126,0,0.00078125106,0,Rotational speed [rpm],-2.3977267742156982,Pushes away from failure,Torque [Nm],-2.356084108352661,Pushes away from failure,Tool wear [min],-1.9503226280212402,Pushes away from failure,Process temperature [K],-1.733465552330017,Pushes away from failure,Air temperature [K],0.49182528257369995,Pushes toward failure,Type,0.01761903241276741,Pushes toward failure
416,L,301.0,310.8,1527,45.3,8,0,0.00085841207,0,Rotational speed [rpm],-2.510277032852173,Pushes away from failure,Tool wear [min],-2.357903003692627,Pushes away from failure,Torque [Nm],-1.7495312690734863,Pushes away from failure,Air temperature [K],-1.1025433540344238,Pushes away from failure,Process temperature [K],-0.10374340415000916,Pushes away from failure,Type,-0.009896675124764442,Pushes away from failure
417,M,301.7,309.9,1452,41.5,86,0,0.008623139,0,Torque [Nm],-2.663245916366577,Pushes away from failure,Rotational speed [rpm],-1.4372185468673706,Pushes away from failure,Tool wear [min],-1.4294815063476562,Pushes away from failure,Process temperature [K],0.6422631740570068,Pushes toward failure,Type,-0.5308759808540344,Pushes away from failure,Air temperature [K],-0.10040991753339767,Pushes away from failure
418,H,297.4,308.3,1502,43.6,169,0,0.0004583616,0,Torque [Nm],-3.1439225673675537,Pushes away from failure,Tool wear [min],-1.8745023012161255,Pushes away from failure,Air temperature [K],-1.5461981296539307,Pushes away from failure,Rotational speed [rpm],-1.4771534204483032,Pushes away from failure,Type,-0.43569689989089966,Pushes away from failure,Process temperature [K],0.015752334147691727,Pushes toward failure
419,L,301.3,311.1,1723,27.6,210,0,0.041351143,0,Tool wear [min],2.3178811073303223,Pushes toward failure,Torque [Nm],-2.2596702575683594,Pushes away from failure,Rotational speed [rpm],-2.1584482192993164,Pushes away from failure,Air temperature [K],-1.1972225904464722,Pushes away from failure,Process temperature [K],-0.5397491455078125,Pushes away from failure,Type,-0.08053947985172272,Pushes away from failure
420,L,296.9,308.0,1713,29.3,13,0,0.0003524403,0,Tool wear [min],-2.3936846256256104,Pushes away from failure,Torque [Nm],-2.3839781284332275,Pushes away from failure,Rotational speed [rpm],-2.131528377532959,Pushes away from failure,Air temperature [K],-1.3579872846603394,Pushes away from failure,Process temperature [K],-0.40426963567733765,Pushes away from failure,Type,-0.053155090659856796,Pushes away from failure
421,M,298.7,310.1,1402,69.7,64,1,0.9950448,1,Torque [Nm],7.06913423538208,Pushes toward failure,Tool wear [min],-1.2789063453674316,Pushes away from failure,Air temperature [K],-0.6044428944587708,Pushes away from failure,Type,-0.4054955840110779,Pushes away from failure,Rotational speed [rpm],-0.1927119344472885,Pushes away from failure,Process temperature [K],-0.05954956263303757,Pushes away from failure
422,L,301.5,310.6,1481,46.8,20,0,0.0026427095,0,Rotational speed [rpm],-2.2160043716430664,Pushes away from failure,Torque [Nm],-1.8168238401412964,Pushes away from failure,Tool wear [min],-1.5093038082122803,Pushes away from failure,Air temperature [K],-1.2051749229431152,Pushes away from failure,Process temperature [K],0.03361079841852188,Pushes toward failure,Type,0.006066647358238697,Pushes toward failure
423,L,299.3,310.8,1483,43.5,15,0,0.00045422325,0,Torque [Nm],-3.1943931579589844,Pushes away from failure,Tool wear [min],-2.016010046005249,Pushes away from failure,Rotational speed [rpm],-1.9552173614501953,Pushes away from failure,Air temperature [K],-1.0671591758728027,Pushes away from failure,Process temperature [K],-0.2570476531982422,Pushes away from failure,Type,0.019038327038288116,Pushes toward failure
424,M,298.0,308.1,1339,51.6,197,0,0.0023940157,0,Air temperature [K],-2.574429988861084,Pushes away from failure,Torque [Nm],-2.0512709617614746,Pushes away from failure,Type,-1.285030484199524,Pushes away from failure,Tool wear [min],-1.0654360055923462,Pushes away from failure,Rotational speed [rpm],0.6567283272743225,Pushes toward failure,Process temperature [K],-0.4872738718986511,Pushes away from failure
425,H,302.3,311.7,1456,45.4,130,0,0.0005335713,0,Rotational speed [rpm],-2.4690487384796143,Pushes away from failure,Tool wear [min],-1.8944504261016846,Pushes away from failure,Process temperature [K],-1.8681726455688477,Pushes away from failure,Torque [Nm],-1.5864834785461426,Pushes away from failure,Type,-0.541204035282135,Pushes away from failure,Air temperature [K],0.049647070467472076,Pushes toward failure
426,L,303.4,311.7,1295,51.3,51,1,0.96961075,1,Air temperature [K],3.6411423683166504,Pushes toward failure,Rotational speed [rpm],1.8572289943695068,Pushes toward failure,Tool wear [min],-1.3144851922988892,Pushes away from failure,Process temperature [K],-0.8099784851074219,Pushes away from failure,Torque [Nm],-0.7384339570999146,Pushes away from failure,Type,0.0530097633600235,Pushes toward failure
427,M,300.7,311.7,1701,30.8,44,0,0.001111243,0,Tool wear [min],-2.3597772121429443,Pushes away from failure,Rotational speed [rpm],-1.6800192594528198,Pushes away from failure,Torque [Nm],-1.63557767868042,Pushes away from failure,Process temperature [K],-1.0185747146606445,Pushes away from failure,Air temperature [K],-0.8056352734565735,Pushes away from failure,Type,-0.07590526342391968,Pushes away from failure
428,L,300.2,311.6,1375,56.9,155,0,0.00976796,0,Tool wear [min],-2.644591808319092,Pushes away from failure,Air temperature [K],-2.5404186248779297,Pushes away from failure,Process temperature [K],-0.881866455078125,Pushes away from failure,Rotational speed [rpm],0.6390144228935242,Pushes toward failure,Type,0.1393357813358307,Pushes toward failure,Torque [Nm],-0.10462912917137146,Pushes away from failure
429,L,299.1,309.9,1586,36.6,215,0,0.108607635,0,Tool wear [min],2.643862724304199,Pushes toward failure,Torque [Nm],-2.5592052936553955,Pushes away from failure,Rotational speed [rpm],-2.1000771522521973,Pushes away from failure,Air temperature [K],-0.714530885219574,Pushes away from failure,Process temperature [K],-0.15153762698173523,Pushes away from failure,Type,0.00212053582072258,Pushes toward failure
430,L,298.1,307.9,1502,41.8,79,0,0.000365199,0,Torque [Nm],-3.125685930252075,Pushes away from failure,Tool wear [min],-2.0573065280914307,Pushes away from failure,Rotational speed [rpm],-1.7899929285049438,Pushes away from failure,Air temperature [K],-1.4095231294631958,Pushes away from failure,Process temperature [K],-0.31436604261398315,Pushes away from failure,Type,0.007845701649785042,Pushes toward failure
431,L,300.5,309.7,1887,24.3,28,0,0.0013528906,0,Tool wear [min],-2.243839979171753,Pushes away from failure,Rotational speed [rpm],-2.056701898574829,Pushes away from failure,Torque [Nm],-2.0557727813720703,Pushes away from failure,Air temperature [K],-0.7614330649375916,Pushes away from failure,Process temperature [K],-0.18534626066684723,Pushes away from failure,Type,-0.07538805902004242,Pushes away from failure
432,L,298.0,308.5,1404,46.6,201,0,0.014312295,0,Torque [Nm],-2.2076690196990967,Pushes away from failure,Air temperature [K],-1.2874728441238403,Pushes away from failure,Tool wear [min],-0.7017483115196228,Pushes away from failure,Rotational speed [rpm],-0.5679104328155518,Pushes away from failure,Process temperature [K],-0.31037524342536926,Pushes away from failure,Type,0.06863164901733398,Pushes toward failure
433,M,299.8,310.5,1375,53.9,110,0,0.005467667,0,Air temperature [K],-3.198662281036377,Pushes away from failure,Tool wear [min],-1.7043668031692505,Pushes away from failure,Torque [Nm],-1.2694830894470215,Pushes away from failure,Rotational speed [rpm],0.9539158940315247,Pushes toward failure,Type,-0.7292587757110596,Pushes away from failure,Process temperature [K],-0.029888655990362167,Pushes away from failure
434,L,302.8,310.8,1402,50.5,30,0,0.05331017,0,Rotational speed [rpm],-2.1125597953796387,Pushes away from failure,Tool wear [min],-1.6418830156326294,Pushes away from failure,Air temperature [K],1.10726797580719,Pushes toward failure,Torque [Nm],-1.0819613933563232,Pushes away from failure,Process temperature [K],0.09721656143665314,Pushes toward failure,Type,-0.019250161945819855,Pushes away from failure
435,L,302.0,310.6,1392,50.0,84,0,0.065951794,0,Tool wear [min],-1.552113652229309,Pushes away from failure,Rotational speed [rpm],-1.461928367614746,Pushes away from failure,Torque [Nm],-1.2968363761901855,Pushes away from failure,Air temperature [K],0.7020618319511414,Pushes toward failure,Process temperature [K],0.18556438386440277,Pushes toward failure,Type,-0.0016783066093921661,Pushes away from failure
436,L,301.3,310.6,1510,38.5,47,0,0.0014469065,0,Torque [Nm],-2.3792316913604736,Pushes away from failure,Tool wear [min],-2.1325528621673584,Pushes away from failure,Rotational speed [rpm],-1.7187496423721313,Pushes away from failure,Air temperature [K],-1.0282502174377441,Pushes away from failure,Process temperature [K],-0.07639912515878677,Pushes away from failure,Type,0.023979831486940384,Pushes toward failure
437,L,301.7,310.2,1486,43.0,66,0,0.0019335019,0,Torque [Nm],-3.193290948867798,Pushes away from failure,Rotational speed [rpm],-2.5713751316070557,Pushes away from failure,Tool wear [min],-1.475810170173645,Pushes away from failure,Process temperature [K],0.2478971779346466,Pushes toward failure,Air temperature [K],-0.026929743587970734,Pushes away from failure,Type,-0.0012997891753911972,Pushes away from failure
438,H,297.0,308.4,1305,54.6,168,0,0.0027105,0,Air temperature [K],-2.72633695602417,Pushes away from failure,Tool wear [min],-2.0762369632720947,Pushes away from failure,Torque [Nm],-1.2833994626998901,Pushes away from failure,Type,-0.6588651537895203,Pushes away from failure,Rotational speed [rpm],0.4133824110031128,Pushes toward failure,Process temperature [K],-0.3507753610610962,Pushes away from failure
439,M,297.2,308.2,1405,42.5,204,0,0.015940463,0,Torque [Nm],-3.0892796516418457,Pushes away from failure,Air temperature [K],-1.3831077814102173,Pushes away from failure,Tool wear [min],1.2445569038391113,Pushes toward failure,Rotational speed [rpm],-0.8558409214019775,Pushes away from failure,Type,-0.752879798412323,Pushes away from failure,Process temperature [K],-0.06060034781694412,Pushes away from failure
440,L,299.9,310.9,1292,51.1,173,0,0.00599479,0,Air temperature [K],-2.8701376914978027,Pushes away from failure,Tool wear [min],-1.7810661792755127,Pushes away from failure,Torque [Nm],-1.6742689609527588,Pushes away from failure,Process temperature [K],0.15205566585063934,Pushes toward failure,Type,0.1448907107114792,Pushes toward failure,Rotational speed [rpm],0.14335216581821442,Pushes toward failure
441,M,303.5,312.3,1624,34.8,121,0,0.0005346926,0,Rotational speed [rpm],-2.914048910140991,Pushes away from failure,Torque [Nm],-2.3689510822296143,Pushes away from failure,Tool wear [min],-1.9045870304107666,Pushes away from failure,Process temperature [K],-1.8797379732131958,Pushes away from failure,Air temperature [K],0.9421424269676208,Pushes toward failure,Type,-0.18242532014846802,Pushes away from failure
442,M,297.9,309.1,1338,49.6,56,0,0.0005403527,0,Air temperature [K],-3.2129554748535156,Pushes away from failure,Torque [Nm],-2.2282657623291016,Pushes away from failure,Tool wear [min],-1.8490875959396362,Pushes away from failure,Process temperature [K],-0.8610309958457947,Pushes away from failure,Type,-0.6792219877243042,Pushes away from failure,Rotational speed [rpm],0.5334874987602234,Pushes toward failure
443,M,297.4,308.6,1522,38.0,33,0,0.0004602076,0,Torque [Nm],-2.5771987438201904,Pushes away from failure,Tool wear [min],-2.0345776081085205,Pushes away from failure,Rotational speed [rpm],-1.6201428174972534,Pushes away from failure,Air temperature [K],-1.5148917436599731,Pushes away from failure,Process temperature [K],-0.41202834248542786,Pushes away from failure,Type,-0.2988607883453369,Pushes away from failure
444,H,295.6,306.2,1632,32.2,76,0,0.0027159448,0,Torque [Nm],-2.4125514030456543,Pushes away from failure,Rotational speed [rpm],-2.0025269985198975,Pushes away from failure,Tool wear [min],-1.7023420333862305,Pushes away from failure,Air temperature [K],-1.0907721519470215,Pushes away from failure,Process temperature [K],0.6730475425720215,Pushes toward failure,Type,-0.14507567882537842,Pushes away from failure
445,M,299.5,310.8,1754,31.3,114,0,0.001454051,0,Torque [Nm],-2.4314956665039062,Pushes away from failure,Tool wear [min],-1.9562506675720215,Pushes away from failure,Rotational speed [rpm],-1.7741122245788574,Pushes away from failure,Air temperature [K],-0.716381847858429,Pushes away from failure,Type,-0.22895249724388123,Pushes away from failure,Process temperature [K],-0.19907835125923157,Pushes away from failure
446,L,298.8,309.8,1461,39.4,141,0,0.0034660248,0,Torque [Nm],-2.7287025451660156,Pushes away from failure,Tool wear [min],-1.8631672859191895,Pushes away from failure,Rotational speed [rpm],-1.5592056512832642,Pushes away from failure,Air temperature [K],-0.8080199956893921,Pushes away from failure,Process temperature [K],0.5164710879325867,Pushes toward failure,Type,0.007024427875876427,Pushes toward failure
447,L,299.9,309.4,1858,22.5,22,0,0.0008192761,0,Tool wear [min],-2.302211046218872,Pushes away from failure,Rotational speed [rpm],-2.159242868423462,Pushes away from failure,Torque [Nm],-1.786515712738037,Pushes away from failure,Air temperature [K],-1.0166504383087158,Pushes away from failure,Process temperature [K],-0.523634135723114,Pushes away from failure,Type,-0.0923411101102829,Pushes away from failure
448,L,299.1,310.1,1416,41.2,185,0,0.00390013,0,Torque [Nm],-2.674558401107788,Pushes away from failure,Tool wear [min],-1.495403528213501,Pushes away from failure,Rotational speed [rpm],-1.0510035753250122,Pushes away from failure,Air temperature [K],-0.9876593351364136,Pushes away from failure,Process temperature [K],-0.13827800750732422,Pushes away from failure,Type,0.029737237840890884,Pushes toward failure
449,M,300.6,310.0,1478,36.3,95,0,0.0007960239,0,Torque [Nm],-2.732954978942871,Pushes away from failure,Rotational speed [rpm],-1.8311145305633545,Pushes away from failure,Tool wear [min],-1.6917741298675537,Pushes away from failure,Air temperature [K],-0.82351154088974,Pushes away from failure,Process temperature [K],-0.5407877564430237,Pushes away from failure,Type,-0.28926709294319153,Pushes away from failure
450,L,301.8,310.3,1688,28.8,31,0,0.0014002962,0,Rotational speed [rpm],-2.6738970279693604,Pushes away from failure,Torque [Nm],-2.3980553150177,Pushes away from failure,Tool wear [min],-1.748231053352356,Pushes away from failure,Air temperature [K],-0.3863465487957001,Pushes away from failure,Type,-0.1625577211380005,Pushes away from failure,Process temperature [K],0.025093451142311096,Pushes toward failure
451,M,299.0,310.0,1341,58.9,126,0,0.0105775725,0,Air temperature [K],-2.733851432800293,Pushes away from failure,Tool wear [min],-1.880006194114685,Pushes away from failure,Type,-0.7000995874404907,Pushes away from failure,Process temperature [K],-0.20872445404529572,Pushes away from failure,Torque [Nm],0.17572860419750214,Pushes toward failure,Rotational speed [rpm],0.03424103558063507,Pushes toward failure
452,L,302.3,311.4,1845,21.9,27,0,0.0003080619,0,Rotational speed [rpm],-2.9675891399383545,Pushes away from failure,Torque [Nm],-2.2187299728393555,Pushes away from failure,Tool wear [min],-2.06284499168396,Pushes away from failure,Process temperature [K],-1.0055773258209229,Pushes away from failure,Air temperature [K],-0.4683869183063507,Pushes away from failure,Type,-0.13609467446804047,Pushes away from failure
453,L,297.5,308.6,1513,39.7,32,0,0.0003982165,0,Torque [Nm],-2.77270770072937,Pushes away from failure,Tool wear [min],-2.113197088241577,Pushes away from failure,Rotational speed [rpm],-1.6628072261810303,Pushes away from failure,Air temperature [K],-1.5663515329360962,Pushes away from failure,Process temperature [K],-0.4875534474849701,Pushes away from failure,Type,0.00017261551693081856,Pushes toward failure
454,L,299.8,309.8,1542,39.4,155,0,0.0022771887,0,Torque [Nm],-2.7665629386901855,Pushes away from failure,Tool wear [min],-1.7448756694793701,Pushes away from failure,Rotational speed [rpm],-1.5116848945617676,Pushes away from failure,Air temperature [K],-1.2130677700042725,Pushes away from failure,Process temperature [K],0.45026493072509766,Pushes toward failure,Type,-0.07093282788991928,Pushes away from failure
455,M,299.0,310.3,1540,38.1,182,0,0.0008780437,0,Torque [Nm],-2.6804182529449463,Pushes away from failure,Rotational speed [rpm],-1.743364691734314,Pushes away from failure,Tool wear [min],-1.448499321937561,Pushes away from failure,Air temperature [K],-1.0711673498153687,Pushes away from failure,Process temperature [K],-0.502766489982605,Pushes away from failure,Type,-0.3650439381599426,Pushes away from failure
456,M,297.5,308.6,1440,38.8,29,0,0.0021715662,0,Torque [Nm],-2.626777410507202,Pushes away from failure,Tool wear [min],-1.7519516944885254,Pushes away from failure,Air temperature [K],-1.6950774192810059,Pushes away from failure,Process temperature [K],-0.578576385974884,Pushes away from failure,Type,-0.3495912551879883,Pushes away from failure,Rotational speed [rpm],0.09751532226800919,Pushes toward failure
457,L,299.1,308.5,1647,35.0,74,0,0.0006452685,0,Torque [Nm],-2.414012908935547,Pushes away from failure,Rotational speed [rpm],-2.2654361724853516,Pushes away from failure,Tool wear [min],-2.1778128147125244,Pushes away from failure,Air temperature [K],-0.9171251654624939,Pushes away from failure,Process temperature [K],-0.259143590927124,Pushes away from failure,Type,-0.08599250018596649,Pushes away from failure
458,L,298.1,308.6,1354,53.9,207,1,0.9716572,1,Tool wear [min],3.4521243572235107,Pushes toward failure,Air temperature [K],-1.7073664665222168,Pushes away from failure,Rotational speed [rpm],0.9376906156539917,Pushes toward failure,Process temperature [K],-0.43458208441734314,Pushes away from failure,Type,0.27701354026794434,Pushes toward failure,Torque [Nm],0.2354234904050827,Pushes toward failure
459,L,295.9,306.6,1678,26.7,53,0,0.0035153616,0,Tool wear [min],-2.1083765029907227,Pushes away from failure,Torque [Nm],-1.823791265487671,Pushes away from failure,Rotational speed [rpm],-1.6252121925354004,Pushes away from failure,Air temperature [K],-1.100922703742981,Pushes away from failure,Process temperature [K],0.3005928695201874,Pushes toward failure,Type,-0.06370459496974945,Pushes away from failure
460,L,300.5,311.6,1534,37.7,90,0,0.00095045014,0,Tool wear [min],-2.354511022567749,Pushes away from failure,Torque [Nm],-1.880279302597046,Pushes away from failure,Rotational speed [rpm],-1.8323979377746582,Pushes away from failure,Process temperature [K],-1.0546685457229614,Pushes away from failure,Air temperature [K],-0.5977527499198914,Pushes away from failure,Type,-0.012339365668594837,Pushes away from failure
461,L,300.5,311.9,1576,31.1,149,0,0.0010086404,0,Torque [Nm],-2.5739169120788574,Pushes away from failure,Rotational speed [rpm],-2.022831439971924,Pushes away from failure,Tool wear [min],-1.8347071409225464,Pushes away from failure,Process temperature [K],-0.7142549753189087,Pushes away from failure,Air temperature [K],-0.49116402864456177,Pushes away from failure,Type,-0.03559476509690285,Pushes away from failure
462,L,302.0,310.8,1615,29.0,235,1,0.39967152,0,Tool wear [min],2.851630210876465,Pushes toward failure,Rotational speed [rpm],-1.957388162612915,Pushes away from failure,Torque [Nm],-1.2038887739181519,Pushes away from failure,Air temperature [K],-0.6709281206130981,Pushes away from failure,Type,-0.12818393111228943,Pushes away from failure,Process temperature [K],-0.0724000483751297,Pushes away from failure
463,L,301.4,310.8,1389,52.7,125,0,0.0054548443,0,Tool wear [min],-2.289079189300537,Pushes away from failure,Air temperature [K],-1.435900330543518,Pushes away from failure,Torque [Nm],-1.162222146987915,Pushes away from failure,Rotational speed [rpm],-0.9840689897537231,Pushes away from failure,Process temperature [K],-0.17022395133972168,Pushes away from failure,Type,0.06138905882835388,Pushes toward failure
464,L,298.0,308.7,1462,48.2,204,0,0.010128437,0,Torque [Nm],-2.2522709369659424,Pushes away from failure,Rotational speed [rpm],-1.7106539011001587,Pushes away from failure,Air temperature [K],-1.30182683467865,Pushes away from failure,Process temperature [K],-0.7695115208625793,Pushes away from failure,Tool wear [min],0.6152205467224121,Pushes toward failure,Type,0.06249034404754639,Pushes toward failure
465,L,301.2,310.4,1390,49.9,74,0,0.0126725305,0,Tool wear [min],-1.6815141439437866,Pushes away from failure,Torque [Nm],-1.6136119365692139,Pushes away from failure,Air temperature [K],-1.2835243940353394,Pushes away from failure,Rotational speed [rpm],-0.8934887051582336,Pushes away from failure,Process temperature [K],0.31551188230514526,Pushes toward failure,Type,0.0267396979033947,Pushes toward failure
466,L,298.4,309.6,1710,27.3,163,1,0.0039568073,0,Torque [Nm],-1.9293543100357056,Pushes away from failure,Rotational speed [rpm],-1.8018672466278076,Pushes away from failure,Tool wear [min],-1.7869274616241455,Pushes away from failure,Air temperature [K],-0.7513291835784912,Pushes away from failure,Type,-0.017155330628156662,Pushes away from failure,Process temperature [K],-0.01604360155761242,Pushes away from failure
467,L,298.3,309.1,1904,20.3,140,0,0.0019239079,0,Tool wear [min],-1.9460610151290894,Pushes away from failure,Rotational speed [rpm],-1.7980369329452515,Pushes away from failure,Torque [Nm],-1.759860873222351,Pushes away from failure,Air temperature [K],-0.9123592376708984,Pushes away from failure,Process temperature [K],-0.5868498086929321,Pushes away from failure,Type,-0.02262735925614834,Pushes away from failure
468,L,302.9,312.3,1530,34.9,185,0,0.00051364355,0,Torque [Nm],-2.526423454284668,Pushes away from failure,Rotational speed [rpm],-2.161202907562256,Pushes away from failure,Process temperature [K],-2.079648017883301,Pushes away from failure,Tool wear [min],-1.6382553577423096,Pushes away from failure,Air temperature [K],0.08631467074155807,Pushes toward failure,Type,-0.028576521202921867,Pushes away from failure
469,M,299.0,310.3,1635,34.5,168,0,0.0005651297,0,Torque [Nm],-2.4653494358062744,Pushes away from failure,Rotational speed [rpm],-2.252782106399536,Pushes away from failure,Tool wear [min],-1.585580825805664,Pushes away from failure,Air temperature [K],-1.2244452238082886,Pushes away from failure,Process temperature [K],-0.3661268949508667,Pushes away from failure,Type,-0.35792726278305054,Pushes away from failure
470,L,298.0,307.7,1387,50.8,204,0,0.16822423,0,Torque [Nm],-2.1437578201293945,Pushes away from failure,Air temperature [K],-1.1414376497268677,Pushes away from failure,Tool wear [min],1.107895016670227,Pushes toward failure,Rotational speed [rpm],-0.44922664761543274,Pushes away from failure,Type,0.15331032872200012,Pushes toward failure,Process temperature [K],0.10062728822231293,Pushes toward failure
471,L,298.9,310.2,2737,8.8,142,1,0.98733276,1,Torque [Nm],3.9374051094055176,Pushes toward failure,Rotational speed [rpm],1.4296669960021973,Pushes toward failure,Tool wear [min],-0.9095392823219299,Pushes away from failure,Air temperature [K],-0.8244312405586243,Pushes away from failure,Process temperature [K],-0.13586676120758057,Pushes away from failure,Type,0.08442872762680054,Pushes toward failure
472,H,297.3,308.3,1461,41.5,108,0,0.0005299627,0,Torque [Nm],-2.772104024887085,Pushes away from failure,Tool wear [min],-2.076127052307129,Pushes away from failure,Air temperature [K],-1.5059380531311035,Pushes away from failure,Rotational speed [rpm],-1.402305006980896,Pushes away from failure,Type,-0.4923338294029236,Pushes away from failure,Process temperature [K],-0.06769023835659027,Pushes away from failure
473,L,300.8,310.4,1368,46.8,21,0,0.04723821,0,Air temperature [K],-2.3698222637176514,Pushes away from failure,Tool wear [min],-1.568129301071167,Pushes away from failure,Torque [Nm],-1.5620243549346924,Pushes away from failure,Rotational speed [rpm],1.3909114599227905,Pushes toward failure,Process temperature [K],0.2911609411239624,Pushes toward failure,Type,0.03941887617111206,Pushes toward failure
474,L,303.6,311.8,1695,30.7,90,0,0.0033623464,0,Rotational speed [rpm],-3.4458723068237305,Pushes away from failure,Torque [Nm],-2.1482372283935547,Pushes away from failure,Tool wear [min],-1.9899705648422241,Pushes away from failure,Air temperature [K],1.3539334535598755,Pushes toward failure,Type,-0.19947466254234314,Pushes away from failure,Process temperature [K],-0.03645416721701622,Pushes away from failure
475,L,297.8,309.2,1372,47.3,15,0,0.0026429899,0,Air temperature [K],-2.821993589401245,Pushes away from failure,Tool wear [min],-2.0091445446014404,Pushes away from failure,Torque [Nm],-1.9368685483932495,Pushes away from failure,Rotational speed [rpm],0.9613295793533325,Pushes toward failure,Process temperature [K],-0.9511348605155945,Pushes away from failure,Type,0.050288885831832886,Pushes toward failure
476,M,302.2,311.3,1510,36.6,91,0,0.00035250213,0,Torque [Nm],-2.7063257694244385,Pushes away from failure,Rotational speed [rpm],-2.291268825531006,Pushes away from failure,Tool wear [min],-1.9878734350204468,Pushes away from failure,Process temperature [K],-1.277940034866333,Pushes away from failure,Air temperature [K],-0.24437204003334045,Pushes away from failure,Type,-0.21664603054523468,Pushes away from failure
477,L,297.8,308.8,1621,36.1,68,0,0.00031939903,0,Torque [Nm],-2.510429620742798,Pushes away from failure,Rotational speed [rpm],-2.1757736206054688,Pushes away from failure,Tool wear [min],-2.1638870239257812,Pushes away from failure,Air temperature [K],-1.398298978805542,Pushes away from failure,Process temperature [K],-0.49277400970458984,Pushes away from failure,Type,-0.08191206306219101,Pushes away from failure
478,L,302.4,311.4,1475,40.4,126,0,0.00041175447,0,Torque [Nm],-2.8353116512298584,Pushes away from failure,Rotational speed [rpm],-2.21713924407959,Pushes away from failure,Tool wear [min],-1.9973456859588623,Pushes away from failure,Process temperature [K],-1.2165614366531372,Pushes away from failure,Air temperature [K],-0.2821537256240845,Pushes away from failure,Type,-0.020482368767261505,Pushes away from failure
479,L,304.2,313.3,1668,35.7,180,0,0.0013016775,0,Torque [Nm],-2.261446475982666,Pushes away from failure,Rotational speed [rpm],-2.232926845550537,Pushes away from failure,Process temperature [K],-1.841590404510498,Pushes away from failure,Tool wear [min],-1.5071231126785278,Pushes away from failure,Air temperature [K],0.5918388962745667,Pushes toward failure,Type,-0.16587525606155396,Pushes away from failure
480,H,302.4,311.6,1544,39.1,70,0,0.00020309711,0,Torque [Nm],-2.7359135150909424,Pushes away from failure,Rotational speed [rpm],-2.5125465393066406,Pushes away from failure,Tool wear [min],-1.9261000156402588,Pushes away from failure,Process temperature [K],-1.3950272798538208,Pushes away from failure,Type,-0.48379793763160706,Pushes away from failure,Air temperature [K],-0.2225605696439743,Pushes away from failure
481,M,297.2,308.5,1364,54.0,43,0,0.0026024687,0,Air temperature [K],-2.860297441482544,Pushes away from failure,Tool wear [min],-2.0617804527282715,Pushes away from failure,Torque [Nm],-1.3661010265350342,Pushes away from failure,Rotational speed [rpm],0.7768051624298096,Pushes toward failure,Type,-0.710400402545929,Pushes away from failure,Process temperature [K],-0.5012432336807251,Pushes away from failure
482,L,301.6,310.0,1566,30.3,79,0,0.0013603288,0,Rotational speed [rpm],-2.6571288108825684,Pushes away from failure,Torque [Nm],-2.3517332077026367,Pushes away from failure,Tool wear [min],-1.7043519020080566,Pushes away from failure,Air temperature [K],-0.30355125665664673,Pushes away from failure,Process temperature [K],-0.2860828936100006,Pushes away from failure,Type,-0.07014527916908264,Pushes away from failure
483,M,298.4,309.5,1519,35.4,133,0,0.0015520451,0,Torque [Nm],-2.3080995082855225,Pushes away from failure,Tool wear [min],-1.9334502220153809,Pushes away from failure,Rotational speed [rpm],-1.4369951486587524,Pushes away from failure,Air temperature [K],-0.9956459403038025,Pushes away from failure,Type,-0.4604656994342804,Pushes away from failure,Process temperature [K],-0.10629574209451675,Pushes away from failure
484,M,302.3,310.1,1731,33.4,112,0,0.002506808,0,Rotational speed [rpm],-3.144503116607666,Pushes away from failure,Torque [Nm],-2.8003218173980713,Pushes away from failure,Tool wear [min],-1.6228692531585693,Pushes away from failure,Air temperature [K],0.5901530385017395,Pushes toward failure,Process temperature [K],0.23366303741931915,Pushes toward failure,Type,-0.016680853441357613,Pushes away from failure
485,L,300.5,311.6,1365,53.0,85,0,0.005072237,0,Tool wear [min],-2.3286898136138916,Pushes away from failure,Air temperature [K],-2.2391738891601562,Pushes away from failure,Torque [Nm],-1.35117769241333,Pushes away from failure,Process temperature [K],-1.056928038597107,Pushes away from failure,Rotational speed [rpm],0.8094435930252075,Pushes toward failure,Type,0.11331597715616226,Pushes toward failure
486,M,298.9,310.4,1533,44.4,24,0,0.0007327456,0,Rotational speed [rpm],-2.281719446182251,Pushes away from failure,Torque [Nm],-1.8824619054794312,Pushes away from failure,Tool wear [min],-1.844718098640442,Pushes away from failure,Air temperature [K],-1.378562569618225,Pushes away from failure,Process temperature [K],-0.3077560067176819,Pushes away from failure,Type,-0.2970874309539795,Pushes away from failure
487,L,299.2,310.4,1472,43.3,32,0,0.0004732472,0,Torque [Nm],-3.1807215213775635,Pushes away from failure,Rotational speed [rpm],-1.9724364280700684,Pushes away from failure,Tool wear [min],-1.7961010932922363,Pushes away from failure,Air temperature [K],-1.1530951261520386,Pushes away from failure,Process temperature [K],-0.3484584391117096,Pushes away from failure,Type,0.0210712980479002,Pushes toward failure
488,L,296.7,308.1,1450,40.9,195,0,0.0025990263,0,Torque [Nm],-2.695413589477539,Pushes away from failure,Air temperature [K],-1.4508250951766968,Pushes away from failure,Rotational speed [rpm],-1.2102065086364746,Pushes away from failure,Tool wear [min],-1.1358383893966675,Pushes away from failure,Process temperature [K],-0.2711447477340698,Pushes away from failure,Type,0.039084408432245255,Pushes toward failure
489,L,301.9,310.5,1425,51.1,173,0,0.07308467,0,Rotational speed [rpm],-1.6271055936813354,Pushes away from failure,Tool wear [min],-1.4935449361801147,Pushes away from failure,Torque [Nm],-1.0209240913391113,Pushes away from failure,Air temperature [K],0.5639809370040894,Pushes toward failure,Process temperature [K],0.2717350423336029,Pushes toward failure,Type,-0.008711300790309906,Pushes away from failure
490,L,300.8,311.3,1782,26.9,116,0,0.00059482566,0,Rotational speed [rpm],-2.2140228748321533,Pushes away from failure,Torque [Nm],-2.09287691116333,Pushes away from failure,Tool wear [min],-1.9061318635940552,Pushes away from failure,Air temperature [K],-1.078969955444336,Pushes away from failure,Process temperature [K],-0.8006463050842285,Pushes away from failure,Type,-0.10832127928733826,Pushes away from failure
491,L,302.9,311.2,1751,23.8,196,0,0.0007075334,0,Rotational speed [rpm],-3.250293016433716,Pushes away from failure,Torque [Nm],-2.8009982109069824,Pushes away from failure,Tool wear [min],-1.2116254568099976,Pushes away from failure,Process temperature [K],-0.6235214471817017,Pushes away from failure,Type,-0.1005515605211258,Pushes away from failure,Air temperature [K],-0.040352147072553635,Pushes away from failure
492,L,303.7,312.6,1396,44.1,136,0,0.0009573847,0,Torque [Nm],-2.9571895599365234,Pushes away from failure,Process temperature [K],-2.7121851444244385,Pushes away from failure,Tool wear [min],-1.8322455883026123,Pushes away from failure,Rotational speed [rpm],-1.3846321105957031,Pushes away from failure,Air temperature [K],1.2048624753952026,Pushes toward failure,Type,-0.043281689286231995,Pushes away from failure
493,L,299.2,309.1,1578,38.1,109,0,0.0011236544,0,Torque [Nm],-2.569124221801758,Pushes away from failure,Tool wear [min],-2.039583444595337,Pushes away from failure,Rotational speed [rpm],-1.7110668420791626,Pushes away from failure,Air temperature [K],-0.731968879699707,Pushes away from failure,Process temperature [K],-0.4585268199443817,Pushes away from failure,Type,-0.05410099774599075,Pushes away from failure
494,L,299.5,309.3,1409,44.7,46,0,0.0020944302,0,Torque [Nm],-2.157071113586426,Pushes away from failure,Tool wear [min],-1.9410704374313354,Pushes away from failure,Air temperature [K],-1.2335318326950073,Pushes away from failure,Rotational speed [rpm],-1.0147899389266968,Pushes away from failure,Process temperature [K],-0.5766847133636475,Pushes away from failure,Type,-0.017554856836795807,Pushes away from failure
495,L,299.8,310.8,1553,32.2,161,0,0.0012647664,0,Torque [Nm],-2.4943437576293945,Pushes away from failure,Tool wear [min],-2.077977180480957,Pushes away from failure,Rotational speed [rpm],-1.4893009662628174,Pushes away from failure,Air temperature [K],-1.0954469442367554,Pushes away from failure,Process temperature [K],-0.2636905908584595,Pushes away from failure,Type,-0.02516796812415123,Pushes away from failure
496,L,299.7,310.3,1495,43.1,101,0,0.00043088535,0,Torque [Nm],-3.3490686416625977,Pushes away from failure,Rotational speed [rpm],-1.9795517921447754,Pushes away from failure,Tool wear [min],-1.7368123531341553,Pushes away from failure,Air temperature [K],-1.1875014305114746,Pushes away from failure,Process temperature [K],-0.2805442214012146,Pushes away from failure,Type,0.009917701594531536,Pushes toward failure
497,L,298.6,309.8,1370,56.0,0,0,0.025202177,0,Tool wear [min],-2.578192949295044,Pushes away from failure,Air temperature [K],-2.33760929107666,Pushes away from failure,Rotational speed [rpm],0.9907671213150024,Pushes toward failure,Torque [Nm],-0.9027941823005676,Pushes away from failure,Process temperature [K],0.2737680971622467,Pushes toward failure,Type,0.12444013357162476,Pushes toward failure
498,L,297.5,308.7,1371,46.5,121,0,0.0018958162,0,Air temperature [K],-2.964921712875366,Pushes away from failure,Tool wear [min],-2.1428868770599365,Pushes away from failure,Torque [Nm],-2.084547519683838,Pushes away from failure,Rotational speed [rpm],0.9356403946876526,Pushes toward failure,Process temperature [K],-0.8219547271728516,Pushes away from failure,Type,0.03813556209206581,Pushes toward failure
499,M,302.4,310.2,1485,45.9,50,0,0.0133724315,0,Rotational speed [rpm],-3.3243625164031982,Pushes away from failure,Tool wear [min],-1.5976303815841675,Pushes away from failure,Torque [Nm],-1.337614893913269,Pushes away from failure,Air temperature [K],0.8636201620101929,Pushes toward failure,Process temperature [K],0.5149014592170715,Pushes toward failure,Type,-0.19433656334877014,Pushes away from failure
500,L,297.6,308.6,1576,32.7,83,0,0.00030110858,0,Torque [Nm],-2.8626670837402344,Pushes away from failure,Tool wear [min],-2.053161382675171,Pushes away from failure,Rotational speed [rpm],-1.9125094413757324,Pushes away from failure,Air temperature [K],-1.4023429155349731,Pushes away from failure,Process temperature [K],-0.5930756330490112,Pushes away from failure,Type,-0.0583093985915184,Pushes away from failure
501,L,298.8,309.6,1613,27.7,143,0,0.005537496,0,Rotational speed [rpm],-1.8975679874420166,Pushes away from failure,Torque [Nm],-1.8405969142913818,Pushes away from failure,Tool wear [min],-1.7072685956954956,Pushes away from failure,Air temperature [K],-0.5712665319442749,Pushes away from failure,Process temperature [K],0.0711909607052803,Pushes toward failure,Type,-0.019474074244499207,Pushes away from failure
502,H,303.7,312.6,1711,27.6,170,0,0.00050247175,0,Torque [Nm],-2.380471706390381,Pushes away from failure,Rotational speed [rpm],-2.2348246574401855,Pushes away from failure,Process temperature [K],-2.113003730773926,Pushes away from failure,Tool wear [min],-1.6284453868865967,Pushes away from failure,Type,-0.7025220394134521,Pushes away from failure,Air temperature [K],0.6894760727882385,Pushes toward failure
503,M,301.7,309.8,1284,68.2,111,1,0.9773744,1,Torque [Nm],4.921215057373047,Pushes toward failure,Tool wear [min],-1.1818798780441284,Pushes away from failure,Type,-0.5770353078842163,Pushes away from failure,Air temperature [K],-0.4621776044368744,Pushes away from failure,Process temperature [K],0.3609052300453186,Pushes toward failure,Rotational speed [rpm],-0.06956487894058228,Pushes away from failure
504,M,297.0,307.7,1261,51.1,130,0,0.00088364095,0,Air temperature [K],-2.7029099464416504,Pushes away from failure,Torque [Nm],-1.9892414808273315,Pushes away from failure,Tool wear [min],-1.9746266603469849,Pushes away from failure,Type,-0.7953696250915527,Pushes away from failure,Process temperature [K],-0.345817506313324,Pushes away from failure,Rotational speed [rpm],0.0030628032982349396,Pushes toward failure
505,M,299.7,311.1,1618,30.3,125,0,0.0009016125,0,Tool wear [min],-2.351335048675537,Pushes away from failure,Rotational speed [rpm],-2.016113519668579,Pushes away from failure,Torque [Nm],-1.770169734954834,Pushes away from failure,Process temperature [K],-0.8104123473167419,Pushes away from failure,Air temperature [K],-0.6342642307281494,Pushes away from failure,Type,-0.2024557888507843,Pushes away from failure
506,M,299.1,308.9,1397,52.4,112,0,0.0028935529,0,Tool wear [min],-1.9136455059051514,Pushes away from failure,Torque [Nm],-1.665839672088623,Pushes away from failure,Air temperature [K],-1.4990003108978271,Pushes away from failure,Rotational speed [rpm],-0.6910942196846008,Pushes away from failure,Type,-0.5230657458305359,Pushes away from failure,Process temperature [K],-0.3240531086921692,Pushes away from failure
507,L,300.7,310.5,1357,52.6,199,0,0.12637715,0,Air temperature [K],-2.007219076156616,Pushes away from failure,Rotational speed [rpm],1.2420872449874878,Pushes toward failure,Torque [Nm],-1.2287043333053589,Pushes away from failure,Tool wear [min],-0.7914912700653076,Pushes away from failure,Type,0.2034924328327179,Pushes toward failure,Process temperature [K],-0.12586760520935059,Pushes away from failure
508,L,298.2,308.6,1353,54.1,38,0,0.0020311137,0,Air temperature [K],-2.803722381591797,Pushes away from failure,Tool wear [min],-2.605529546737671,Pushes away from failure,Torque [Nm],-1.3884496688842773,Pushes away from failure,Process temperature [K],-0.7469322085380554,Pushes away from failure,Rotational speed [rpm],0.48628851771354675,Pushes toward failure,Type,0.08688239753246307,Pushes toward failure
509,M,298.8,309.8,1288,61.9,79,0,0.09311467,0,Torque [Nm],2.1853392124176025,Pushes toward failure,Air temperature [K],-1.8768750429153442,Pushes away from failure,Tool wear [min],-1.7668330669403076,Pushes away from failure,Rotational speed [rpm],-0.9732540249824524,Pushes away from failure,Type,-0.7498250007629395,Pushes away from failure,Process temperature [K],0.13093586266040802,Pushes toward failure
510,L,302.6,312.4,1386,45.8,38,0,0.002592445,0,Process temperature [K],-2.734358310699463,Pushes away from failure,Tool wear [min],-1.9292943477630615,Pushes away from failure,Torque [Nm],-1.3718725442886353,Pushes away from failure,Rotational speed [rpm],-1.254492163658142,Pushes away from failure,Air temperature [K],0.6014648079872131,Pushes toward failure,Type,-0.03832840919494629,Pushes away from failure
511,H,297.1,308.4,1654,31.4,171,0,0.0006671059,0,Torque [Nm],-2.5727040767669678,Pushes away from failure,Rotational speed [rpm],-1.9423959255218506,Pushes away from failure,Tool wear [min],-1.6254925727844238,Pushes away from failure,Air temperature [K],-1.5340051651000977,Pushes away from failure,Type,-0.2892611026763916,Pushes away from failure,Process temperature [K],-0.12236177921295166,Pushes away from failure
512,M,303.8,312.7,1507,38.5,180,0,0.0012173982,0,Torque [Nm],-2.6323018074035645,Pushes away from failure,Process temperature [K],-2.1646437644958496,Pushes away from failure,Rotational speed [rpm],-1.8399230241775513,Pushes away from failure,Tool wear [min],-1.4810130596160889,Pushes away from failure,Air temperature [K],0.9026070237159729,Pushes toward failure,Type,-0.26887205243110657,Pushes away from failure
513,L,303.9,313.0,1759,28.4,74,0,0.00039647636,0,Rotational speed [rpm],-2.7129931449890137,Pushes away from failure,Torque [Nm],-2.3735122680664062,Pushes away from failure,Process temperature [K],-1.9750454425811768,Pushes away from failure,Tool wear [min],-1.7787543535232544,Pushes away from failure,Air temperature [K],0.3752399682998657,Pushes toward failure,Type,-0.14175695180892944,Pushes away from failure
514,M,300.5,310.2,1386,48.2,225,0,0.6309778,1,Tool wear [min],3.493682622909546,Pushes toward failure,Type,-1.2401469945907593,Pushes away from failure,Air temperature [K],-1.1282334327697754,Pushes away from failure,Torque [Nm],-0.7759336829185486,Pushes away from failure,Rotational speed [rpm],-0.6186044812202454,Pushes away from failure,Process temperature [K],0.0313260480761528,Pushes toward failure
515,H,299.1,309.4,1811,24.6,77,0,0.0012154458,0,Torque [Nm],-2.153050422668457,Pushes away from failure,Rotational speed [rpm],-2.0498101711273193,Pushes away from failure,Tool wear [min],-1.5079091787338257,Pushes away from failure,Air temperature [K],-0.8313060402870178,Pushes away from failure,Type,-0.6089441180229187,Pushes away from failure,Process temperature [K],-0.33472949266433716,Pushes away from failure
516,M,297.5,308.5,1699,30.1,40,0,0.0006347174,0,Torque [Nm],-2.2730488777160645,Pushes away from failure,Rotational speed [rpm],-1.8341820240020752,Pushes away from failure,Tool wear [min],-1.757402777671814,Pushes away from failure,Air temperature [K],-1.7104909420013428,Pushes away from failure,Process temperature [K],-0.3662506341934204,Pushes away from failure,Type,-0.19464747607707977,Pushes away from failure
517,L,298.7,310.2,1402,45.9,30,0,0.011567948,0,Tool wear [min],-1.8723437786102295,Pushes away from failure,Torque [Nm],-1.359689712524414,Pushes away from failure,Air temperature [K],-1.2767918109893799,Pushes away from failure,Rotational speed [rpm],-0.8309680819511414,Pushes away from failure,Process temperature [K],0.10808882117271423,Pushes toward failure,Type,0.009498832747340202,Pushes toward failure
518,L,295.8,306.5,1505,35.2,86,0,0.0015745321,0,Torque [Nm],-2.3797545433044434,Pushes away from failure,Tool wear [min],-2.1279098987579346,Pushes away from failure,Rotational speed [rpm],-1.796033263206482,Pushes away from failure,Air temperature [K],-1.2620073556900024,Pushes away from failure,Process temperature [K],0.3732989728450775,Pushes toward failure,Type,-0.03414227440953255,Pushes away from failure
519,L,300.8,309.7,1481,38.1,153,0,0.0025893582,0,Torque [Nm],-2.502222776412964,Pushes away from failure,Rotational speed [rpm],-1.5277692079544067,Pushes away from failure,Tool wear [min],-1.5047285556793213,Pushes away from failure,Air temperature [K],-1.0271308422088623,Pushes away from failure,Process temperature [K],-0.1641518920660019,Pushes away from failure,Type,-0.002073531039059162,Pushes away from failure
520,L,299.1,308.3,1533,42.4,48,0,0.00045068597,0,Torque [Nm],-3.240283489227295,Pushes away from failure,Tool wear [min],-2.3854386806488037,Pushes away from failure,Rotational speed [rpm],-1.8478362560272217,Pushes away from failure,Air temperature [K],-0.9142962694168091,Pushes away from failure,Process temperature [K],-0.0561208575963974,Pushes away from failure,Type,-0.034640904515981674,Pushes away from failure
521,M,302.1,311.3,1453,45.1,174,0,0.008416029,0,Rotational speed [rpm],-1.56474769115448,Pushes away from failure,Tool wear [min],-1.3310260772705078,Pushes away from failure,Torque [Nm],-1.2710336446762085,Pushes away from failure,Process temperature [K],-1.1842745542526245,Pushes away from failure,Type,-0.31842318177223206,Pushes away from failure,Air temperature [K],0.12601514160633087,Pushes toward failure
522,L,300.2,309.4,1526,35.3,46,0,0.00050695526,0,Torque [Nm],-2.3682477474212646,Pushes away from failure,Tool wear [min],-2.2034754753112793,Pushes away from failure,Rotational speed [rpm],-1.8705382347106934,Pushes away from failure,Air temperature [K],-1.2443277835845947,Pushes away from failure,Process temperature [K],-0.6099464297294617,Pushes away from failure,Type,-0.06437133997678757,Pushes away from failure
523,M,300.8,311.4,1732,26.9,45,0,0.0009039401,0,Tool wear [min],-2.1467933654785156,Pushes away from failure,Torque [Nm],-1.9252787828445435,Pushes away from failure,Rotational speed [rpm],-1.9140676259994507,Pushes away from failure,Air temperature [K],-1.0532588958740234,Pushes away from failure,Process temperature [K],-0.6549932956695557,Pushes away from failure,Type,-0.08777350932359695,Pushes away from failure
524,L,300.6,311.7,1497,43.6,198,0,0.0003447853,0,Torque [Nm],-3.662238836288452,Pushes away from failure,Rotational speed [rpm],-1.9437344074249268,Pushes away from failure,Process temperature [K],-1.2264244556427002,Pushes away from failure,Tool wear [min],-1.166629433631897,Pushes away from failure,Air temperature [K],-0.7785113453865051,Pushes away from failure,Type,0.0309702567756176,Pushes toward failure
525,H,303.1,311.3,2056,19.7,167,0,0.0020431506,0,Rotational speed [rpm],-2.6905410289764404,Pushes away from failure,Torque [Nm],-2.318162202835083,Pushes away from failure,Tool wear [min],-1.441287875175476,Pushes away from failure,Type,-0.7538537979125977,Pushes away from failure,Air temperature [K],0.747455358505249,Pushes toward failure,Process temperature [K],-0.5091533064842224,Pushes away from failure
526,M,300.2,310.2,1429,43.8,54,0,0.0012408084,0,Torque [Nm],-3.0774600505828857,Pushes away from failure,Air temperature [K],-1.7043792009353638,Pushes away from failure,Tool wear [min],-1.566419005393982,Pushes away from failure,Rotational speed [rpm],-0.764133095741272,Pushes away from failure,Type,-0.2856031060218811,Pushes away from failure,Process temperature [K],-0.06707783043384552,Pushes away from failure
527,H,300.4,311.3,2026,20.3,26,0,0.00066188985,0,Tool wear [min],-2.385009765625,Pushes away from failure,Rotational speed [rpm],-1.6912920475006104,Pushes away from failure,Torque [Nm],-1.6010618209838867,Pushes away from failure,Type,-0.8913934230804443,Pushes away from failure,Air temperature [K],-0.8175511956214905,Pushes away from failure,Process temperature [K],-0.7077654600143433,Pushes away from failure
528,H,297.8,309.2,1648,33.0,29,0,0.0003390651,0,Torque [Nm],-2.5275015830993652,Pushes away from failure,Tool wear [min],-2.0289318561553955,Pushes away from failure,Rotational speed [rpm],-1.9857158660888672,Pushes away from failure,Air temperature [K],-1.5118627548217773,Pushes away from failure,Process temperature [K],-0.45181429386138916,Pushes away from failure,Type,-0.2574789226055145,Pushes away from failure
529,M,298.0,308.2,1395,49.1,206,0,0.025734657,0,Torque [Nm],-2.351409673690796,Pushes away from failure,Air temperature [K],-1.5025568008422852,Pushes away from failure,Tool wear [min],1.4051166772842407,Pushes toward failure,Type,-1.058843970298767,Pushes away from failure,Rotational speed [rpm],-0.697092592716217,Pushes away from failure,Process temperature [K],-0.2033829540014267,Pushes away from failure
530,M,299.7,310.7,1498,37.8,146,0,0.0033207529,0,Torque [Nm],-1.7570935487747192,Pushes away from failure,Tool wear [min],-1.7186964750289917,Pushes away from failure,Rotational speed [rpm],-1.5050636529922485,Pushes away from failure,Air temperature [K],-0.959679126739502,Pushes away from failure,Type,-0.3543051481246948,Pushes away from failure,Process temperature [K],-0.1837247610092163,Pushes away from failure
531,M,298.1,307.8,1569,31.2,131,0,0.0012991348,0,Torque [Nm],-2.6011979579925537,Pushes away from failure,Tool wear [min],-2.118668794631958,Pushes away from failure,Rotational speed [rpm],-1.558989405632019,Pushes away from failure,Air temperature [K],-1.238614797592163,Pushes away from failure,Process temperature [K],0.4481683671474457,Pushes toward failure,Type,-0.34977632761001587,Pushes away from failure
532,H,299.9,309.8,1400,48.7,119,0,0.009032196,0,Air temperature [K],-1.8539012670516968,Pushes away from failure,Tool wear [min],-1.6082791090011597,Pushes away from failure,Torque [Nm],-1.5337519645690918,Pushes away from failure,Rotational speed [rpm],-0.7083274126052856,Pushes away from failure,Process temperature [K],0.6353538036346436,Pushes toward failure,Type,-0.4033060371875763,Pushes away from failure
533,H,299.2,308.7,1375,55.1,78,0,0.004190046,0,Air temperature [K],-2.4244298934936523,Pushes away from failure,Tool wear [min],-1.7980655431747437,Pushes away from failure,Torque [Nm],-1.4579519033432007,Pushes away from failure,Rotational speed [rpm],0.7522762417793274,Pushes toward failure,Type,-0.7444126009941101,Pushes away from failure,Process temperature [K],-0.5725874900817871,Pushes away from failure
534,M,298.9,310.0,1456,43.8,15,0,0.0004030973,0,Torque [Nm],-3.0976860523223877,Pushes away from failure,Rotational speed [rpm],-1.885568618774414,Pushes away from failure,Tool wear [min],-1.6108014583587646,Pushes away from failure,Air temperature [K],-1.187626600265503,Pushes away from failure,Process temperature [K],-0.4976222813129425,Pushes away from failure,Type,-0.3109457492828369,Pushes away from failure
535,L,302.2,311.6,1462,50.0,51,0,0.0013250785,0,Rotational speed [rpm],-2.3379054069519043,Pushes away from failure,Tool wear [min],-2.1645500659942627,Pushes away from failure,Torque [Nm],-1.480945348739624,Pushes away from failure,Process temperature [K],-1.2933794260025024,Pushes away from failure,Air temperature [K],-0.13813376426696777,Pushes away from failure,Type,0.015631254762411118,Pushes toward failure
536,M,299.1,308.7,2008,20.3,178,0,0.01330557,0,Torque [Nm],-1.729404091835022,Pushes away from failure,Rotational speed [rpm],-1.2535102367401123,Pushes away from failure,Tool wear [min],-0.9243413805961609,Pushes away from failure,Air temperature [K],-0.644614040851593,Pushes away from failure,Process temperature [K],-0.2855445444583893,Pushes away from failure,Type,-0.24308723211288452,Pushes away from failure
537,L,303.3,311.3,1350,48.1,32,1,0.9947463,1,Air temperature [K],3.414989471435547,Pushes toward failure,Rotational speed [rpm],2.3458027839660645,Pushes toward failure,Tool wear [min],-0.8204846382141113,Pushes away from failure,Torque [Nm],-0.2513671815395355,Pushes away from failure,Process temperature [K],-0.24521759152412415,Pushes away from failure,Type,0.02551160752773285,Pushes toward failure
538,L,303.1,311.2,1394,45.3,144,0,0.09073633,0,Rotational speed [rpm],-1.7827404737472534,Pushes away from failure,Air temperature [K],1.7090846300125122,Pushes toward failure,Tool wear [min],-1.3868378400802612,Pushes away from failure,Torque [Nm],-1.054083228111267,Pushes away from failure,Process temperature [K],-0.5285508632659912,Pushes away from failure,Type,-0.035875044763088226,Pushes away from failure
539,L,297.9,307.5,1574,35.8,153,0,0.0030040203,0,Torque [Nm],-2.1190998554229736,Pushes away from failure,Tool wear [min],-2.0531868934631348,Pushes away from failure,Rotational speed [rpm],-1.5247008800506592,Pushes away from failure,Air temperature [K],-1.4466572999954224,Pushes away from failure,Process temperature [K],0.6012471914291382,Pushes toward failure,Type,-0.03672357648611069,Pushes away from failure
540,L,300.7,311.7,1910,19.7,13,0,0.0006899077,0,Tool wear [min],-2.4036927223205566,Pushes away from failure,Rotational speed [rpm],-1.8073054552078247,Pushes away from failure,Torque [Nm],-1.7861769199371338,Pushes away from failure,Air temperature [K],-1.0105376243591309,Pushes away from failure,Process temperature [K],-0.9742893576622009,Pushes away from failure,Type,-0.07058259844779968,Pushes away from failure
541,L,300.4,309.3,1766,28.2,207,0,0.030781688,0,Rotational speed [rpm],-2.5174784660339355,Pushes away from failure,Torque [Nm],-2.1967403888702393,Pushes away from failure,Tool wear [min],2.0784945487976074,Pushes toward failure,Process temperature [K],-0.9643529653549194,Pushes away from failure,Air temperature [K],-0.5581064820289612,Pushes away from failure,Type,-0.06571157276630402,Pushes away from failure
542,M,302.5,311.9,1347,54.3,125,0,0.44207382,0,Process temperature [K],-1.4956951141357422,Pushes away from failure,Rotational speed [rpm],1.394522786140442,Pushes toward failure,Tool wear [min],-1.3341745138168335,Pushes away from failure,Air temperature [K],1.0609312057495117,Pushes toward failure,Type,-0.4058770537376404,Pushes away from failure,Torque [Nm],-0.22677969932556152,Pushes away from failure
543,L,295.8,306.4,1356,48.0,99,0,0.003928645,0,Air temperature [K],-2.624506711959839,Pushes away from failure,Torque [Nm],-1.9952927827835083,Pushes away from failure,Tool wear [min],-1.8694709539413452,Pushes away from failure,Rotational speed [rpm],0.6968755722045898,Pushes toward failure,Process temperature [K],-0.5284804701805115,Pushes away from failure,Type,0.011024082079529762,Pushes toward failure
544,M,297.3,308.3,1544,41.7,6,0,0.0003129701,0,Torque [Nm],-3.0251827239990234,Pushes away from failure,Tool wear [min],-2.2021384239196777,Pushes away from failure,Rotational speed [rpm],-1.6895564794540405,Pushes away from failure,Air temperature [K],-1.5714802742004395,Pushes away from failure,Type,-0.2536623477935791,Pushes away from failure,Process temperature [K],-0.1013946458697319,Pushes away from failure
545,L,301.7,310.8,1493,47.6,145,0,0.017562702,0,Rotational speed [rpm],-1.9680495262145996,Pushes away from failure,Torque [Nm],-1.4247848987579346,Pushes away from failure,Tool wear [min],-1.1226292848587036,Pushes away from failure,Air temperature [K],-0.24066999554634094,Pushes away from failure,Process temperature [K],-0.07258093357086182,Pushes away from failure,Type,0.030131716281175613,Pushes toward failure
546,L,301.0,310.4,1614,31.6,84,0,0.00068930996,0,Torque [Nm],-2.649538278579712,Pushes away from failure,Rotational speed [rpm],-2.5511884689331055,Pushes away from failure,Tool wear [min],-1.8130500316619873,Pushes away from failure,Air temperature [K],-0.808607816696167,Pushes away from failure,Process temperature [K],-0.17867499589920044,Pushes away from failure,Type,-0.05239316076040268,Pushes away from failure
547,M,299.4,309.3,1485,47.1,209,0,0.07088769,0,Tool wear [min],2.3393473625183105,Pushes toward failure,Torque [Nm],-2.034632444381714,Pushes away from failure,Rotational speed [rpm],-1.3843894004821777,Pushes away from failure,Process temperature [K],-0.8254774808883667,Pushes away from failure,Type,-0.7383028268814087,Pushes away from failure,Air temperature [K],-0.7040046453475952,Pushes away from failure
548,L,300.7,309.9,1815,27.0,190,0,0.003599322,0,Rotational speed [rpm],-2.5170228481292725,Pushes away from failure,Torque [Nm],-2.3709089756011963,Pushes away from failure,Tool wear [min],-0.9875559210777283,Pushes away from failure,Air temperature [K],-0.8823735117912292,Pushes away from failure,Process temperature [K],0.44402870535850525,Pushes toward failure,Type,-0.08389260619878769,Pushes away from failure
549,M,303.9,312.7,1485,43.3,174,0,0.0006285462,0,Torque [Nm],-3.101861000061035,Pushes away from failure,Process temperature [K],-2.3685412406921387,Pushes away from failure,Rotational speed [rpm],-2.0059187412261963,Pushes away from failure,Tool wear [min],-1.4554060697555542,Pushes away from failure,Air temperature [K],1.0271177291870117,Pushes toward failure,Type,-0.24118651449680328,Pushes away from failure
550,M,297.4,309.4,1539,42.2,134,0,0.00034651993,0,Torque [Nm],-3.2411890029907227,Pushes away from failure,Tool wear [min],-1.7318426370620728,Pushes away from failure,Rotational speed [rpm],-1.697439193725586,Pushes away from failure,Air temperature [K],-1.5194376707077026,Pushes away from failure,Type,-0.2765246033668518,Pushes away from failure,Process temperature [K],-0.27511540055274963,Pushes away from failure
551,M,298.2,309.0,1441,44.2,147,0,0.0025089837,0,Torque [Nm],-3.0939323902130127,Pushes away from failure,Air temperature [K],-1.5582679510116577,Pushes away from failure,Tool wear [min],-1.4854481220245361,Pushes away from failure,Process temperature [K],-0.46200013160705566,Pushes away from failure,Type,-0.4083932936191559,Pushes away from failure,Rotational speed [rpm],0.2483510673046112,Pushes toward failure
552,H,300.7,310.3,1369,50.7,12,0,0.011393842,0,Air temperature [K],-2.6842169761657715,Pushes away from failure,Torque [Nm],-1.6890881061553955,Pushes away from failure,Tool wear [min],-1.511914849281311,Pushes away from failure,Rotational speed [rpm],1.2096450328826904,Pushes toward failure,Type,-0.8427427411079407,Pushes away from failure,Process temperature [K],0.280769944190979,Pushes toward failure
553,H,302.8,312.4,1411,53.8,246,1,0.87743676,1,Tool wear [min],4.294004440307617,Pushes toward failure,Process temperature [K],-1.6230871677398682,Pushes away from failure,Type,-1.0195313692092896,Pushes away from failure,Rotational speed [rpm],-1.0007975101470947,Pushes away from failure,Torque [Nm],0.5202334523200989,Pushes toward failure,Air temperature [K],0.023232700303196907,Pushes toward failure
554,L,303.0,311.2,1800,23.7,61,0,0.0012005841,0,Rotational speed [rpm],-3.573805093765259,Pushes away from failure,Torque [Nm],-2.524050235748291,Pushes away from failure,Tool wear [min],-1.608040452003479,Pushes away from failure,Air temperature [K],0.7181299328804016,Pushes toward failure,Process temperature [K],-0.3935036063194275,Pushes away from failure,Type,-0.11680123209953308,Pushes away from failure
555,L,298.9,308.7,1433,44.7,108,0,0.004652488,0,Torque [Nm],-2.145094633102417,Pushes away from failure,Tool wear [min],-1.7919025421142578,Pushes away from failure,Air temperature [K],-1.0818158388137817,Pushes away from failure,Rotational speed [rpm],-0.6612775921821594,Pushes away from failure,Process temperature [K],-0.42613863945007324,Pushes away from failure,Type,-0.03378532826900482,Pushes away from failure
556,L,295.5,306.1,1488,40.7,31,0,0.0008781089,0,Torque [Nm],-2.895411968231201,Pushes away from failure,Tool wear [min],-1.9034433364868164,Pushes away from failure,Rotational speed [rpm],-1.8808807134628296,Pushes away from failure,Air temperature [K],-1.352146029472351,Pushes away from failure,Process temperature [K],0.2372962385416031,Pushes toward failure,Type,-0.016604404896497726,Pushes away from failure
557,L,299.1,308.2,1319,60.3,36,0,0.043135356,0,Tool wear [min],-2.7069365978240967,Pushes away from failure,Air temperature [K],-2.3883862495422363,Pushes away from failure,Torque [Nm],1.041332483291626,Pushes toward failure,Process temperature [K],0.191257044672966,Pushes toward failure,Rotational speed [rpm],-0.06304603815078735,Pushes away from failure,Type,0.05213526636362076,Pushes toward failure
558,M,300.7,310.6,1474,37.0,33,0,0.0009193286,0,Torque [Nm],-2.5781562328338623,Pushes away from failure,Rotational speed [rpm],-1.8739063739776611,Pushes away from failure,Tool wear [min],-1.726275086402893,Pushes away from failure,Air temperature [K],-1.0659122467041016,Pushes away from failure,Type,-0.35248804092407227,Pushes away from failure,Process temperature [K],-0.16853520274162292,Pushes away from failure
559,L,302.4,312.0,1305,49.1,16,0,0.08555454,0,Process temperature [K],-2.3199071884155273,Pushes away from failure,Tool wear [min],-1.2651727199554443,Pushes away from failure,Rotational speed [rpm],1.1442286968231201,Pushes toward failure,Torque [Nm],-0.9844166040420532,Pushes away from failure,Air temperature [K],0.26520025730133057,Pushes toward failure,Type,0.01657922938466072,Pushes toward failure
560,L,300.0,310.4,1505,44.9,133,0,0.00076369283,0,Rotational speed [rpm],-2.067180871963501,Pushes away from failure,Torque [Nm],-1.9961555004119873,Pushes away from failure,Tool wear [min],-1.8987345695495605,Pushes away from failure,Air temperature [K],-1.683573603630066,Pushes away from failure,Process temperature [K],-0.24833500385284424,Pushes away from failure,Type,-0.05692587420344353,Pushes away from failure
561,L,298.0,307.7,1643,32.3,200,0,0.002647097,0,Torque [Nm],-2.8187122344970703,Pushes away from failure,Rotational speed [rpm],-2.411938428878784,Pushes away from failure,Air temperature [K],-0.9745138883590698,Pushes away from failure,Tool wear [min],-0.9722586870193481,Pushes away from failure,Process temperature [K],0.4684299826622009,Pushes toward failure,Type,0.003026086837053299,Pushes toward failure
562,M,298.1,307.9,1446,42.8,121,0,0.00090763357,0,Torque [Nm],-3.175340414047241,Pushes away from failure,Tool wear [min],-1.8229609727859497,Pushes away from failure,Air temperature [K],-1.5780481100082397,Pushes away from failure,Rotational speed [rpm],-0.4557500183582306,Pushes away from failure,Process temperature [K],-0.38791877031326294,Pushes away from failure,Type,-0.3580693006515503,Pushes away from failure
563,L,298.7,310.2,1566,33.1,68,0,0.00065031927,0,Torque [Nm],-2.6996121406555176,Pushes away from failure,Rotational speed [rpm],-2.213385581970215,Pushes away from failure,Tool wear [min],-1.9494620561599731,Pushes away from failure,Air temperature [K],-1.0520455837249756,Pushes away from failure,Process temperature [K],-0.17530839145183563,Pushes away from failure,Type,-0.021904682740569115,Pushes away from failure
564,M,301.2,310.4,1697,30.0,120,0,0.0015831181,0,Torque [Nm],-2.040937900543213,Pushes away from failure,Tool wear [min],-1.9827938079833984,Pushes away from failure,Rotational speed [rpm],-1.8782199621200562,Pushes away from failure,Air temperature [K],-1.0375268459320068,Pushes away from failure,Process temperature [K],-0.17911823093891144,Pushes away from failure,Type,-0.10250595957040787,Pushes away from failure
565,L,302.4,311.0,2211,15.4,203,0,0.13926537,0,Rotational speed [rpm],-1.12742280960083,Pushes away from failure,Air temperature [K],-0.9931889176368713,Pushes away from failure,Process temperature [K],-0.9277674555778503,Pushes away from failure,Tool wear [min],0.5600371360778809,Pushes toward failure,Type,-0.11012370884418488,Pushes away from failure,Torque [Nm],0.002735607326030731,Pushes toward failure
566,L,299.3,309.0,1473,46.3,146,0,0.002356911,0,Torque [Nm],-2.05293869972229,Pushes away from failure,Tool wear [min],-1.681242823600769,Pushes away from failure,Rotational speed [rpm],-1.5069725513458252,Pushes away from failure,Air temperature [K],-1.0297051668167114,Pushes away from failure,Process temperature [K],-0.5218162536621094,Pushes away from failure,Type,-0.029693152755498886,Pushes away from failure
567,L,302.5,312.0,1574,33.8,63,0,0.00016238469,0,Rotational speed [rpm],-2.8903019428253174,Pushes away from failure,Torque [Nm],-2.661027669906616,Pushes away from failure,Tool wear [min],-2.157266855239868,Pushes away from failure,Process temperature [K],-1.4138776063919067,Pushes away from failure,Air temperature [K],-0.32398560643196106,Pushes away from failure,Type,-0.053245171904563904,Pushes away from failure
568,L,299.0,310.4,1713,28.0,116,0,0.0016508295,0,Rotational speed [rpm],-2.0958995819091797,Pushes away from failure,Torque [Nm],-2.0339901447296143,Pushes away from failure,Tool wear [min],-1.7777602672576904,Pushes away from failure,Air temperature [K],-0.8712701797485352,Pushes away from failure,Process temperature [K],-0.35018929839134216,Pushes away from failure,Type,-0.050037093460559845,Pushes away from failure
569,L,300.5,311.9,1350,51.7,18,0,0.004153951,0,Tool wear [min],-2.2541096210479736,Pushes away from failure,Air temperature [K],-2.227327823638916,Pushes away from failure,Torque [Nm],-1.569697618484497,Pushes away from failure,Process temperature [K],-0.8148559927940369,Pushes away from failure,Rotational speed [rpm],0.49259835481643677,Pushes toward failure,Type,0.11953531205654144,Pushes toward failure
570,L,302.2,311.8,1618,36.0,158,0,0.00038361383,0,Rotational speed [rpm],-3.136646032333374,Pushes away from failure,Torque [Nm],-2.4703142642974854,Pushes away from failure,Tool wear [min],-1.848695993423462,Pushes away from failure,Process temperature [K],-0.7706365585327148,Pushes away from failure,Air temperature [K],-0.28256967663764954,Pushes away from failure,Type,-0.13095378875732422,Pushes away from failure
571,L,302.9,312.5,1550,45.5,72,0,0.00071203464,0,Process temperature [K],-2.474069833755493,Pushes away from failure,Rotational speed [rpm],-2.3597140312194824,Pushes away from failure,Tool wear [min],-1.9282954931259155,Pushes away from failure,Torque [Nm],-1.6449426412582397,Pushes away from failure,Air temperature [K],0.43091610074043274,Pushes toward failure,Type,-0.04488908872008324,Pushes away from failure
572,M,300.7,309.5,1733,26.7,108,0,0.0023967912,0,Torque [Nm],-1.9923017024993896,Pushes away from failure,Rotational speed [rpm],-1.8369888067245483,Pushes away from failure,Tool wear [min],-1.6096546649932861,Pushes away from failure,Air temperature [K],-1.0836334228515625,Pushes away from failure,Type,-0.1681559681892395,Pushes away from failure,Process temperature [K],-0.11481530219316483,Pushes away from failure
573,L,302.3,310.9,1459,35.0,32,0,0.0027949386,0,Rotational speed [rpm],-2.930758237838745,Pushes away from failure,Torque [Nm],-2.676182508468628,Pushes away from failure,Tool wear [min],-1.8634538650512695,Pushes away from failure,Process temperature [K],0.4507353901863098,Pushes toward failure,Air temperature [K],0.3772381842136383,Pushes toward failure,Type,-0.009047670289874077,Pushes away from failure
574,L,301.7,311.1,1455,39.8,118,0,0.00078976026,0,Torque [Nm],-2.9305946826934814,Pushes away from failure,Tool wear [min],-2.0520505905151367,Pushes away from failure,Rotational speed [rpm],-1.2334599494934082,Pushes away from failure,Process temperature [K],-1.1137069463729858,Pushes away from failure,Air temperature [K],-0.5760670304298401,Pushes away from failure,Type,-0.011434638872742653,Pushes away from failure
575,M,298.9,310.6,1679,35.8,14,0,0.0007870252,0,Torque [Nm],-2.2343573570251465,Pushes away from failure,Tool wear [min],-2.118377208709717,Pushes away from failure,Rotational speed [rpm],-1.698754906654358,Pushes away from failure,Air temperature [K],-1.3691047430038452,Pushes away from failure,Type,-0.2616789937019348,Pushes away from failure,Process temperature [K],-0.23851244151592255,Pushes away from failure
576,L,299.3,309.0,1449,46.5,121,0,0.0030220195,0,Torque [Nm],-2.0963833332061768,Pushes away from failure,Tool wear [min],-2.039949417114258,Pushes away from failure,Air temperature [K],-1.067383050918579,Pushes away from failure,Rotational speed [rpm],-0.8634359836578369,Pushes away from failure,Process temperature [K],-0.49803146719932556,Pushes away from failure,Type,-0.00794555526226759,Pushes away from failure
577,L,302.3,311.5,1448,49.6,28,0,0.002505573,0,Tool wear [min],-2.2078018188476562,Pushes away from failure,Rotational speed [rpm],-1.8514572381973267,Pushes away from failure,Torque [Nm],-1.560205340385437,Pushes away from failure,Process temperature [K],-1.1782784461975098,Pushes away from failure,Air temperature [K],0.049886953085660934,Pushes toward failure,Type,-0.013198837637901306,Pushes away from failure
578,L,302.2,311.2,1649,33.2,9,0,0.00015795519,0,Rotational speed [rpm],-3.27347731590271,Pushes away from failure,Torque [Nm],-2.646279811859131,Pushes away from failure,Tool wear [min],-2.2114570140838623,Pushes away from failure,Process temperature [K],-1.0087246894836426,Pushes away from failure,Air temperature [K],-0.3029014766216278,Pushes away from failure,Type,-0.08452810347080231,Pushes away from failure
579,L,297.2,308.6,1366,50.4,74,0,0.0035006045,0,Air temperature [K],-2.479320526123047,Pushes away from failure,Tool wear [min],-2.045487880706787,Pushes away from failure,Torque [Nm],-1.9750726222991943,Pushes away from failure,Rotational speed [rpm],0.8473204970359802,Pushes toward failure,Process temperature [K],-0.8367571830749512,Pushes away from failure,Type,0.0636797696352005,Pushes toward failure
580,L,302.5,312.0,1495,38.8,186,0,0.00048512412,0,Torque [Nm],-2.856048583984375,Pushes away from failure,Rotational speed [rpm],-2.1502492427825928,Pushes away from failure,Tool wear [min],-1.6359279155731201,Pushes away from failure,Process temperature [K],-1.2715497016906738,Pushes away from failure,Air temperature [K],-0.49101880192756653,Pushes away from failure,Type,-0.0001527797430753708,Pushes away from failure
581,L,298.9,308.5,1503,40.6,145,0,0.0031366365,0,Torque [Nm],-2.7702112197875977,Pushes away from failure,Rotational speed [rpm],-1.4986159801483154,Pushes away from failure,Tool wear [min],-1.2915475368499756,Pushes away from failure,Air temperature [K],-0.8818143606185913,Pushes away from failure,Process temperature [K],-0.08233454823493958,Pushes away from failure,Type,-0.01126457192003727,Pushes away from failure
582,H,297.7,307.2,1429,44.1,26,0,0.0013150583,0,Torque [Nm],-3.1191470623016357,Pushes away from failure,Tool wear [min],-1.8710137605667114,Pushes away from failure,Air temperature [K],-1.5566370487213135,Pushes away from failure,Rotational speed [rpm],-0.597795307636261,Pushes away from failure,Type,-0.36959365010261536,Pushes away from failure,Process temperature [K],0.10730224847793579,Pushes toward failure
583,H,303.3,312.6,1692,29.0,125,0,0.000985733,0,Process temperature [K],-2.2058448791503906,Pushes away from failure,Rotational speed [rpm],-2.138803005218506,Pushes away from failure,Tool wear [min],-1.9320114850997925,Pushes away from failure,Type,-0.89806067943573,Pushes away from failure,Torque [Nm],-0.739197313785553,Pushes away from failure,Air temperature [K],0.21845270693302155,Pushes toward failure
584,M,298.9,309.6,1567,34.5,204,0,0.020950906,0,Torque [Nm],-2.337879180908203,Pushes away from failure,Rotational speed [rpm],-1.3965129852294922,Pushes away from failure,Tool wear [min],1.15146803855896,Pushes toward failure,Air temperature [K],-0.8053395748138428,Pushes away from failure,Type,-0.6300374865531921,Pushes away from failure,Process temperature [K],-0.6004238128662109,Pushes away from failure
585,H,296.9,307.9,1557,36.5,63,0,0.00051639584,0,Torque [Nm],-2.5561363697052,Pushes away from failure,Tool wear [min],-2.2971248626708984,Pushes away from failure,Rotational speed [rpm],-1.8131160736083984,Pushes away from failure,Air temperature [K],-1.397326111793518,Pushes away from failure,Type,-0.26839524507522583,Pushes away from failure,Process temperature [K],-0.010346873663365841,Pushes away from failure
586,L,298.0,307.6,1385,45.0,158,0,0.003174146,0,Tool wear [min],-2.1863112449645996,Pushes away from failure,Torque [Nm],-2.033024311065674,Pushes away from failure,Air temperature [K],-1.7306828498840332,Pushes away from failure,Rotational speed [rpm],-0.25297024846076965,Pushes away from failure,Process temperature [K],-0.23650206625461578,Pushes away from failure,Type,-0.08437451720237732,Pushes away from failure
587,L,303.7,312.4,1513,40.1,135,0,0.0006685491,0,Torque [Nm],-2.8891024589538574,Pushes away from failure,Process temperature [K],-2.1405649185180664,Pushes away from failure,Rotational speed [rpm],-2.0980982780456543,Pushes away from failure,Tool wear [min],-2.0525941848754883,Pushes away from failure,Air temperature [K],1.112897276878357,Pushes toward failure,Type,-0.016592565923929214,Pushes away from failure
588,M,298.3,308.3,1379,48.0,181,0,0.0026778192,0,Air temperature [K],-2.3510940074920654,Pushes away from failure,Torque [Nm],-1.9716744422912598,Pushes away from failure,Tool wear [min],-1.5317074060440063,Pushes away from failure,Type,-0.7049208283424377,Pushes away from failure,Process temperature [K],-0.6067506074905396,Pushes away from failure,Rotational speed [rpm],0.4717486798763275,Pushes toward failure
589,L,297.7,308.4,1487,41.4,84,0,0.00043449938,0,Torque [Nm],-2.9929094314575195,Pushes away from failure,Tool wear [min],-2.117215871810913,Pushes away from failure,Rotational speed [rpm],-1.6908750534057617,Pushes away from failure,Air temperature [K],-1.4708006381988525,Pushes away from failure,Process temperature [K],-0.2469363957643509,Pushes away from failure,Type,0.003530365414917469,Pushes toward failure
590,H,299.0,310.1,1432,50.0,45,0,0.0036538995,0,Tool wear [min],-1.8704153299331665,Pushes away from failure,Torque [Nm],-1.7293211221694946,Pushes away from failure,Air temperature [K],-1.48286771774292,Pushes away from failure,Rotational speed [rpm],-0.7738995552062988,Pushes away from failure,Type,-0.6692895293235779,Pushes away from failure,Process temperature [K],0.14316977560520172,Pushes toward failure
591,L,303.4,311.5,1879,21.3,78,0,0.003759344,0,Rotational speed [rpm],-3.2522497177124023,Pushes away from failure,Torque [Nm],-2.2903966903686523,Pushes away from failure,Tool wear [min],-1.2781853675842285,Pushes away from failure,Air temperature [K],0.8382553458213806,Pushes toward failure,Process temperature [K],-0.25887930393218994,Pushes away from failure,Type,-0.11261458694934845,Pushes away from failure
592,M,300.7,310.8,1452,47.9,77,0,0.013863387,0,Air temperature [K],-1.2086753845214844,Pushes away from failure,Torque [Nm],-1.1467795372009277,Pushes away from failure,Rotational speed [rpm],-1.1297006607055664,Pushes away from failure,Tool wear [min],-1.101085901260376,Pushes away from failure,Type,-0.45069044828414917,Pushes away from failure,Process temperature [K],-0.0019373204559087753,Pushes away from failure
593,M,299.0,308.6,1645,33.4,22,0,0.00039864398,0,Torque [Nm],-2.686060667037964,Pushes away from failure,Rotational speed [rpm],-2.180131435394287,Pushes away from failure,Tool wear [min],-2.0846173763275146,Pushes away from failure,Air temperature [K],-0.9941307902336121,Pushes away from failure,Process temperature [K],-0.3985466957092285,Pushes away from failure,Type,-0.257883757352829,Pushes away from failure
594,L,298.2,309.0,1601,35.8,43,0,0.00031862318,0,Torque [Nm],-2.5054428577423096,Pushes away from failure,Tool wear [min],-2.3275911808013916,Pushes away from failure,Rotational speed [rpm],-2.185187578201294,Pushes away from failure,Air temperature [K],-1.1459944248199463,Pushes away from failure,Process temperature [K],-0.5867323875427246,Pushes away from failure,Type,-0.07455819845199585,Pushes away from failure
595,H,300.6,312.1,1354,46.9,138,0,0.00022165084,0,Process temperature [K],-2.7521989345550537,Pushes away from failure,Tool wear [min],-2.1391701698303223,Pushes away from failure,Torque [Nm],-1.968719720840454,Pushes away from failure,Air temperature [K],-1.8730765581130981,Pushes away from failure,Type,-0.6880911588668823,Pushes away from failure,Rotational speed [rpm],0.2327398657798767,Pushes toward failure
596,L,298.7,308.5,1467,40.7,106,0,0.0013357768,0,Torque [Nm],-2.7296414375305176,Pushes away from failure,Tool wear [min],-2.13993239402771,Pushes away from failure,Rotational speed [rpm],-1.5369813442230225,Pushes away from failure,Air temperature [K],-0.8565092086791992,Pushes away from failure,Process temperature [K],-0.12538330256938934,Pushes away from failure,Type,-0.0027840202674269676,Pushes away from failure
597,L,298.6,309.4,1375,55.4,145,0,0.020138336,0,Air temperature [K],-2.1627516746520996,Pushes away from failure,Tool wear [min],-1.9506471157073975,Pushes away from failure,Torque [Nm],-1.0536364316940308,Pushes away from failure,Rotational speed [rpm],0.8938563466072083,Pushes toward failure,Process temperature [K],-0.5039068460464478,Pushes away from failure,Type,0.11797364801168442,Pushes toward failure
598,L,303.0,311.2,1511,45.7,184,0,0.015029126,0,Rotational speed [rpm],-2.7120256423950195,Pushes away from failure,Torque [Nm],-1.678221583366394,Pushes away from failure,Air temperature [K],1.4382683038711548,Pushes toward failure,Tool wear [min],-1.4155821800231934,Pushes away from failure,Process temperature [K],-0.5925590395927429,Pushes away from failure,Type,0.0031753266230225563,Pushes toward failure
599,L,299.1,308.3,1489,38.1,32,0,0.0012322635,0,Torque [Nm],-2.5091633796691895,Pushes away from failure,Tool wear [min],-2.348658561706543,Pushes away from failure,Rotational speed [rpm],-1.5790162086486816,Pushes away from failure,Air temperature [K],-0.8971266150474548,Pushes away from failure,Process temperature [K],-0.13649041950702667,Pushes away from failure,Type,-0.001543516293168068,Pushes away from failure
600,L,297.3,308.5,1350,57.6,186,0,0.13352123,0,Air temperature [K],-2.4756739139556885,Pushes away from failure,Torque [Nm],1.0105427503585815,Pushes toward failure,Tool wear [min],-0.9693450927734375,Pushes away from failure,Process temperature [K],-0.35179755091667175,Pushes away from failure,Type,0.18623395264148712,Pushes toward failure,Rotational speed [rpm],-0.0444621667265892,Pushes away from failure
601,L,303.8,312.8,1443,40.7,145,0,0.0036106573,0,Torque [Nm],-2.6815900802612305,Pushes away from failure,Process temperature [K],-2.41658353805542,Pushes away from failure,Tool wear [min],-1.4374308586120605,Pushes away from failure,Air temperature [K],0.9108672738075256,Pushes toward failure,Rotational speed [rpm],-0.7572623491287231,Pushes away from failure,Type,-0.012574313208460808,Pushes away from failure
602,L,296.5,307.5,1566,35.1,206,0,0.6546215,1,Tool wear [min],3.074101448059082,Pushes toward failure,Torque [Nm],-1.5386799573898315,Pushes away from failure,Rotational speed [rpm],-1.2936121225357056,Pushes away from failure,Air temperature [K],-1.2277741432189941,Pushes away from failure,Process temperature [K],0.8396207690238953,Pushes toward failure,Type,0.011435527354478836,Pushes toward failure
603,L,301.1,311.7,1408,46.3,135,0,0.0010668203,0,Tool wear [min],-2.1643002033233643,Pushes away from failure,Torque [Nm],-1.5993597507476807,Pushes away from failure,Process temperature [K],-1.5221222639083862,Pushes away from failure,Air temperature [K],-1.2449016571044922,Pushes away from failure,Rotational speed [rpm],-1.063557505607605,Pushes away from failure,Type,-0.022091025486588478,Pushes away from failure
604,L,304.1,313.3,1470,39.9,70,0,0.0010203997,0,Torque [Nm],-2.6613221168518066,Pushes away from failure,Tool wear [min],-2.0868139266967773,Pushes away from failure,Rotational speed [rpm],-1.9502177238464355,Pushes away from failure,Process temperature [K],-1.9339067935943604,Pushes away from failure,Air temperature [K],1.0025566816329956,Pushes toward failure,Type,-0.031158849596977234,Pushes away from failure
605,M,301.5,310.6,1638,31.9,137,0,0.00050057704,0,Torque [Nm],-2.5537188053131104,Pushes away from failure,Rotational speed [rpm],-2.452152729034424,Pushes away from failure,Tool wear [min],-1.9004749059677124,Pushes away from failure,Air temperature [K],-1.049343228340149,Pushes away from failure,Type,-0.2706032693386078,Pushes away from failure,Process temperature [K],-0.14728261530399323,Pushes away from failure
606,L,300.8,312.0,1496,40.0,175,0,0.0004687175,0,Torque [Nm],-2.991762161254883,Pushes away from failure,Rotational speed [rpm],-1.6892673969268799,Pushes away from failure,Tool wear [min],-1.6867702007293701,Pushes away from failure,Air temperature [K],-1.0599242448806763,Pushes away from failure,Process temperature [K],-1.0306881666183472,Pushes away from failure,Type,0.019044993445277214,Pushes toward failure
607,H,298.6,308.4,1407,50.5,164,0,0.0027051393,0,Tool wear [min],-2.15159273147583,Pushes away from failure,Torque [Nm],-1.7854390144348145,Pushes away from failure,Air temperature [K],-1.3318760395050049,Pushes away from failure,Rotational speed [rpm],-0.8637248873710632,Pushes away from failure,Type,-0.4633702039718628,Pushes away from failure,Process temperature [K],-0.08821353316307068,Pushes away from failure
608,M,302.5,311.9,1524,34.8,86,0,0.000650712,0,Rotational speed [rpm],-2.406615972518921,Pushes away from failure,Torque [Nm],-2.3793115615844727,Pushes away from failure,Tool wear [min],-2.011455774307251,Pushes away from failure,Process temperature [K],-0.9006129503250122,Pushes away from failure,Air temperature [K],-0.21811847388744354,Pushes away from failure,Type,-0.19500404596328735,Pushes away from failure
609,L,297.2,308.1,1662,31.3,0,0,0.0004320372,0,Torque [Nm],-2.799520492553711,Pushes away from failure,Tool wear [min],-2.35672926902771,Pushes away from failure,Rotational speed [rpm],-1.6628522872924805,Pushes away from failure,Air temperature [K],-1.4214913845062256,Pushes away from failure,Process temperature [K],-0.22749219834804535,Pushes away from failure,Type,-0.052808575332164764,Pushes away from failure
610,L,297.3,308.2,1601,35.7,9,0,0.00029856386,0,Tool wear [min],-2.6225221157073975,Pushes away from failure,Torque [Nm],-2.4734010696411133,Pushes away from failure,Rotational speed [rpm],-2.2746052742004395,Pushes away from failure,Air temperature [K],-1.2880568504333496,Pushes away from failure,Process temperature [K],-0.17104262113571167,Pushes away from failure,Type,-0.060925327241420746,Pushes away from failure
611,M,302.3,311.6,1668,33.2,52,0,0.00050251797,0,Torque [Nm],-2.5542829036712646,Pushes away from failure,Rotational speed [rpm],-2.305222272872925,Pushes away from failure,Tool wear [min],-2.107896327972412,Pushes away from failure,Process temperature [K],-1.1144893169403076,Pushes away from failure,Air temperature [K],-0.22932283580303192,Pushes away from failure,Type,-0.05848345160484314,Pushes away from failure
612,M,298.7,310.0,1459,40.2,69,0,0.00068853854,0,Torque [Nm],-2.718151092529297,Pushes away from failure,Rotational speed [rpm],-1.7988098859786987,Pushes away from failure,Tool wear [min],-1.6335959434509277,Pushes away from failure,Air temperature [K],-1.0700633525848389,Pushes away from failure,Process temperature [K],-0.48121026158332825,Pushes away from failure,Type,-0.35274186730384827,Pushes away from failure
613,L,300.1,311.5,1659,31.1,203,0,0.016519096,0,Rotational speed [rpm],-2.41101336479187,Pushes away from failure,Torque [Nm],-2.3430659770965576,Pushes away from failure,Tool wear [min],1.4215692281723022,Pushes toward failure,Air temperature [K],-0.8205625414848328,Pushes away from failure,Process temperature [K],-0.6523900628089905,Pushes away from failure,Type,-0.05544188991189003,Pushes away from failure
614,L,302.6,311.8,1627,31.8,23,0,0.00033679383,0,Rotational speed [rpm],-3.5870163440704346,Pushes away from failure,Torque [Nm],-2.7331621646881104,Pushes away from failure,Tool wear [min],-2.2876124382019043,Pushes away from failure,Air temperature [K],0.503402829170227,Pushes toward failure,Process temperature [K],-0.5025461316108704,Pushes away from failure,Type,-0.1630949079990387,Pushes away from failure
615,L,300.9,310.4,1544,36.0,148,0,0.0015046019,0,Torque [Nm],-2.398994207382202,Pushes away from failure,Rotational speed [rpm],-1.8529558181762695,Pushes away from failure,Tool wear [min],-1.5528846979141235,Pushes away from failure,Air temperature [K],-1.0426342487335205,Pushes away from failure,Process temperature [K],-0.35541945695877075,Pushes away from failure,Type,-0.06915567815303802,Pushes away from failure
616,L,301.8,310.7,1547,41.7,72,0,0.0013041272,0,Torque [Nm],-3.023961305618286,Pushes away from failure,Rotational speed [rpm],-2.4964840412139893,Pushes away from failure,Tool wear [min],-1.6388121843338013,Pushes away from failure,Air temperature [K],-0.21338196098804474,Pushes away from failure,Type,-0.03771049156785011,Pushes away from failure,Process temperature [K],-0.004889140836894512,Pushes away from failure
617,L,299.7,309.1,1713,33.5,141,0,0.0013283847,0,Torque [Nm],-2.5630059242248535,Pushes away from failure,Tool wear [min],-1.931009292602539,Pushes away from failure,Rotational speed [rpm],-1.608626365661621,Pushes away from failure,Air temperature [K],-0.6452850103378296,Pushes away from failure,Process temperature [K],-0.5114004611968994,Pushes away from failure,Type,-0.13746000826358795,Pushes away from failure
618,L,300.6,309.4,1552,36.4,113,0,0.0010724682,0,Torque [Nm],-2.819932222366333,Pushes away from failure,Tool wear [min],-1.739553451538086,Pushes away from failure,Rotational speed [rpm],-1.6227246522903442,Pushes away from failure,Air temperature [K],-0.806386411190033,Pushes away from failure,Process temperature [K],-0.5341443419456482,Pushes away from failure,Type,-0.08830225467681885,Pushes away from failure
619,L,300.0,309.3,1364,41.2,104,0,0.0022853187,0,Air temperature [K],-2.5929853916168213,Pushes away from failure,Torque [Nm],-2.5370917320251465,Pushes away from failure,Tool wear [min],-1.8191276788711548,Pushes away from failure,Rotational speed [rpm],0.8525007367134094,Pushes toward failure,Process temperature [K],-0.7799003720283508,Pushes away from failure,Type,0.02331656590104103,Pushes toward failure
620,M,297.2,307.9,1456,44.9,85,0,0.0007138607,0,Torque [Nm],-2.0696609020233154,Pushes away from failure,Tool wear [min],-1.7818520069122314,Pushes away from failure,Rotational speed [rpm],-1.734444260597229,Pushes away from failure,Air temperature [K],-1.6831134557724,Pushes away from failure,Process temperature [K],-0.44050031900405884,Pushes away from failure,Type,-0.3088652491569519,Pushes away from failure
621,L,298.2,308.4,1388,53.8,137,0,0.002978885,0,Tool wear [min],-2.538883686065674,Pushes away from failure,Air temperature [K],-1.7746936082839966,Pushes away from failure,Torque [Nm],-1.4107550382614136,Pushes away from failure,Rotational speed [rpm],-0.5889092683792114,Pushes away from failure,Process temperature [K],-0.32542529702186584,Pushes away from failure,Type,0.05111798271536827,Pushes toward failure
622,H,299.3,308.9,1429,43.0,96,0,0.0023511762,0,Torque [Nm],-2.941530466079712,Pushes away from failure,Tool wear [min],-1.7907679080963135,Pushes away from failure,Air temperature [K],-0.9763631224632263,Pushes away from failure,Rotational speed [rpm],-0.585138738155365,Pushes away from failure,Type,-0.37342771887779236,Pushes away from failure,Process temperature [K],-0.15758179128170013,Pushes away from failure
623,M,298.3,308.4,1486,44.2,196,0,0.0007986953,0,Torque [Nm],-3.321000337600708,Pushes away from failure,Rotational speed [rpm],-1.5893380641937256,Pushes away from failure,Tool wear [min],-1.2886593341827393,Pushes away from failure,Air temperature [K],-1.2506535053253174,Pushes away from failure,Type,-0.4700535833835602,Pushes away from failure,Process temperature [K],0.013645986095070839,Pushes toward failure
624,L,298.0,308.2,1348,58.8,202,1,0.9624168,1,Torque [Nm],2.389965057373047,Pushes toward failure,Air temperature [K],-1.7338716983795166,Pushes away from failure,Tool wear [min],1.588273525238037,Pushes toward failure,Type,0.31291064620018005,Pushes toward failure,Process temperature [K],-0.1902211457490921,Pushes away from failure,Rotational speed [rpm],0.10151263326406479,Pushes toward failure
625,L,300.0,310.5,1412,52.4,142,0,0.0024960663,0,Tool wear [min],-2.2253406047821045,Pushes away from failure,Air temperature [K],-1.9852343797683716,Pushes away from failure,Torque [Nm],-1.2667008638381958,Pushes away from failure,Rotational speed [rpm],-1.1950669288635254,Pushes away from failure,Process temperature [K],-0.14279164373874664,Pushes away from failure,Type,0.0502675324678421,Pushes toward failure
626,L,300.6,311.9,1472,44.2,126,0,0.0004022175,0,Torque [Nm],-3.3750836849212646,Pushes away from failure,Tool wear [min],-2.0390446186065674,Pushes away from failure,Rotational speed [rpm],-1.6774590015411377,Pushes away from failure,Air temperature [K],-0.890277087688446,Pushes away from failure,Process temperature [K],-0.6265501976013184,Pushes away from failure,Type,0.015973059460520744,Pushes toward failure
627,M,300.6,310.4,1407,51.1,157,0,0.005395337,0,Tool wear [min],-1.7035059928894043,Pushes away from failure,Torque [Nm],-1.5265918970108032,Pushes away from failure,Air temperature [K],-1.3187297582626343,Pushes away from failure,Rotational speed [rpm],-1.072872519493103,Pushes away from failure,Type,-0.434467613697052,Pushes away from failure,Process temperature [K],0.0650349110364914,Pushes toward failure
628,L,301.1,311.1,1799,21.7,206,0,0.062315725,0,Rotational speed [rpm],-2.329395294189453,Pushes away from failure,Tool wear [min],2.1694977283477783,Pushes toward failure,Torque [Nm],-1.7357133626937866,Pushes away from failure,Air temperature [K],-1.0041263103485107,Pushes away from failure,Process temperature [K],-0.5186578631401062,Pushes away from failure,Type,-0.06712853908538818,Pushes away from failure
629,L,302.6,312.2,1377,45.5,54,0,0.047137864,0,Process temperature [K],-3.4129440784454346,Pushes away from failure,Tool wear [min],-1.7433228492736816,Pushes away from failure,Rotational speed [rpm],1.4929120540618896,Pushes toward failure,Torque [Nm],-1.3593379259109497,Pushes away from failure,Air temperature [K],1.2230509519577026,Pushes toward failure,Type,0.01892215572297573,Pushes toward failure
630,M,302.3,311.4,1571,32.7,17,0,0.00026164044,0,Rotational speed [rpm],-2.8685734272003174,Pushes away from failure,Torque [Nm],-2.7145373821258545,Pushes away from failure,Tool wear [min],-2.0067598819732666,Pushes away from failure,Process temperature [K],-1.0739495754241943,Pushes away from failure,Air temperature [K],-0.22827422618865967,Pushes away from failure,Type,-0.1305067390203476,Pushes away from failure
631,M,297.4,308.7,1392,46.4,174,0,0.0024980132,0,Torque [Nm],-1.9161447286605835,Pushes away from failure,Air temperature [K],-1.8440390825271606,Pushes away from failure,Tool wear [min],-1.5234566926956177,Pushes away from failure,Rotational speed [rpm],-0.6332274675369263,Pushes away from failure,Process temperature [K],-0.4526463449001312,Pushes away from failure,Type,-0.3945693075656891,Pushes away from failure
632,M,301.9,311.4,1465,39.9,153,0,0.0008596252,0,Torque [Nm],-2.904060125350952,Pushes away from failure,Rotational speed [rpm],-1.8945642709732056,Pushes away from failure,Tool wear [min],-1.4588302373886108,Pushes away from failure,Process temperature [K],-1.1311752796173096,Pushes away from failure,Type,-0.22426475584506989,Pushes away from failure,Air temperature [K],-0.21958383917808533,Pushes away from failure
633,L,301.0,310.9,1492,44.6,15,0,0.0016479086,0,Rotational speed [rpm],-2.120368719100952,Pushes away from failure,Tool wear [min],-2.093118667602539,Pushes away from failure,Torque [Nm],-2.0804574489593506,Pushes away from failure,Air temperature [K],-1.161354422569275,Pushes away from failure,Process temperature [K],0.255601704120636,Pushes toward failure,Type,0.018775008618831635,Pushes toward failure
634,M,298.9,308.9,1750,29.9,50,0,0.0006752274,0,Tool wear [min],-2.218116044998169,Pushes away from failure,Torque [Nm],-2.158963918685913,Pushes away from failure,Rotational speed [rpm],-2.001722812652588,Pushes away from failure,Air temperature [K],-1.0242308378219604,Pushes away from failure,Process temperature [K],-0.48559603095054626,Pushes away from failure,Type,-0.1854807436466217,Pushes away from failure
635,M,301.7,311.0,1505,44.0,187,0,0.0006644831,0,Torque [Nm],-3.313152313232422,Pushes away from failure,Rotational speed [rpm],-2.0363569259643555,Pushes away from failure,Tool wear [min],-1.142911434173584,Pushes away from failure,Process temperature [K],-0.8355047106742859,Pushes away from failure,Air temperature [K],-0.4269152283668518,Pushes away from failure,Type,-0.3353208899497986,Pushes away from failure
636,M,299.2,309.0,1597,30.3,115,0,0.0019842216,0,Torque [Nm],-2.0388636589050293,Pushes away from failure,Tool wear [min],-1.879723310470581,Pushes away from failure,Rotational speed [rpm],-1.8054730892181396,Pushes away from failure,Air temperature [K],-0.7301808595657349,Pushes away from failure,Process temperature [K],-0.2912893295288086,Pushes away from failure,Type,-0.24933645129203796,Pushes away from failure
637,M,298.7,308.4,1507,45.7,192,0,0.0019492612,0,Torque [Nm],-2.314419746398926,Pushes away from failure,Rotational speed [rpm],-1.7645378112792969,Pushes away from failure,Tool wear [min],-1.1630948781967163,Pushes away from failure,Air temperature [K],-1.0658347606658936,Pushes away from failure,Type,-0.49033647775650024,Pushes away from failure,Process temperature [K],-0.21445712447166443,Pushes away from failure
638,M,299.1,310.1,1570,30.9,226,0,0.46231237,0,Tool wear [min],4.192531585693359,Pushes toward failure,Torque [Nm],-1.5788452625274658,Pushes away from failure,Rotational speed [rpm],-1.4672605991363525,Pushes away from failure,Air temperature [K],-0.8877841234207153,Pushes away from failure,Process temperature [K],-0.6353567838668823,Pushes away from failure,Type,-0.5486454367637634,Pushes away from failure
639,M,298.0,308.7,1494,42.6,96,0,0.0004881949,0,Torque [Nm],-3.2545266151428223,Pushes away from failure,Tool wear [min],-1.8045332431793213,Pushes away from failure,Air temperature [K],-1.5391700267791748,Pushes away from failure,Rotational speed [rpm],-1.3514890670776367,Pushes away from failure,Type,-0.29329678416252136,Pushes away from failure,Process temperature [K],-0.15561345219612122,Pushes away from failure
640,L,301.9,309.7,1595,31.4,133,0,0.00069452386,0,Rotational speed [rpm],-3.1109867095947266,Pushes away from failure,Torque [Nm],-3.084226131439209,Pushes away from failure,Tool wear [min],-1.757242202758789,Pushes away from failure,Type,-0.08894909918308258,Pushes away from failure,Air temperature [K],-0.051166851073503494,Pushes away from failure,Process temperature [K],0.04665827751159668,Pushes toward failure
641,L,299.9,309.2,1560,38.9,180,0,0.0034149233,0,Torque [Nm],-2.4328644275665283,Pushes away from failure,Rotational speed [rpm],-1.4515324831008911,Pushes away from failure,Tool wear [min],-1.110076904296875,Pushes away from failure,Air temperature [K],-1.072888970375061,Pushes away from failure,Process temperature [K],-0.33384084701538086,Pushes away from failure,Type,-0.049299754202365875,Pushes away from failure
642,L,297.7,309.0,1538,43.2,30,0,0.00017842044,0,Torque [Nm],-3.264796495437622,Pushes away from failure,Rotational speed [rpm],-2.010096549987793,Pushes away from failure,Tool wear [min],-1.9871926307678223,Pushes away from failure,Air temperature [K],-1.5580344200134277,Pushes away from failure,Process temperature [K],-0.5545300841331482,Pushes away from failure,Type,-0.03086489625275135,Pushes away from failure
643,H,300.7,309.6,1925,20.5,9,0,0.00067454786,0,Tool wear [min],-2.2625718116760254,Pushes away from failure,Torque [Nm],-2.0370447635650635,Pushes away from failure,Rotational speed [rpm],-1.8818228244781494,Pushes away from failure,Air temperature [K],-1.1749906539916992,Pushes away from failure,Type,-0.5906381607055664,Pushes away from failure,Process temperature [K],-0.12804679572582245,Pushes away from failure
644,H,299.2,310.8,1761,30.4,180,0,0.0019008586,0,Torque [Nm],-1.8529168367385864,Pushes away from failure,Rotational speed [rpm],-1.8032664060592651,Pushes away from failure,Tool wear [min],-1.3609715700149536,Pushes away from failure,Type,-0.9245339632034302,Pushes away from failure,Air temperature [K],-0.7108739018440247,Pushes away from failure,Process temperature [K],-0.38531070947647095,Pushes away from failure
645,L,302.3,311.2,1633,36.4,114,0,0.00021835465,0,Rotational speed [rpm],-3.0543346405029297,Pushes away from failure,Torque [Nm],-2.804649591445923,Pushes away from failure,Tool wear [min],-1.9412226676940918,Pushes away from failure,Process temperature [K],-1.0937525033950806,Pushes away from failure,Air temperature [K],-0.1931506246328354,Pushes away from failure,Type,-0.11638609319925308,Pushes away from failure
646,L,300.8,311.3,1498,40.2,73,0,0.00033307928,0,Torque [Nm],-2.814460515975952,Pushes away from failure,Tool wear [min],-1.9752694368362427,Pushes away from failure,Rotational speed [rpm],-1.9274787902832031,Pushes away from failure,Air temperature [K],-1.0521423816680908,Pushes away from failure,Process temperature [K],-1.0186163187026978,Pushes away from failure,Type,0.00684760045260191,Pushes toward failure
647,M,303.5,311.6,1573,34.0,134,0,0.0018528672,0,Rotational speed [rpm],-3.244039535522461,Pushes away from failure,Torque [Nm],-2.755354404449463,Pushes away from failure,Tool wear [min],-1.7530232667922974,Pushes away from failure,Air temperature [K],1.3294490575790405,Pushes toward failure,Process temperature [K],-0.44863393902778625,Pushes away from failure,Type,-0.19188940525054932,Pushes away from failure
648,M,299.2,310.3,1551,44.8,18,0,0.0010822879,0,Rotational speed [rpm],-2.1231775283813477,Pushes away from failure,Tool wear [min],-1.8600643873214722,Pushes away from failure,Torque [Nm],-1.7164441347122192,Pushes away from failure,Air temperature [K],-1.3994038105010986,Pushes away from failure,Type,-0.2886942923069,Pushes away from failure,Process temperature [K],-0.21413657069206238,Pushes away from failure
649,M,302.5,311.0,1463,43.1,181,0,0.00064988557,0,Torque [Nm],-3.3199424743652344,Pushes away from failure,Rotational speed [rpm],-2.2476937770843506,Pushes away from failure,Tool wear [min],-1.341193675994873,Pushes away from failure,Process temperature [K],-0.9445341229438782,Pushes away from failure,Type,-0.23579344153404236,Pushes away from failure,Air temperature [K],-0.02323024906218052,Pushes away from failure
650,L,299.4,309.3,1377,43.6,28,0,0.0020948907,0,Torque [Nm],-3.1041476726531982,Pushes away from failure,Air temperature [K],-2.1157000064849854,Pushes away from failure,Tool wear [min],-1.9632768630981445,Pushes away from failure,Rotational speed [rpm],1.0171574354171753,Pushes toward failure,Process temperature [K],-0.7957630157470703,Pushes away from failure,Type,0.021249279379844666,Pushes toward failure
651,L,300.4,311.2,1406,43.6,22,0,0.00071317796,0,Torque [Nm],-2.9516305923461914,Pushes away from failure,Tool wear [min],-1.9365131855010986,Pushes away from failure,Rotational speed [rpm],-1.211954116821289,Pushes away from failure,Air temperature [K],-1.0464539527893066,Pushes away from failure,Process temperature [K],-0.8378423452377319,Pushes away from failure,Type,-0.03499867394566536,Pushes away from failure
652,L,298.6,309.1,1537,35.7,198,0,0.0023469466,0,Torque [Nm],-2.5847442150115967,Pushes away from failure,Rotational speed [rpm],-1.996351718902588,Pushes away from failure,Tool wear [min],-1.0949604511260986,Pushes away from failure,Air temperature [K],-0.6234344840049744,Pushes away from failure,Process temperature [K],-0.5172834396362305,Pushes away from failure,Type,-0.009841235354542732,Pushes away from failure
653,L,298.2,308.7,1408,46.3,3,0,0.0020578504,0,Tool wear [min],-2.2059836387634277,Pushes away from failure,Torque [Nm],-1.8166872262954712,Pushes away from failure,Air temperature [K],-1.4108766317367554,Pushes away from failure,Rotational speed [rpm],-0.9164710640907288,Pushes away from failure,Process temperature [K],-0.5908840894699097,Pushes away from failure,Type,-0.017456986010074615,Pushes away from failure
654,L,301.9,311.1,1448,46.3,14,0,0.0028094742,0,Tool wear [min],-2.2700231075286865,Pushes away from failure,Rotational speed [rpm],-1.6454689502716064,Pushes away from failure,Torque [Nm],-1.3976895809173584,Pushes away from failure,Process temperature [K],-1.182389497756958,Pushes away from failure,Air temperature [K],-0.15073662996292114,Pushes away from failure,Type,4.054233431816101e-05,Pushes toward failure
655,L,301.9,310.4,1286,62.8,22,1,0.86483884,1,Torque [Nm],1.8969026803970337,Pushes toward failure,Tool wear [min],-1.874862790107727,Pushes away from failure,Process temperature [K],0.5778928995132446,Pushes toward failure,Air temperature [K],0.5288382172584534,Pushes toward failure,Rotational speed [rpm],-0.14305861294269562,Pushes away from failure,Type,0.09603722393512726,Pushes toward failure
656,H,301.4,310.7,1516,36.4,83,0,0.0008644529,0,Torque [Nm],-2.3779356479644775,Pushes away from failure,Tool wear [min],-1.9370418787002563,Pushes away from failure,Rotational speed [rpm],-1.7752264738082886,Pushes away from failure,Air temperature [K],-1.0577137470245361,Pushes away from failure,Type,-0.6420750617980957,Pushes away from failure,Process temperature [K],-0.03688166290521622,Pushes away from failure
657,M,298.8,310.0,1484,44.9,80,0,0.0021138256,0,Rotational speed [rpm],-2.1027162075042725,Pushes away from failure,Torque [Nm],-1.59565007686615,Pushes away from failure,Tool wear [min],-1.447611927986145,Pushes away from failure,Air temperature [K],-1.1277211904525757,Pushes away from failure,Type,-0.343687504529953,Pushes away from failure,Process temperature [K],-0.3140774071216583,Pushes away from failure
658,L,297.5,308.3,2564,12.8,127,1,0.96725166,1,Torque [Nm],3.7945871353149414,Pushes toward failure,Rotational speed [rpm],1.5816702842712402,Pushes toward failure,Air temperature [K],-1.2727904319763184,Pushes away from failure,Tool wear [min],-1.0791566371917725,Pushes away from failure,Process temperature [K],-0.47484034299850464,Pushes away from failure,Type,0.061810269951820374,Pushes toward failure
659,L,299.8,309.1,1772,24.8,113,0,0.0014437325,0,Rotational speed [rpm],-2.072073459625244,Pushes away from failure,Torque [Nm],-1.9688799381256104,Pushes away from failure,Tool wear [min],-1.674738883972168,Pushes away from failure,Air temperature [K],-0.9151955246925354,Pushes away from failure,Process temperature [K],-0.5816863775253296,Pushes away from failure,Type,-0.10082694888114929,Pushes away from failure
660,L,301.3,311.0,1418,41.9,208,0,0.10756949,0,Torque [Nm],-3.412091016769409,Pushes away from failure,Tool wear [min],2.8084869384765625,Pushes toward failure,Air temperature [K],-1.0705115795135498,Pushes away from failure,Rotational speed [rpm],-0.8601127862930298,Pushes away from failure,Process temperature [K],-0.4171392023563385,Pushes away from failure,Type,0.0612308569252491,Pushes toward failure
661,H,297.7,308.2,1489,43.0,151,0,0.00039582507,0,Torque [Nm],-3.150104522705078,Pushes away from failure,Tool wear [min],-1.8413220643997192,Pushes away from failure,Air temperature [K],-1.7537819147109985,Pushes away from failure,Rotational speed [rpm],-1.4511215686798096,Pushes away from failure,Type,-0.4343911409378052,Pushes away from failure,Process temperature [K],0.02225504443049431,Pushes toward failure
662,L,301.3,310.8,1719,29.5,62,0,0.0010871907,0,Rotational speed [rpm],-2.216585397720337,Pushes away from failure,Tool wear [min],-2.1536903381347656,Pushes away from failure,Torque [Nm],-2.0608503818511963,Pushes away from failure,Air temperature [K],-1.047761082649231,Pushes away from failure,Type,-0.07631899416446686,Pushes away from failure,Process temperature [K],-0.04218820109963417,Pushes away from failure
663,L,297.2,308.6,1578,34.4,76,0,0.00036852306,0,Torque [Nm],-2.719121217727661,Pushes away from failure,Rotational speed [rpm],-2.0528414249420166,Pushes away from failure,Tool wear [min],-1.9143146276474,Pushes away from failure,Air temperature [K],-1.3611088991165161,Pushes away from failure,Process temperature [K],-0.5831236839294434,Pushes away from failure,Type,-0.04945456236600876,Pushes away from failure
664,L,298.1,308.7,1556,31.6,145,0,0.0018783701,0,Torque [Nm],-2.7884936332702637,Pushes away from failure,Rotational speed [rpm],-1.553088665008545,Pushes away from failure,Air temperature [K],-1.2360907793045044,Pushes away from failure,Tool wear [min],-1.0926332473754883,Pushes away from failure,Process temperature [K],-0.31951436400413513,Pushes away from failure,Type,-0.05997380614280701,Pushes away from failure
665,L,300.3,310.5,1522,39.1,217,0,0.19629551,0,Tool wear [min],3.183990955352783,Pushes toward failure,Torque [Nm],-2.6945908069610596,Pushes away from failure,Rotational speed [rpm],-1.2625272274017334,Pushes away from failure,Air temperature [K],-0.8503882884979248,Pushes away from failure,Process temperature [K],-0.6681284308433533,Pushes away from failure,Type,0.10770851373672485,Pushes toward failure
666,L,298.5,310.1,1809,28.9,20,0,0.005468447,0,Rotational speed [rpm],-2.5835704803466797,Pushes away from failure,Tool wear [min],-1.6807836294174194,Pushes away from failure,Air temperature [K],-0.865544855594635,Pushes away from failure,Torque [Nm],-0.5361895561218262,Pushes away from failure,Process temperature [K],-0.29668810963630676,Pushes away from failure,Type,-0.014825569465756416,Pushes away from failure
667,L,299.9,310.4,1408,38.4,144,0,0.0018767527,0,Torque [Nm],-2.5128986835479736,Pushes away from failure,Tool wear [min],-1.7044323682785034,Pushes away from failure,Air temperature [K],-1.4534345865249634,Pushes away from failure,Rotational speed [rpm],-1.1957435607910156,Pushes away from failure,Process temperature [K],-0.1835569441318512,Pushes away from failure,Type,-0.0005928280297666788,Pushes away from failure
668,H,297.9,307.8,1635,34.0,142,0,0.0013123344,0,Torque [Nm],-2.372934103012085,Pushes away from failure,Tool wear [min],-2.1440694332122803,Pushes away from failure,Rotational speed [rpm],-1.8659148216247559,Pushes away from failure,Air temperature [K],-1.3628675937652588,Pushes away from failure,Process temperature [K],0.5047532916069031,Pushes toward failure,Type,-0.16792480647563934,Pushes away from failure
669,L,300.6,312.2,1308,54.7,52,0,0.000649441,0,Tool wear [min],-2.7753520011901855,Pushes away from failure,Process temperature [K],-2.4325456619262695,Pushes away from failure,Air temperature [K],-1.738783359527588,Pushes away from failure,Torque [Nm],-1.1298542022705078,Pushes away from failure,Rotational speed [rpm],-0.1594313681125641,Pushes away from failure,Type,0.12289358675479889,Pushes toward failure
670,L,299.3,310.4,1365,53.9,171,0,0.040556256,0,Air temperature [K],-2.4489355087280273,Pushes away from failure,Tool wear [min],-2.1382784843444824,Pushes away from failure,Rotational speed [rpm],1.1362614631652832,Pushes toward failure,Torque [Nm],-0.774296760559082,Pushes away from failure,Process temperature [K],0.14626525342464447,Pushes toward failure,Type,0.14099788665771484,Pushes toward failure
671,H,299.9,310.1,1447,51.4,185,0,0.0018989705,0,Torque [Nm],-1.8310686349868774,Pushes away from failure,Air temperature [K],-1.7876225709915161,Pushes away from failure,Tool wear [min],-1.5265583992004395,Pushes away from failure,Rotational speed [rpm],-1.0360020399093628,Pushes away from failure,Type,-0.7397074699401855,Pushes away from failure,Process temperature [K],-0.11790842562913895,Pushes away from failure
672,M,301.9,311.1,1417,52.5,171,0,0.011767679,0,Rotational speed [rpm],-1.4552865028381348,Pushes away from failure,Tool wear [min],-1.4491832256317139,Pushes away from failure,Process temperature [K],-1.1866956949234009,Pushes away from failure,Torque [Nm],-0.9128831028938293,Pushes away from failure,Type,-0.2957184910774231,Pushes away from failure,Air temperature [K],0.0948827937245369,Pushes toward failure
673,L,300.7,309.3,1580,38.3,102,0,0.0007101944,0,Torque [Nm],-2.5562825202941895,Pushes away from failure,Rotational speed [rpm],-2.0279979705810547,Pushes away from failure,Tool wear [min],-1.825595736503601,Pushes away from failure,Air temperature [K],-1.0197205543518066,Pushes away from failure,Process temperature [K],-0.5226870179176331,Pushes away from failure,Type,-0.07130218297243118,Pushes away from failure
674,L,301.8,311.3,1471,44.2,148,0,0.00055739534,0,Torque [Nm],-3.226780414581299,Pushes away from failure,Rotational speed [rpm],-1.8237085342407227,Pushes away from failure,Tool wear [min],-1.6186190843582153,Pushes away from failure,Process temperature [K],-1.1674213409423828,Pushes away from failure,Air temperature [K],-0.42856037616729736,Pushes away from failure,Type,-0.0009134355932474136,Pushes away from failure
675,L,302.6,311.5,1599,37.0,211,0,0.16090728,0,Rotational speed [rpm],-2.6823809146881104,Pushes away from failure,Tool wear [min],2.4546897411346436,Pushes toward failure,Torque [Nm],-2.3887360095977783,Pushes away from failure,Air temperature [K],0.640408456325531,Pushes toward failure,Process temperature [K],-0.4112653434276581,Pushes away from failure,Type,-0.03853346407413483,Pushes away from failure
676,L,301.1,310.6,1417,47.6,10,0,0.0124433935,0,Tool wear [min],-1.8384329080581665,Pushes away from failure,Air temperature [K],-1.240132212638855,Pushes away from failure,Torque [Nm],-1.1082820892333984,Pushes away from failure,Rotational speed [rpm],-1.0744143724441528,Pushes away from failure,Process temperature [K],0.11031319946050644,Pushes toward failure,Type,0.002580287866294384,Pushes toward failure
677,L,298.5,309.5,1547,33.1,68,0,0.001225421,0,Torque [Nm],-2.6807165145874023,Pushes away from failure,Tool wear [min],-2.1108150482177734,Pushes away from failure,Rotational speed [rpm],-1.7702728509902954,Pushes away from failure,Air temperature [K],-0.7336556315422058,Pushes away from failure,Process temperature [K],-0.12894637882709503,Pushes away from failure,Type,-0.05316449701786041,Pushes away from failure
678,L,297.0,307.6,1680,35.8,20,0,0.0020998667,0,Torque [Nm],-2.15897798538208,Pushes away from failure,Tool wear [min],-1.9878661632537842,Pushes away from failure,Rotational speed [rpm],-1.7983229160308838,Pushes away from failure,Air temperature [K],-1.378278136253357,Pushes away from failure,Process temperature [K],0.4540179371833801,Pushes toward failure,Type,-0.06867746263742447,Pushes away from failure
679,L,297.3,308.6,1446,50.1,144,0,0.0023190712,0,Torque [Nm],-2.0347840785980225,Pushes away from failure,Tool wear [min],-1.8873252868652344,Pushes away from failure,Air temperature [K],-1.75004243850708,Pushes away from failure,Process temperature [K],-0.7025412321090698,Pushes away from failure,Rotational speed [rpm],-0.48500463366508484,Pushes away from failure,Type,0.02110561542212963,Pushes toward failure
680,L,301.3,310.7,1761,24.3,174,0,0.0023964597,0,Rotational speed [rpm],-2.2966718673706055,Pushes away from failure,Torque [Nm],-2.0918092727661133,Pushes away from failure,Tool wear [min],-1.4054970741271973,Pushes away from failure,Air temperature [K],-1.0896087884902954,Pushes away from failure,Process temperature [K],0.1335364431142807,Pushes toward failure,Type,-0.05563532933592796,Pushes away from failure
681,M,297.6,308.5,1848,23.7,37,0,0.00043197314,0,Torque [Nm],-2.179389715194702,Pushes away from failure,Rotational speed [rpm],-2.1313443183898926,Pushes away from failure,Tool wear [min],-2.0797576904296875,Pushes away from failure,Air temperature [K],-1.4958679676055908,Pushes away from failure,Process temperature [K],-0.43129846453666687,Pushes away from failure,Type,-0.20338121056556702,Pushes away from failure
682,M,296.1,307.0,1523,42.0,164,0,0.00079425384,0,Torque [Nm],-3.403517484664917,Pushes away from failure,Tool wear [min],-1.5542757511138916,Pushes away from failure,Rotational speed [rpm],-1.4877253770828247,Pushes away from failure,Air temperature [K],-1.3803672790527344,Pushes away from failure,Type,-0.35184115171432495,Pushes away from failure,Process temperature [K],0.2660869359970093,Pushes toward failure
683,L,301.4,310.4,1436,49.7,108,0,0.0061678635,0,Tool wear [min],-1.8399828672409058,Pushes away from failure,Torque [Nm],-1.754077434539795,Pushes away from failure,Air temperature [K],-1.3604187965393066,Pushes away from failure,Rotational speed [rpm],-1.113124966621399,Pushes away from failure,Process temperature [K],0.2047891467809677,Pushes toward failure,Type,0.006279051303863525,Pushes toward failure
684,M,297.5,308.6,1510,35.5,155,0,0.0008654254,0,Torque [Nm],-2.291553497314453,Pushes away from failure,Tool wear [min],-1.878739356994629,Pushes away from failure,Air temperature [K],-1.7401933670043945,Pushes away from failure,Rotational speed [rpm],-1.1991403102874756,Pushes away from failure,Process temperature [K],-0.3750739097595215,Pushes away from failure,Type,-0.3410490155220032,Pushes away from failure
685,M,300.2,311.8,1748,28.5,184,0,0.003451722,0,Rotational speed [rpm],-2.0753068923950195,Pushes away from failure,Torque [Nm],-1.942065954208374,Pushes away from failure,Tool wear [min],-1.445604920387268,Pushes away from failure,Air temperature [K],-0.720564603805542,Pushes away from failure,Type,-0.13630074262619019,Pushes away from failure,Process temperature [K],-0.11990360170602798,Pushes away from failure
686,M,304.1,313.3,1725,28.3,177,0,0.0014936321,0,Torque [Nm],-2.3172831535339355,Pushes away from failure,Rotational speed [rpm],-2.245828866958618,Pushes away from failure,Process temperature [K],-1.6699789762496948,Pushes away from failure,Tool wear [min],-1.3874764442443848,Pushes away from failure,Air temperature [K],0.34162265062332153,Pushes toward failure,Type,-0.00042714178562164307,Pushes away from failure
687,M,297.4,308.4,1441,46.8,116,0,0.0035540792,0,Torque [Nm],-2.135215997695923,Pushes away from failure,Air temperature [K],-1.8296136856079102,Pushes away from failure,Tool wear [min],-1.6821792125701904,Pushes away from failure,Process temperature [K],-0.5635205507278442,Pushes away from failure,Type,-0.38378483057022095,Pushes away from failure,Rotational speed [rpm],0.18389128148555756,Pushes toward failure
688,L,303.5,312.7,1694,27.3,40,0,0.000638844,0,Rotational speed [rpm],-2.5558488368988037,Pushes away from failure,Torque [Nm],-2.3425180912017822,Pushes away from failure,Process temperature [K],-1.9059652090072632,Pushes away from failure,Tool wear [min],-1.6798161268234253,Pushes away from failure,Air temperature [K],0.48235154151916504,Pushes toward failure,Type,-0.1277409791946411,Pushes away from failure
689,H,300.9,311.0,1853,23.6,122,0,0.00032448812,0,Rotational speed [rpm],-2.095419406890869,Pushes away from failure,Torque [Nm],-2.0472097396850586,Pushes away from failure,Tool wear [min],-2.011051893234253,Pushes away from failure,Air temperature [K],-1.1758296489715576,Pushes away from failure,Type,-0.84629887342453,Pushes away from failure,Process temperature [K],-0.6314513087272644,Pushes away from failure
690,M,301.7,310.0,1391,50.6,195,0,0.025157446,0,Torque [Nm],-1.3734453916549683,Pushes away from failure,Rotational speed [rpm],-1.239220142364502,Pushes away from failure,Tool wear [min],-1.0857716798782349,Pushes away from failure,Type,-0.5564406514167786,Pushes away from failure,Air temperature [K],-0.08970136195421219,Pushes away from failure,Process temperature [K],-0.08686868101358414,Pushes away from failure
691,M,296.9,307.7,2008,17.5,3,0,0.0013525229,0,Tool wear [min],-2.3943276405334473,Pushes away from failure,Torque [Nm],-1.7907150983810425,Pushes away from failure,Rotational speed [rpm],-1.7429795265197754,Pushes away from failure,Air temperature [K],-1.1868321895599365,Pushes away from failure,Type,-0.3765937387943268,Pushes away from failure,Process temperature [K],0.11269421130418777,Pushes toward failure
692,L,300.1,309.6,1321,46.9,75,0,0.006192224,0,Air temperature [K],-2.876319646835327,Pushes away from failure,Torque [Nm],-1.7424492835998535,Pushes away from failure,Tool wear [min],-1.6758294105529785,Pushes away from failure,Rotational speed [rpm],0.7957340478897095,Pushes toward failure,Process temperature [K],-0.40898555517196655,Pushes away from failure,Type,0.055274900048971176,Pushes toward failure
693,L,300.2,310.2,1378,43.9,193,0,0.01959793,0,Torque [Nm],-3.472608804702759,Pushes away from failure,Air temperature [K],-1.8932509422302246,Pushes away from failure,Rotational speed [rpm],1.1313135623931885,Pushes toward failure,Tool wear [min],-0.5691887140274048,Pushes away from failure,Type,0.1043696254491806,Pushes toward failure,Process temperature [K],0.012500181794166565,Pushes toward failure
694,M,300.6,309.8,1447,42.9,12,0,0.0017912119,0,Torque [Nm],-3.019016742706299,Pushes away from failure,Tool wear [min],-1.661102056503296,Pushes away from failure,Rotational speed [rpm],-1.2143206596374512,Pushes away from failure,Air temperature [K],-0.9557702541351318,Pushes away from failure,Type,-0.5567283630371094,Pushes away from failure,Process temperature [K],0.30954205989837646,Pushes toward failure
695,M,298.0,307.4,1463,46.5,182,0,0.0012717297,0,Torque [Nm],-2.5705647468566895,Pushes away from failure,Air temperature [K],-1.5064752101898193,Pushes away from failure,Tool wear [min],-1.4533928632736206,Pushes away from failure,Rotational speed [rpm],-1.3544923067092896,Pushes away from failure,Type,-0.45031291246414185,Pushes away from failure,Process temperature [K],-0.10519273579120636,Pushes away from failure
696,M,297.1,307.8,1443,43.9,137,0,0.0009429425,0,Torque [Nm],-3.265678882598877,Pushes away from failure,Air temperature [K],-1.7295559644699097,Pushes away from failure,Tool wear [min],-1.6773347854614258,Pushes away from failure,Rotational speed [rpm],-0.5949364900588989,Pushes away from failure,Type,-0.36180365085601807,Pushes away from failure,Process temperature [K],-0.11057883501052856,Pushes away from failure
697,L,300.6,311.6,1964,21.4,15,0,0.0011340523,0,Tool wear [min],-2.2728092670440674,Pushes away from failure,Rotational speed [rpm],-1.821424126625061,Pushes away from failure,Torque [Nm],-1.8025866746902466,Pushes away from failure,Air temperature [K],-0.9139809012413025,Pushes away from failure,Process temperature [K],-0.6742762923240662,Pushes away from failure,Type,-0.07007042318582535,Pushes away from failure
698,H,298.5,309.4,1573,33.6,143,0,0.0012551061,0,Torque [Nm],-2.56109619140625,Pushes away from failure,Tool wear [min],-1.7777142524719238,Pushes away from failure,Rotational speed [rpm],-1.7202332019805908,Pushes away from failure,Air temperature [K],-0.8768445253372192,Pushes away from failure,Type,-0.3283251225948334,Pushes away from failure,Process temperature [K],-0.18939009308815002,Pushes away from failure
699,L,301.4,310.7,1428,53.7,176,0,0.008558691,0,Tool wear [min],-1.8744109869003296,Pushes away from failure,Air temperature [K],-1.2456327676773071,Pushes away from failure,Torque [Nm],-1.227270245552063,Pushes away from failure,Rotational speed [rpm],-1.170771598815918,Pushes away from failure,Process temperature [K],-0.016871608793735504,Pushes away from failure,Type,0.008424261584877968,Pushes toward failure
700,L,297.5,308.5,1446,41.9,32,0,0.0009507898,0,Torque [Nm],-3.095067024230957,Pushes away from failure,Tool wear [min],-1.9857593774795532,Pushes away from failure,Air temperature [K],-1.6837700605392456,Pushes away from failure,Rotational speed [rpm],-0.5935903191566467,Pushes away from failure,Process temperature [K],-0.36263030767440796,Pushes away from failure,Type,-0.01077523734420538,Pushes away from failure
701,M,298.5,309.7,1523,44.6,83,0,0.0015369473,0,Torque [Nm],-2.1019933223724365,Pushes away from failure,Rotational speed [rpm],-1.7925281524658203,Pushes away from failure,Tool wear [min],-1.7410261631011963,Pushes away from failure,Air temperature [K],-1.0654586553573608,Pushes away from failure,Type,-0.44580820202827454,Pushes away from failure,Process temperature [K],-0.1039310172200203,Pushes away from failure
702,L,298.4,309.3,1409,43.1,166,0,0.00224927,0,Torque [Nm],-3.0574347972869873,Pushes away from failure,Tool wear [min],-1.7269997596740723,Pushes away from failure,Air temperature [K],-0.959138810634613,Pushes away from failure,Rotational speed [rpm],-0.8714548349380493,Pushes away from failure,Process temperature [K],-0.25507521629333496,Pushes away from failure,Type,0.0008797580376267433,Pushes toward failure
703,L,301.1,312.3,1595,31.9,134,0,9.433849e-05,0,Torque [Nm],-2.65797758102417,Pushes away from failure,Tool wear [min],-2.3827359676361084,Pushes away from failure,Rotational speed [rpm],-2.139512538909912,Pushes away from failure,Process temperature [K],-1.8045212030410767,Pushes away from failure,Air temperature [K],-0.9976359009742737,Pushes away from failure,Type,-0.060470886528491974,Pushes away from failure
704,L,299.7,309.1,1475,40.0,123,0,0.0016141344,0,Torque [Nm],-2.7562265396118164,Pushes away from failure,Tool wear [min],-1.8474253416061401,Pushes away from failure,Rotational speed [rpm],-1.3313044309616089,Pushes away from failure,Air temperature [K],-0.8220769762992859,Pushes away from failure,Process temperature [K],-0.4326266050338745,Pushes away from failure,Type,-0.012007460929453373,Pushes away from failure
705,M,298.0,308.6,1507,37.3,217,0,0.08675964,0,Tool wear [min],2.913635015487671,Pushes toward failure,Torque [Nm],-2.330228567123413,Pushes away from failure,Rotational speed [rpm],-1.3080304861068726,Pushes away from failure,Air temperature [K],-1.0073139667510986,Pushes away from failure,Type,-0.8319612741470337,Pushes away from failure,Process temperature [K],-0.5642840266227722,Pushes away from failure
706,H,299.7,309.2,1456,40.6,182,0,0.004463593,0,Torque [Nm],-2.686363458633423,Pushes away from failure,Rotational speed [rpm],-1.2178897857666016,Pushes away from failure,Tool wear [min],-1.0633254051208496,Pushes away from failure,Air temperature [K],-0.6990302801132202,Pushes away from failure,Type,-0.4301503896713257,Pushes away from failure,Process temperature [K],-0.08489062637090683,Pushes away from failure
707,L,302.2,311.2,1451,41.8,66,0,0.0008358239,0,Torque [Nm],-2.852966547012329,Pushes away from failure,Tool wear [min],-1.9102661609649658,Pushes away from failure,Rotational speed [rpm],-1.610146403312683,Pushes away from failure,Process temperature [K],-1.2165336608886719,Pushes away from failure,Air temperature [K],-0.27030691504478455,Pushes away from failure,Type,-0.00036016665399074554,Pushes away from failure
708,L,296.9,307.8,1466,45.7,153,0,0.00116794,0,Torque [Nm],-2.4875237941741943,Pushes away from failure,Tool wear [min],-1.7494597434997559,Pushes away from failure,Air temperature [K],-1.595249056816101,Pushes away from failure,Rotational speed [rpm],-1.5927261114120483,Pushes away from failure,Process temperature [K],-0.09880323708057404,Pushes away from failure,Type,-0.0019109491258859634,Pushes away from failure
709,H,295.6,306.2,1329,55.3,135,0,0.0039640735,0,Air temperature [K],-2.5933918952941895,Pushes away from failure,Tool wear [min],-1.966183066368103,Pushes away from failure,Torque [Nm],-1.5246833562850952,Pushes away from failure,Type,-0.6039326190948486,Pushes away from failure,Rotational speed [rpm],0.5353092551231384,Pushes toward failure,Process temperature [K],-0.1479567587375641,Pushes away from failure
710,H,300.4,310.2,1431,43.2,0,0,0.0012303718,0,Torque [Nm],-2.8668088912963867,Pushes away from failure,Tool wear [min],-1.7647053003311157,Pushes away from failure,Air temperature [K],-1.2681145668029785,Pushes away from failure,Rotational speed [rpm],-0.913138210773468,Pushes away from failure,Type,-0.5201975703239441,Pushes away from failure,Process temperature [K],-0.14056912064552307,Pushes away from failure
711,M,300.6,310.2,1478,40.1,5,0,0.0008262993,0,Torque [Nm],-2.7472198009490967,Pushes away from failure,Rotational speed [rpm],-1.9905856847763062,Pushes away from failure,Tool wear [min],-1.859923005104065,Pushes away from failure,Air temperature [K],-0.8610958456993103,Pushes away from failure,Type,-0.2914891541004181,Pushes away from failure,Process temperature [K],-0.12174101173877716,Pushes away from failure
712,L,298.2,307.8,1355,59.4,115,0,0.018583471,0,Air temperature [K],-2.593090057373047,Pushes away from failure,Tool wear [min],-2.5746145248413086,Pushes away from failure,Torque [Nm],0.6253493428230286,Pushes toward failure,Rotational speed [rpm],-0.16248460114002228,Pushes away from failure,Process temperature [K],-0.0899011418223381,Pushes away from failure,Type,0.053693998605012894,Pushes toward failure
713,L,297.3,308.4,1472,41.3,67,0,0.000666278,0,Torque [Nm],-2.640122890472412,Pushes away from failure,Tool wear [min],-2.2379660606384277,Pushes away from failure,Rotational speed [rpm],-1.5765081644058228,Pushes away from failure,Air temperature [K],-1.372585654258728,Pushes away from failure,Process temperature [K],-0.2608591914176941,Pushes away from failure,Type,0.0005780421197414398,Pushes toward failure
714,M,296.2,306.8,1526,42.3,129,0,0.00052880566,0,Torque [Nm],-3.44486403465271,Pushes away from failure,Tool wear [min],-1.748652696609497,Pushes away from failure,Rotational speed [rpm],-1.714536190032959,Pushes away from failure,Air temperature [K],-1.3905197381973267,Pushes away from failure,Type,-0.31312096118927,Pushes away from failure,Process temperature [K],0.2930052578449249,Pushes toward failure
715,M,300.3,311.3,1506,40.7,98,0,0.00036883165,0,Torque [Nm],-2.785728931427002,Pushes away from failure,Tool wear [min],-1.990736961364746,Pushes away from failure,Rotational speed [rpm],-1.7928671836853027,Pushes away from failure,Air temperature [K],-0.933691143989563,Pushes away from failure,Process temperature [K],-0.8866577744483948,Pushes away from failure,Type,-0.2894447445869446,Pushes away from failure
716,L,302.6,312.1,1420,51.6,182,0,0.0073892176,0,Process temperature [K],-2.2399260997772217,Pushes away from failure,Tool wear [min],-1.8258211612701416,Pushes away from failure,Torque [Nm],-1.4425157308578491,Pushes away from failure,Air temperature [K],0.742561399936676,Pushes toward failure,Rotational speed [rpm],-0.6611604690551758,Pushes away from failure,Type,-0.24777758121490479,Pushes away from failure
717,L,301.2,310.6,1437,51.2,112,0,0.0060365945,0,Tool wear [min],-1.9420162439346313,Pushes away from failure,Torque [Nm],-1.6250641345977783,Pushes away from failure,Air temperature [K],-1.3020033836364746,Pushes away from failure,Rotational speed [rpm],-0.9831071496009827,Pushes away from failure,Process temperature [K],-0.051728516817092896,Pushes away from failure,Type,0.025738148018717766,Pushes toward failure
718,M,301.0,310.7,1517,40.2,171,0,0.0014210612,0,Torque [Nm],-2.9028525352478027,Pushes away from failure,Tool wear [min],-1.6481192111968994,Pushes away from failure,Rotational speed [rpm],-1.5806968212127686,Pushes away from failure,Air temperature [K],-0.7782338261604309,Pushes away from failure,Type,-0.33059507608413696,Pushes away from failure,Process temperature [K],-0.08875788003206253,Pushes away from failure
719,L,298.2,307.8,1749,26.1,66,0,0.001744653,0,Rotational speed [rpm],-2.249422788619995,Pushes away from failure,Tool wear [min],-2.145907402038574,Pushes away from failure,Torque [Nm],-2.0208775997161865,Pushes away from failure,Air temperature [K],-0.8118735551834106,Pushes away from failure,Process temperature [K],0.13023245334625244,Pushes toward failure,Type,-0.025926312431693077,Pushes away from failure
720,L,301.8,310.2,2825,5.8,215,1,0.94586694,1,Torque [Nm],1.5026774406433105,Pushes toward failure,Tool wear [min],0.6898676753044128,Pushes toward failure,Rotational speed [rpm],0.45998600125312805,Pushes toward failure,Air temperature [K],-0.2808736264705658,Pushes away from failure,Process temperature [K],-0.15680044889450073,Pushes away from failure,Type,-0.12852570414543152,Pushes away from failure
721,H,298.8,309.8,1490,35.9,171,0,0.0050302153,0,Torque [Nm],-2.207665205001831,Pushes away from failure,Rotational speed [rpm],-1.6940029859542847,Pushes away from failure,Tool wear [min],-1.5304635763168335,Pushes away from failure,Air temperature [K],-0.9510745406150818,Pushes away from failure,Process temperature [K],0.644649863243103,Pushes toward failure,Type,-0.32301411032676697,Pushes away from failure
722,M,297.7,309.0,1636,29.7,32,0,0.00030910302,0,Torque [Nm],-2.2060387134552,Pushes away from failure,Tool wear [min],-2.0768208503723145,Pushes away from failure,Rotational speed [rpm],-2.0568742752075195,Pushes away from failure,Air temperature [K],-1.714781403541565,Pushes away from failure,Process temperature [K],-0.5290426015853882,Pushes away from failure,Type,-0.27229511737823486,Pushes away from failure
723,L,301.7,310.5,1354,50.0,169,0,0.6058319,1,Rotational speed [rpm],1.6860105991363525,Pushes toward failure,Tool wear [min],-1.426162600517273,Pushes away from failure,Torque [Nm],-1.1745132207870483,Pushes away from failure,Process temperature [K],0.46575090289115906,Pushes toward failure,Type,0.0865745097398758,Pushes toward failure,Air temperature [K],0.017840493470430374,Pushes toward failure
724,M,301.4,310.5,1451,45.3,183,0,0.005012688,0,Torque [Nm],-1.70686674118042,Pushes away from failure,Tool wear [min],-1.4463354349136353,Pushes away from failure,Air temperature [K],-1.2100296020507812,Pushes away from failure,Rotational speed [rpm],-1.000309944152832,Pushes away from failure,Type,-0.5139306783676147,Pushes away from failure,Process temperature [K],-0.1876107156276703,Pushes away from failure
725,L,298.4,308.9,1496,37.9,194,0,0.0052599288,0,Torque [Nm],-2.160094976425171,Pushes away from failure,Rotational speed [rpm],-1.775372862815857,Pushes away from failure,Tool wear [min],-1.1117985248565674,Pushes away from failure,Air temperature [K],-0.7576848864555359,Pushes away from failure,Process temperature [K],-0.24840857088565826,Pushes away from failure,Type,0.0366700142621994,Pushes toward failure
726,H,297.7,308.8,1404,50.3,97,0,0.0014042832,0,Tool wear [min],-2.068499803543091,Pushes away from failure,Torque [Nm],-1.9516716003417969,Pushes away from failure,Air temperature [K],-1.8390681743621826,Pushes away from failure,Rotational speed [rpm],-0.6278334259986877,Pushes away from failure,Type,-0.4907338321208954,Pushes away from failure,Process temperature [K],-0.3633390963077545,Pushes away from failure
727,L,298.6,308.9,1327,58.8,9,0,0.0077834744,0,Tool wear [min],-2.739246129989624,Pushes away from failure,Air temperature [K],-2.416384220123291,Pushes away from failure,Process temperature [K],-0.487507700920105,Pushes away from failure,Rotational speed [rpm],-0.18265730142593384,Pushes away from failure,Torque [Nm],0.12195886671543121,Pushes toward failure,Type,0.08157500624656677,Pushes toward failure
728,H,297.9,308.7,1545,35.9,120,0,0.0008785847,0,Torque [Nm],-2.2185609340667725,Pushes away from failure,Tool wear [min],-2.131096839904785,Pushes away from failure,Air temperature [K],-1.583109974861145,Pushes away from failure,Rotational speed [rpm],-1.3703540563583374,Pushes away from failure,Type,-0.3486197590827942,Pushes away from failure,Process temperature [K],-0.1589021533727646,Pushes away from failure
729,M,303.0,311.3,1335,53.6,164,1,0.98246044,1,Air temperature [K],3.5129220485687256,Pushes toward failure,Rotational speed [rpm],2.079563617706299,Pushes toward failure,Tool wear [min],-1.2102633714675903,Pushes away from failure,Type,-0.4401072859764099,Pushes away from failure,Torque [Nm],-0.3703985810279846,Pushes away from failure,Process temperature [K],-0.32044103741645813,Pushes away from failure
730,L,300.4,311.6,1332,54.6,111,0,0.0036869857,0,Air temperature [K],-2.45847225189209,Pushes away from failure,Tool wear [min],-2.444401741027832,Pushes away from failure,Torque [Nm],-1.1462371349334717,Pushes away from failure,Process temperature [K],-0.9670857191085815,Pushes away from failure,Rotational speed [rpm],0.5374593138694763,Pushes toward failure,Type,0.10516217350959778,Pushes toward failure
731,M,299.6,310.6,1633,34.2,151,0,0.0011532167,0,Torque [Nm],-2.41753888130188,Pushes away from failure,Rotational speed [rpm],-2.0212738513946533,Pushes away from failure,Tool wear [min],-1.6772617101669312,Pushes away from failure,Air temperature [K],-0.7933213114738464,Pushes away from failure,Type,-0.3170512914657593,Pushes away from failure,Process temperature [K],-0.31192323565483093,Pushes away from failure
732,L,301.4,311.1,1462,37.1,41,0,0.000273489,0,Torque [Nm],-2.7488582134246826,Pushes away from failure,Tool wear [min],-2.073509931564331,Pushes away from failure,Rotational speed [rpm],-1.9327248334884644,Pushes away from failure,Air temperature [K],-1.1893874406814575,Pushes away from failure,Process temperature [K],-1.0163012742996216,Pushes away from failure,Type,-0.017516285181045532,Pushes away from failure
733,M,297.9,309.0,1970,21.6,37,0,0.0006072798,0,Tool wear [min],-2.1534130573272705,Pushes away from failure,Torque [Nm],-1.8422561883926392,Pushes away from failure,Rotational speed [rpm],-1.614255428314209,Pushes away from failure,Air temperature [K],-1.505332112312317,Pushes away from failure,Process temperature [K],-0.7806740403175354,Pushes away from failure,Type,-0.2843068242073059,Pushes away from failure
734,L,304.0,313.2,1314,47.1,144,0,0.020740943,0,Process temperature [K],-3.904186964035034,Pushes away from failure,Tool wear [min],-1.7521429061889648,Pushes away from failure,Air temperature [K],1.7206789255142212,Pushes toward failure,Torque [Nm],-1.5865533351898193,Pushes away from failure,Rotational speed [rpm],0.9002618193626404,Pushes toward failure,Type,-0.00707131065428257,Pushes away from failure
735,L,300.2,309.5,2183,17.8,39,0,0.006900354,0,Tool wear [min],-1.995036005973816,Pushes away from failure,Torque [Nm],-1.6207860708236694,Pushes away from failure,Air temperature [K],-1.1879173517227173,Pushes away from failure,Rotational speed [rpm],-0.8187506794929504,Pushes away from failure,Process temperature [K],-0.09750597178936005,Pushes away from failure,Type,-0.023585842922329903,Pushes away from failure
736,L,297.4,308.4,1580,41.2,66,0,0.00039947938,0,Torque [Nm],-2.7378759384155273,Pushes away from failure,Rotational speed [rpm],-2.2121152877807617,Pushes away from failure,Tool wear [min],-2.2013463973999023,Pushes away from failure,Air temperature [K],-1.1980122327804565,Pushes away from failure,Process temperature [K],-0.19697202742099762,Pushes away from failure,Type,-0.05295524373650551,Pushes away from failure
737,H,301.5,310.8,1474,38.7,58,0,0.00050621404,0,Torque [Nm],-2.338534355163574,Pushes away from failure,Tool wear [min],-2.118213653564453,Pushes away from failure,Rotational speed [rpm],-1.8069988489151,Pushes away from failure,Air temperature [K],-1.0878814458847046,Pushes away from failure,Type,-0.7217178344726562,Pushes away from failure,Process temperature [K],-0.28902381658554077,Pushes away from failure
738,M,299.5,308.9,1448,42.9,74,0,0.001415233,0,Torque [Nm],-3.0192768573760986,Pushes away from failure,Tool wear [min],-1.7168163061141968,Pushes away from failure,Air temperature [K],-1.0447498559951782,Pushes away from failure,Rotational speed [rpm],-0.9091223478317261,Pushes away from failure,Type,-0.374950110912323,Pushes away from failure,Process temperature [K],-0.2684512436389923,Pushes away from failure
739,L,302.2,310.8,1340,47.8,54,0,0.9711223,1,Rotational speed [rpm],2.1763107776641846,Pushes toward failure,Air temperature [K],1.602733850479126,Pushes toward failure,Tool wear [min],-1.2425117492675781,Pushes away from failure,Process temperature [K],0.5008071660995483,Pushes toward failure,Torque [Nm],-0.3379915952682495,Pushes away from failure,Type,0.0417090468108654,Pushes toward failure
740,L,300.6,309.6,1409,42.4,57,0,0.0016716977,0,Torque [Nm],-3.1423873901367188,Pushes away from failure,Tool wear [min],-1.7082597017288208,Pushes away from failure,Air temperature [K],-1.0776748657226562,Pushes away from failure,Rotational speed [rpm],-0.9601240158081055,Pushes away from failure,Process temperature [K],-0.27081313729286194,Pushes away from failure,Type,-0.0073094964027404785,Pushes away from failure
741,L,303.6,313.0,1593,31.6,52,0,0.00030880523,0,Rotational speed [rpm],-2.950838088989258,Pushes away from failure,Torque [Nm],-2.6290581226348877,Pushes away from failure,Tool wear [min],-2.149555206298828,Pushes away from failure,Process temperature [K],-1.9706535339355469,Pushes away from failure,Air temperature [K],0.934669554233551,Pushes toward failure,Type,-0.09138377755880356,Pushes away from failure
742,M,302.0,310.9,1352,55.5,59,0,0.87962455,1,Rotational speed [rpm],1.446663498878479,Pushes toward failure,Air temperature [K],1.42776620388031,Pushes toward failure,Tool wear [min],-1.349915862083435,Pushes away from failure,Type,-0.4999181628227234,Pushes away from failure,Process temperature [K],0.4712817668914795,Pushes toward failure,Torque [Nm],-0.281320720911026,Pushes away from failure
743,M,298.0,307.9,1479,47.6,76,0,0.0006463668,0,Torque [Nm],-2.147068977355957,Pushes away from failure,Tool wear [min],-1.7914048433303833,Pushes away from failure,Air temperature [K],-1.686042070388794,Pushes away from failure,Rotational speed [rpm],-1.6218622922897339,Pushes away from failure,Process temperature [K],-0.5098307132720947,Pushes away from failure,Type,-0.36161503195762634,Pushes away from failure
744,M,302.0,311.2,1558,39.1,179,0,0.0008009963,0,Torque [Nm],-3.0141355991363525,Pushes away from failure,Rotational speed [rpm],-2.2588748931884766,Pushes away from failure,Process temperature [K],-1.1147089004516602,Pushes away from failure,Tool wear [min],-1.034207820892334,Pushes away from failure,Air temperature [K],-0.3314957618713379,Pushes away from failure,Type,-0.14975309371948242,Pushes away from failure
745,L,295.6,306.2,1443,48.9,33,0,0.0018947968,0,Torque [Nm],-2.0029819011688232,Pushes away from failure,Tool wear [min],-1.8993353843688965,Pushes away from failure,Air temperature [K],-1.8176010847091675,Pushes away from failure,Rotational speed [rpm],-0.9789891242980957,Pushes away from failure,Process temperature [K],-0.3398168087005615,Pushes away from failure,Type,-0.002351958304643631,Pushes away from failure
746,L,297.7,308.4,1289,51.3,82,0,0.0017751312,0,Air temperature [K],-2.794705629348755,Pushes away from failure,Tool wear [min],-2.368401288986206,Pushes away from failure,Torque [Nm],-1.781908631324768,Pushes away from failure,Process temperature [K],-0.5790248513221741,Pushes away from failure,Rotational speed [rpm],0.3008711338043213,Pushes toward failure,Type,0.1167379766702652,Pushes toward failure
747,L,298.7,309.6,1516,38.5,61,0,0.0012334426,0,Torque [Nm],-2.637962818145752,Pushes away from failure,Tool wear [min],-2.1736466884613037,Pushes away from failure,Rotational speed [rpm],-1.6457841396331787,Pushes away from failure,Air temperature [K],-0.8973178267478943,Pushes away from failure,Process temperature [K],-0.1442372351884842,Pushes away from failure,Type,0.027910588309168816,Pushes toward failure
748,L,299.3,308.6,1744,26.4,33,0,0.0010922503,0,Rotational speed [rpm],-2.208786725997925,Pushes away from failure,Tool wear [min],-2.1643073558807373,Pushes away from failure,Torque [Nm],-2.102513551712036,Pushes away from failure,Process temperature [K],-0.5919603109359741,Pushes away from failure,Air temperature [K],-0.46300432085990906,Pushes away from failure,Type,-0.062172967940568924,Pushes away from failure
749,L,298.5,310.0,1804,26.1,22,0,0.0006694056,0,Rotational speed [rpm],-2.666299819946289,Pushes away from failure,Tool wear [min],-2.078019142150879,Pushes away from failure,Torque [Nm],-2.063422679901123,Pushes away from failure,Air temperature [K],-0.6821618676185608,Pushes away from failure,Process temperature [K],-0.5687646269798279,Pushes away from failure,Type,-0.024104557931423187,Pushes away from failure
750,M,299.2,308.4,1396,48.7,13,0,0.003011205,0,Tool wear [min],-1.9853157997131348,Pushes away from failure,Torque [Nm],-1.852398157119751,Pushes away from failure,Air temperature [K],-1.4070539474487305,Pushes away from failure,Rotational speed [rpm],-0.6332463026046753,Pushes away from failure,Type,-0.3992766737937927,Pushes away from failure,Process temperature [K],-0.2994370460510254,Pushes away from failure
751,L,295.6,306.2,1650,28.2,35,0,0.002640103,0,Rotational speed [rpm],-2.204050064086914,Pushes away from failure,Tool wear [min],-2.011718511581421,Pushes away from failure,Torque [Nm],-1.8802388906478882,Pushes away from failure,Air temperature [K],-1.1047245264053345,Pushes away from failure,Process temperature [K],0.5338571071624756,Pushes toward failure,Type,-0.041743092238903046,Pushes away from failure
752,H,299.0,310.4,1677,30.8,73,0,0.0006656392,0,Torque [Nm],-1.974564552307129,Pushes away from failure,Tool wear [min],-1.8450978994369507,Pushes away from failure,Rotational speed [rpm],-1.8178952932357788,Pushes away from failure,Air temperature [K],-1.3090747594833374,Pushes away from failure,Type,-0.8144569396972656,Pushes away from failure,Process temperature [K],-0.32733088731765747,Pushes away from failure
753,L,300.9,312.0,1500,44.2,188,0,0.00035813334,0,Torque [Nm],-3.5926661491394043,Pushes away from failure,Rotational speed [rpm],-1.8308876752853394,Pushes away from failure,Tool wear [min],-1.257251501083374,Pushes away from failure,Air temperature [K],-1.0924164056777954,Pushes away from failure,Process temperature [K],-0.9677146077156067,Pushes away from failure,Type,0.03236491233110428,Pushes toward failure
754,L,296.7,307.7,1502,43.9,84,0,0.00035596406,0,Torque [Nm],-3.5461838245391846,Pushes away from failure,Tool wear [min],-1.9297280311584473,Pushes away from failure,Rotational speed [rpm],-1.8152387142181396,Pushes away from failure,Air temperature [K],-1.5142360925674438,Pushes away from failure,Process temperature [K],0.11864636093378067,Pushes toward failure,Type,-0.027912966907024384,Pushes away from failure
755,H,302.3,311.3,1744,30.3,116,0,0.00023746472,0,Rotational speed [rpm],-2.733304500579834,Pushes away from failure,Torque [Nm],-2.314749240875244,Pushes away from failure,Tool wear [min],-1.875098705291748,Pushes away from failure,Process temperature [K],-1.206122636795044,Pushes away from failure,Type,-0.7701801061630249,Pushes away from failure,Air temperature [K],-0.22012688219547272,Pushes away from failure
756,H,300.0,311.4,1641,34.5,155,0,0.00039028452,0,Torque [Nm],-2.140669822692871,Pushes away from failure,Tool wear [min],-2.047213554382324,Pushes away from failure,Rotational speed [rpm],-1.8535702228546143,Pushes away from failure,Air temperature [K],-1.2183657884597778,Pushes away from failure,Process temperature [K],-0.9280751943588257,Pushes away from failure,Type,-0.43467363715171814,Pushes away from failure
757,L,297.6,308.6,1528,40.0,123,0,0.00033086326,0,Torque [Nm],-2.921522855758667,Pushes away from failure,Tool wear [min],-2.148545503616333,Pushes away from failure,Rotational speed [rpm],-1.7755628824234009,Pushes away from failure,Air temperature [K],-1.562654972076416,Pushes away from failure,Process temperature [K],-0.3608778417110443,Pushes away from failure,Type,-0.018637217581272125,Pushes away from failure
758,L,300.9,312.7,1416,43.8,112,0,0.000248348,0,Torque [Nm],-3.168916940689087,Pushes away from failure,Process temperature [K],-2.02219295501709,Pushes away from failure,Tool wear [min],-2.0144219398498535,Pushes away from failure,Air temperature [K],-1.018470287322998,Pushes away from failure,Rotational speed [rpm],-0.8300551772117615,Pushes away from failure,Type,-0.02070179581642151,Pushes away from failure
759,H,299.1,308.8,1566,46.6,192,0,0.0036864025,0,Torque [Nm],-2.1125645637512207,Pushes away from failure,Rotational speed [rpm],-1.7261933088302612,Pushes away from failure,Tool wear [min],-1.0475106239318848,Pushes away from failure,Air temperature [K],-0.8485241532325745,Pushes away from failure,Type,-0.43474525213241577,Pushes away from failure,Process temperature [K],-0.20419681072235107,Pushes away from failure
760,L,301.3,310.9,1509,41.7,16,0,0.00077822024,0,Torque [Nm],-2.964844226837158,Pushes away from failure,Rotational speed [rpm],-2.048394203186035,Pushes away from failure,Tool wear [min],-1.9315710067749023,Pushes away from failure,Air temperature [K],-1.227188229560852,Pushes away from failure,Process temperature [K],0.23152831196784973,Pushes toward failure,Type,0.008425107225775719,Pushes toward failure
761,M,302.0,311.0,1980,21.5,20,0,0.00264567,0,Rotational speed [rpm],-2.1478629112243652,Pushes away from failure,Torque [Nm],-2.1043789386749268,Pushes away from failure,Tool wear [min],-1.6640030145645142,Pushes away from failure,Process temperature [K],-0.4507367014884949,Pushes away from failure,Air temperature [K],-0.29936909675598145,Pushes away from failure,Type,-0.04015535116195679,Pushes away from failure
762,L,298.5,309.5,1480,38.1,160,0,0.0031428672,0,Torque [Nm],-2.545839548110962,Pushes away from failure,Tool wear [min],-1.8600460290908813,Pushes away from failure,Rotational speed [rpm],-1.4286161661148071,Pushes away from failure,Air temperature [K],-0.8160184025764465,Pushes away from failure,Process temperature [K],0.08908674120903015,Pushes toward failure,Type,0.02763494849205017,Pushes toward failure
763,H,297.4,308.7,1323,51.1,130,0,0.0011087317,0,Air temperature [K],-3.065235137939453,Pushes away from failure,Tool wear [min],-2.06211256980896,Pushes away from failure,Torque [Nm],-1.8023887872695923,Pushes away from failure,Type,-0.6691523790359497,Pushes away from failure,Rotational speed [rpm],0.5635815262794495,Pushes toward failure,Process temperature [K],-0.5424473285675049,Pushes away from failure
764,L,299.2,310.2,1609,33.2,156,0,0.00068928825,0,Torque [Nm],-2.6829817295074463,Pushes away from failure,Rotational speed [rpm],-2.269801616668701,Pushes away from failure,Tool wear [min],-1.8744816780090332,Pushes away from failure,Air temperature [K],-0.8884008526802063,Pushes away from failure,Process temperature [K],-0.2836224138736725,Pushes away from failure,Type,-0.054198045283555984,Pushes away from failure
765,L,300.3,309.3,1345,53.5,192,0,0.06909406,0,Air temperature [K],-1.9400378465652466,Pushes away from failure,Torque [Nm],-1.3296680450439453,Pushes away from failure,Rotational speed [rpm],0.9663759469985962,Pushes toward failure,Tool wear [min],-0.6659050583839417,Pushes away from failure,Process temperature [K],-0.575000524520874,Pushes away from failure,Type,0.1692197620868683,Pushes toward failure
766,L,301.2,310.6,1385,49.2,105,0,0.01224916,0,Tool wear [min],-1.831923246383667,Pushes away from failure,Torque [Nm],-1.5063247680664062,Pushes away from failure,Air temperature [K],-1.3704099655151367,Pushes away from failure,Rotational speed [rpm],-0.45348629355430603,Pushes away from failure,Process temperature [K],-0.031877197325229645,Pushes away from failure,Type,0.029722806066274643,Pushes toward failure
767,H,300.9,311.9,1513,38.0,38,0,0.0002391796,0,Tool wear [min],-2.3358495235443115,Pushes away from failure,Torque [Nm],-2.1633663177490234,Pushes away from failure,Rotational speed [rpm],-1.7028164863586426,Pushes away from failure,Air temperature [K],-1.1571362018585205,Pushes away from failure,Process temperature [K],-0.9508762359619141,Pushes away from failure,Type,-0.8023374080657959,Pushes away from failure
768,L,300.6,309.6,1423,49.1,74,0,0.012326698,0,Torque [Nm],-1.6448018550872803,Pushes away from failure,Tool wear [min],-1.543509840965271,Pushes away from failure,Air temperature [K],-1.1418273448944092,Pushes away from failure,Rotational speed [rpm],-0.6082430481910706,Pushes away from failure,Process temperature [K],-0.21984557807445526,Pushes away from failure,Type,0.0003178175538778305,Pushes toward failure
769,L,301.6,310.6,1562,34.4,162,0,0.0015360914,0,Torque [Nm],-2.505178451538086,Pushes away from failure,Rotational speed [rpm],-2.2776331901550293,Pushes away from failure,Tool wear [min],-1.8662188053131104,Pushes away from failure,Air temperature [K],-0.45768654346466064,Pushes away from failure,Process temperature [K],-0.11538787186145782,Pushes away from failure,Type,-0.029197579249739647,Pushes away from failure
770,L,300.2,309.8,1557,33.8,19,0,0.00092111016,0,Torque [Nm],-2.6786937713623047,Pushes away from failure,Tool wear [min],-2.0976462364196777,Pushes away from failure,Rotational speed [rpm],-1.9716891050338745,Pushes away from failure,Air temperature [K],-1.2743048667907715,Pushes away from failure,Process temperature [K],0.33561211824417114,Pushes toward failure,Type,-0.07661117613315582,Pushes away from failure
771,L,303.0,312.3,1533,38.5,134,0,0.00045206735,0,Torque [Nm],-2.6675283908843994,Pushes away from failure,Rotational speed [rpm],-2.4277725219726562,Pushes away from failure,Tool wear [min],-2.0597498416900635,Pushes away from failure,Process temperature [K],-1.9674299955368042,Pushes away from failure,Air temperature [K],0.6818119883537292,Pushes toward failure,Type,-0.03488481789827347,Pushes away from failure
772,H,298.9,308.8,1621,32.7,75,0,0.0007834504,0,Torque [Nm],-2.571106433868408,Pushes away from failure,Rotational speed [rpm],-2.005143642425537,Pushes away from failure,Tool wear [min],-1.8416554927825928,Pushes away from failure,Air temperature [K],-0.9410428404808044,Pushes away from failure,Process temperature [K],-0.31695687770843506,Pushes away from failure,Type,-0.24943611025810242,Pushes away from failure
773,L,300.6,311.7,1428,52.6,208,0,0.8124805,1,Tool wear [min],3.5331239700317383,Pushes toward failure,Process temperature [K],-1.0162094831466675,Pushes away from failure,Rotational speed [rpm],-0.7644385099411011,Pushes away from failure,Air temperature [K],-0.675462543964386,Pushes away from failure,Torque [Nm],-0.5398997664451599,Pushes away from failure,Type,0.15477195382118225,Pushes toward failure
774,M,301.1,310.6,1410,43.9,73,0,0.0027587858,0,Torque [Nm],-2.9249610900878906,Pushes away from failure,Tool wear [min],-1.2704012393951416,Pushes away from failure,Air temperature [K],-1.140678882598877,Pushes away from failure,Rotational speed [rpm],-1.027793526649475,Pushes away from failure,Type,-0.26648542284965515,Pushes away from failure,Process temperature [K],-0.03420775383710861,Pushes away from failure
775,M,302.6,312.1,2000,21.9,200,0,0.0015822713,0,Torque [Nm],-2.2914388179779053,Pushes away from failure,Rotational speed [rpm],-1.917380928993225,Pushes away from failure,Process temperature [K],-1.6522480249404907,Pushes away from failure,Tool wear [min],-1.1517651081085205,Pushes away from failure,Type,-0.13512979447841644,Pushes away from failure,Air temperature [K],-0.07367072254419327,Pushes away from failure
776,L,301.3,310.6,1556,39.0,72,0,0.0015448757,0,Torque [Nm],-2.2358083724975586,Pushes away from failure,Rotational speed [rpm],-2.0346200466156006,Pushes away from failure,Tool wear [min],-1.9036778211593628,Pushes away from failure,Air temperature [K],-1.0251805782318115,Pushes away from failure,Process temperature [K],-0.04050595685839653,Pushes away from failure,Type,-0.005795828066766262,Pushes away from failure
777,L,299.8,309.5,1641,27.1,16,0,0.0014428832,0,Tool wear [min],-2.1997392177581787,Pushes away from failure,Rotational speed [rpm],-2.1148688793182373,Pushes away from failure,Torque [Nm],-1.8742949962615967,Pushes away from failure,Air temperature [K],-1.01882803440094,Pushes away from failure,Process temperature [K],-0.05681949108839035,Pushes away from failure,Type,-0.04944228753447533,Pushes away from failure
778,L,302.4,311.4,1831,26.9,121,0,0.0003172519,0,Rotational speed [rpm],-2.8278095722198486,Pushes away from failure,Torque [Nm],-2.498277187347412,Pushes away from failure,Tool wear [min],-1.8507887125015259,Pushes away from failure,Process temperature [K],-1.0258549451828003,Pushes away from failure,Air temperature [K],-0.5043864846229553,Pushes away from failure,Type,-0.12270203977823257,Pushes away from failure
779,L,300.1,311.4,1910,23.0,153,0,0.0066285357,0,Tool wear [min],-1.772063970565796,Pushes away from failure,Torque [Nm],-1.3928788900375366,Pushes away from failure,Rotational speed [rpm],-1.2993545532226562,Pushes away from failure,Air temperature [K],-0.7578797936439514,Pushes away from failure,Process temperature [K],-0.5405434966087341,Pushes away from failure,Type,-0.0213251244276762,Pushes away from failure
780,M,299.5,310.9,1577,34.6,159,0,0.0012262056,0,Torque [Nm],-2.3564836978912354,Pushes away from failure,Tool wear [min],-1.9968565702438354,Pushes away from failure,Rotational speed [rpm],-1.7192236185073853,Pushes away from failure,Air temperature [K],-0.9753336310386658,Pushes away from failure,Type,-0.33734366297721863,Pushes away from failure,Process temperature [K],-0.09168919175863266,Pushes away from failure
781,L,302.5,310.4,1349,55.1,187,1,0.9824264,1,Rotational speed [rpm],1.9935985803604126,Pushes toward failure,Air temperature [K],1.693286418914795,Pushes toward failure,Tool wear [min],-1.1605521440505981,Pushes away from failure,Process temperature [K],0.8860794305801392,Pushes toward failure,Torque [Nm],-0.25435319542884827,Pushes away from failure,Type,0.09124193340539932,Pushes toward failure
782,M,297.4,308.7,1798,23.0,135,0,0.0013973888,0,Rotational speed [rpm],-1.8664535284042358,Pushes away from failure,Torque [Nm],-1.8179634809494019,Pushes away from failure,Tool wear [min],-1.7741680145263672,Pushes away from failure,Air temperature [K],-1.329490303993225,Pushes away from failure,Process temperature [K],-0.3547517657279968,Pushes away from failure,Type,-0.2032475471496582,Pushes away from failure
783,L,302.1,311.2,1550,34.8,177,0,0.00079915934,0,Torque [Nm],-2.669828176498413,Pushes away from failure,Rotational speed [rpm],-2.265498399734497,Pushes away from failure,Tool wear [min],-1.546607494354248,Pushes away from failure,Process temperature [K],-1.0552465915679932,Pushes away from failure,Air temperature [K],-0.307407021522522,Pushes away from failure,Type,-0.06088718771934509,Pushes away from failure
784,L,302.3,310.8,1421,41.4,102,0,0.023778934,0,Torque [Nm],-2.61779522895813,Pushes away from failure,Tool wear [min],-1.4068037271499634,Pushes away from failure,Rotational speed [rpm],-0.7783288359642029,Pushes away from failure,Air temperature [K],0.540852427482605,Pushes toward failure,Type,-0.29940181970596313,Pushes away from failure,Process temperature [K],0.07226509600877762,Pushes toward failure
785,M,301.7,310.6,1691,27.7,105,0,0.0021581089,0,Torque [Nm],-2.2116200923919678,Pushes away from failure,Rotational speed [rpm],-2.0447373390197754,Pushes away from failure,Tool wear [min],-1.6999062299728394,Pushes away from failure,Air temperature [K],-0.6692513227462769,Pushes away from failure,Process temperature [K],-0.18721215426921844,Pushes away from failure,Type,-0.09796104580163956,Pushes away from failure
786,L,301.7,310.7,1763,25.9,3,0,0.000631855,0,Rotational speed [rpm],-2.947505235671997,Pushes away from failure,Torque [Nm],-2.435049533843994,Pushes away from failure,Tool wear [min],-2.2011654376983643,Pushes away from failure,Air temperature [K],-0.6391685605049133,Pushes away from failure,Process temperature [K],0.15169425308704376,Pushes toward failure,Type,-0.06934844702482224,Pushes away from failure
787,L,298.2,307.8,1423,48.1,183,0,0.0049938923,0,Torque [Nm],-2.0405428409576416,Pushes away from failure,Tool wear [min],-1.7129871845245361,Pushes away from failure,Air temperature [K],-1.3756107091903687,Pushes away from failure,Rotational speed [rpm],-0.6676931977272034,Pushes away from failure,Process temperature [K],-0.274917870759964,Pushes away from failure,Type,0.0028916699811816216,Pushes toward failure
788,L,298.4,308.9,1628,34.9,93,0,0.0006306247,0,Torque [Nm],-2.532231092453003,Pushes away from failure,Rotational speed [rpm],-2.212576150894165,Pushes away from failure,Tool wear [min],-2.0753414630889893,Pushes away from failure,Air temperature [K],-0.8314164876937866,Pushes away from failure,Process temperature [K],-0.4119921326637268,Pushes away from failure,Type,-0.07893647253513336,Pushes away from failure
789,L,300.4,309.7,1679,30.1,136,0,0.0061241854,0,Tool wear [min],-1.996098279953003,Pushes away from failure,Torque [Nm],-1.7827401161193848,Pushes away from failure,Rotational speed [rpm],-1.2044649124145508,Pushes away from failure,Air temperature [K],-0.7208328247070312,Pushes away from failure,Type,-0.11500760912895203,Pushes away from failure,Process temperature [K],-0.044547464698553085,Pushes away from failure
790,M,295.6,306.2,1477,45.0,40,0,0.0017650216,0,Torque [Nm],-2.126145362854004,Pushes away from failure,Rotational speed [rpm],-1.8047711849212646,Pushes away from failure,Air temperature [K],-1.53351891040802,Pushes away from failure,Tool wear [min],-1.2742201089859009,Pushes away from failure,Type,-0.34531328082084656,Pushes away from failure,Process temperature [K],-0.028185220435261726,Pushes away from failure
791,L,302.4,311.5,1505,37.9,79,0,0.0007040248,0,Rotational speed [rpm],-2.4225196838378906,Pushes away from failure,Torque [Nm],-2.1412205696105957,Pushes away from failure,Tool wear [min],-1.911116361618042,Pushes away from failure,Process temperature [K],-1.1716428995132446,Pushes away from failure,Air temperature [K],-0.3615419566631317,Pushes away from failure,Type,-0.024273384362459183,Pushes away from failure
792,L,301.8,311.0,1529,41.6,12,0,0.00025284593,0,Torque [Nm],-2.86603045463562,Pushes away from failure,Rotational speed [rpm],-2.7873175144195557,Pushes away from failure,Tool wear [min],-2.0786385536193848,Pushes away from failure,Process temperature [K],-0.8421940803527832,Pushes away from failure,Air temperature [K],-0.46094807982444763,Pushes away from failure,Type,-0.021670041605830193,Pushes away from failure
793,M,297.2,308.4,1378,41.9,97,0,0.0012399749,0,Torque [Nm],-3.2950053215026855,Pushes away from failure,Air temperature [K],-2.273489475250244,Pushes away from failure,Tool wear [min],-1.7023428678512573,Pushes away from failure,Rotational speed [rpm],0.6666797995567322,Pushes toward failure,Type,-0.5197068452835083,Pushes away from failure,Process temperature [K],-0.34188348054885864,Pushes away from failure
794,L,303.7,312.5,1433,53.6,185,0,0.003233557,0,Process temperature [K],-2.7260818481445312,Pushes away from failure,Tool wear [min],-2.0458016395568848,Pushes away from failure,Rotational speed [rpm],-1.522974967956543,Pushes away from failure,Torque [Nm],-1.232743263244629,Pushes away from failure,Air temperature [K],1.0379265546798706,Pushes toward failure,Type,-0.015583619475364685,Pushes away from failure
795,L,301.3,310.8,1432,54.4,51,0,0.0045920084,0,Tool wear [min],-2.373295307159424,Pushes away from failure,Air temperature [K],-1.3515372276306152,Pushes away from failure,Rotational speed [rpm],-1.1624611616134644,Pushes away from failure,Torque [Nm],-1.1351970434188843,Pushes away from failure,Process temperature [K],-0.1660475730895996,Pushes away from failure,Type,0.03537913039326668,Pushes toward failure
796,L,301.4,310.7,1487,44.6,88,0,0.0020944444,0,Torque [Nm],-2.0526621341705322,Pushes away from failure,Rotational speed [rpm],-2.043060779571533,Pushes away from failure,Tool wear [min],-1.8263615369796753,Pushes away from failure,Air temperature [K],-1.2072148323059082,Pushes away from failure,Process temperature [K],0.16371434926986694,Pushes toward failure,Type,0.02489020861685276,Pushes toward failure
797,H,298.3,310.0,1419,47.1,105,0,0.0046932106,0,Air temperature [K],-1.8061591386795044,Pushes away from failure,Tool wear [min],-1.7186821699142456,Pushes away from failure,Torque [Nm],-1.5237181186676025,Pushes away from failure,Type,-0.7397375106811523,Pushes away from failure,Process temperature [K],-0.3245408833026886,Pushes away from failure,Rotational speed [rpm],-0.018419574946165085,Pushes away from failure
798,L,301.3,310.5,1503,48.6,72,0,0.008848376,0,Rotational speed [rpm],-2.1436729431152344,Pushes away from failure,Tool wear [min],-1.5973783731460571,Pushes away from failure,Air temperature [K],-1.1620802879333496,Pushes away from failure,Torque [Nm],-0.7676051259040833,Pushes away from failure,Process temperature [K],0.1314198076725006,Pushes toward failure,Type,0.046359267085790634,Pushes toward failure
799,M,301.1,311.3,1389,53.3,8,0,0.0011717778,0,Tool wear [min],-2.170743703842163,Pushes away from failure,Torque [Nm],-1.4169156551361084,Pushes away from failure,Air temperature [K],-1.4060554504394531,Pushes away from failure,Rotational speed [rpm],-1.0647553205490112,Pushes away from failure,Process temperature [K],-1.0242968797683716,Pushes away from failure,Type,-0.4396185278892517,Pushes away from failure
800,L,303.9,313.1,1491,37.2,195,0,0.0021485372,0,Torque [Nm],-2.9480652809143066,Pushes away from failure,Rotational speed [rpm],-2.038125514984131,Pushes away from failure,Process temperature [K],-1.7855112552642822,Pushes away from failure,Tool wear [min],-1.0599322319030762,Pushes away from failure,Air temperature [K],0.9132077693939209,Pushes toward failure,Type,0.003282371908426285,Pushes toward failure
801,L,301.6,310.5,1809,25.5,40,0,0.0009563408,0,Rotational speed [rpm],-3.0702927112579346,Pushes away from failure,Torque [Nm],-2.447357177734375,Pushes away from failure,Tool wear [min],-1.3473373651504517,Pushes away from failure,Air temperature [K],-0.5528009533882141,Pushes away from failure,Process temperature [K],-0.18774840235710144,Pushes away from failure,Type,-0.12022452801465988,Pushes away from failure
802,L,299.6,309.0,1472,48.8,72,0,0.0018448032,0,Tool wear [min],-2.0675361156463623,Pushes away from failure,Torque [Nm],-1.7139463424682617,Pushes away from failure,Rotational speed [rpm],-1.4857017993927002,Pushes away from failure,Air temperature [K],-1.11837899684906,Pushes away from failure,Process temperature [K],-0.6968637704849243,Pushes away from failure,Type,0.014564341865479946,Pushes toward failure
803,H,302.0,310.5,1841,23.6,119,0,0.0005328618,0,Rotational speed [rpm],-3.2262508869171143,Pushes away from failure,Torque [Nm],-2.635826349258423,Pushes away from failure,Tool wear [min],-1.4571173191070557,Pushes away from failure,Type,-0.8059999942779541,Pushes away from failure,Air temperature [K],-0.11039039492607117,Pushes away from failure,Process temperature [K],-0.07545582950115204,Pushes away from failure
804,M,298.8,309.7,2098,19.0,133,0,0.005001701,0,Tool wear [min],-1.8467377424240112,Pushes away from failure,Torque [Nm],-1.5747684240341187,Pushes away from failure,Rotational speed [rpm],-1.3510606288909912,Pushes away from failure,Air temperature [K],-0.855037271976471,Pushes away from failure,Type,-0.3783620595932007,Pushes away from failure,Process temperature [K],-0.061319686472415924,Pushes away from failure
805,H,298.1,308.5,1392,44.8,111,0,0.0038280168,0,Tool wear [min],-1.9476561546325684,Pushes away from failure,Air temperature [K],-1.7005271911621094,Pushes away from failure,Torque [Nm],-1.582589030265808,Pushes away from failure,Rotational speed [rpm],-0.5612238049507141,Pushes away from failure,Type,-0.308876633644104,Pushes away from failure,Process temperature [K],-0.23502327501773834,Pushes away from failure
806,L,297.2,308.4,1677,26.4,146,0,0.002884974,0,Torque [Nm],-1.8597092628479004,Pushes away from failure,Tool wear [min],-1.595280408859253,Pushes away from failure,Air temperature [K],-1.443609595298767,Pushes away from failure,Rotational speed [rpm],-1.395613193511963,Pushes away from failure,Process temperature [K],-0.2671511769294739,Pushes away from failure,Type,-0.05831221491098404,Pushes away from failure
807,L,298.4,309.1,1579,36.1,123,0,0.00065583445,0,Torque [Nm],-2.6418192386627197,Pushes away from failure,Rotational speed [rpm],-2.1240577697753906,Pushes away from failure,Tool wear [min],-1.9570356607437134,Pushes away from failure,Air temperature [K],-0.8534916639328003,Pushes away from failure,Process temperature [K],-0.45649540424346924,Pushes away from failure,Type,-0.07037059962749481,Pushes away from failure
808,M,302.9,311.1,1926,21.8,58,0,0.0016400175,0,Rotational speed [rpm],-2.652782678604126,Pushes away from failure,Torque [Nm],-2.216076612472534,Pushes away from failure,Tool wear [min],-1.9105621576309204,Pushes away from failure,Process temperature [K],-0.5345246195793152,Pushes away from failure,Air temperature [K],0.19544531404972076,Pushes toward failure,Type,-0.0672302097082138,Pushes away from failure
809,L,298.1,307.6,1354,43.3,155,0,0.0010713582,0,Torque [Nm],-3.228973627090454,Pushes away from failure,Air temperature [K],-2.620840311050415,Pushes away from failure,Tool wear [min],-2.2128636837005615,Pushes away from failure,Rotational speed [rpm],0.6490265130996704,Pushes toward failure,Process temperature [K],-0.24611856043338776,Pushes away from failure,Type,0.0476856492459774,Pushes toward failure
810,L,302.3,311.2,1786,24.3,81,0,0.0003654818,0,Rotational speed [rpm],-2.9222660064697266,Pushes away from failure,Torque [Nm],-2.4192965030670166,Pushes away from failure,Tool wear [min],-1.7727339267730713,Pushes away from failure,Process temperature [K],-0.9424903392791748,Pushes away from failure,Air temperature [K],-0.5072817206382751,Pushes away from failure,Type,-0.12418285012245178,Pushes away from failure
811,L,300.4,310.8,1390,52.5,144,0,0.0047266707,0,Tool wear [min],-2.163719892501831,Pushes away from failure,Air temperature [K],-1.4483022689819336,Pushes away from failure,Torque [Nm],-1.3351739645004272,Pushes away from failure,Rotational speed [rpm],-1.0317505598068237,Pushes away from failure,Process temperature [K],-0.20484307408332825,Pushes away from failure,Type,0.05966838449239731,Pushes toward failure
812,L,296.9,307.7,1550,39.7,124,0,0.0008867029,0,Torque [Nm],-3.0967137813568115,Pushes away from failure,Tool wear [min],-2.190626382827759,Pushes away from failure,Rotational speed [rpm],-1.5621155500411987,Pushes away from failure,Air temperature [K],-1.2758053541183472,Pushes away from failure,Process temperature [K],0.33380037546157837,Pushes toward failure,Type,-0.009979338385164738,Pushes away from failure
813,M,304.2,313.4,1329,54.5,75,0,0.022051856,0,Process temperature [K],-3.979058027267456,Pushes away from failure,Air temperature [K],1.867851972579956,Pushes toward failure,Tool wear [min],-1.8082733154296875,Pushes away from failure,Torque [Nm],-1.058970332145691,Pushes away from failure,Rotational speed [rpm],0.7172431945800781,Pushes toward failure,Type,-0.3051797151565552,Pushes away from failure
814,L,301.1,310.1,1489,45.8,42,0,0.0020562129,0,Rotational speed [rpm],-2.2403488159179688,Pushes away from failure,Tool wear [min],-1.81627357006073,Pushes away from failure,Torque [Nm],-1.8125994205474854,Pushes away from failure,Air temperature [K],-1.199115514755249,Pushes away from failure,Process temperature [K],0.10707791149616241,Pushes toward failure,Type,0.002103942446410656,Pushes toward failure
815,L,297.4,308.4,2151,17.7,0,0,0.001817335,0,Tool wear [min],-2.364668130874634,Pushes away from failure,Torque [Nm],-1.9562081098556519,Pushes away from failure,Air temperature [K],-1.1251050233840942,Pushes away from failure,Rotational speed [rpm],-0.9959042072296143,Pushes away from failure,Process temperature [K],-0.6300562024116516,Pushes away from failure,Type,-0.010948019102215767,Pushes away from failure
816,L,302.3,310.1,1388,49.9,48,0,0.17010133,0,Tool wear [min],-1.6770507097244263,Pushes away from failure,Rotational speed [rpm],-1.3815176486968994,Pushes away from failure,Torque [Nm],-1.1862739324569702,Pushes away from failure,Air temperature [K],1.0399030447006226,Pushes toward failure,Process temperature [K],0.8959992527961731,Pushes toward failure,Type,-0.050294820219278336,Pushes away from failure
817,M,297.3,308.4,1434,44.8,21,0,0.003224522,0,Air temperature [K],-1.7740068435668945,Pushes away from failure,Torque [Nm],-1.718400239944458,Pushes away from failure,Tool wear [min],-1.6910189390182495,Pushes away from failure,Rotational speed [rpm],-0.5859988927841187,Pushes away from failure,Process temperature [K],-0.48069873452186584,Pushes away from failure,Type,-0.25794345140457153,Pushes away from failure
818,L,298.8,310.0,1423,42.1,154,0,0.0021835007,0,Torque [Nm],-3.0536322593688965,Pushes away from failure,Tool wear [min],-1.8393620252609253,Pushes away from failure,Air temperature [K],-0.9573186635971069,Pushes away from failure,Rotational speed [rpm],-0.6505189538002014,Pushes away from failure,Process temperature [K],-0.382645845413208,Pushes away from failure,Type,-0.015489055775105953,Pushes away from failure
819,L,300.2,309.1,1479,47.0,22,0,0.00036128372,0,Torque [Nm],-2.288041591644287,Pushes away from failure,Tool wear [min],-2.1821558475494385,Pushes away from failure,Rotational speed [rpm],-1.7540004253387451,Pushes away from failure,Air temperature [K],-1.619689702987671,Pushes away from failure,Process temperature [K],-0.8097323179244995,Pushes away from failure,Type,-0.04619435593485832,Pushes away from failure
820,L,301.3,311.0,1542,35.1,204,0,0.047251012,0,Torque [Nm],-2.085922956466675,Pushes away from failure,Tool wear [min],1.6099786758422852,Pushes toward failure,Rotational speed [rpm],-1.4374340772628784,Pushes away from failure,Air temperature [K],-1.0553325414657593,Pushes away from failure,Process temperature [K],-0.7773845195770264,Pushes away from failure,Type,-0.03210879862308502,Pushes away from failure
821,L,298.1,308.4,1436,46.7,103,0,0.0022349332,0,Torque [Nm],-2.1241211891174316,Pushes away from failure,Tool wear [min],-2.0874221324920654,Pushes away from failure,Air temperature [K],-1.5354771614074707,Pushes away from failure,Rotational speed [rpm],-0.6339951753616333,Pushes away from failure,Process temperature [K],-0.45928359031677246,Pushes away from failure,Type,-0.03533359244465828,Pushes away from failure
822,L,300.2,310.2,1415,49.6,21,0,0.0019514672,0,Tool wear [min],-2.158618927001953,Pushes away from failure,Air temperature [K],-1.936685562133789,Pushes away from failure,Torque [Nm],-1.8487876653671265,Pushes away from failure,Rotational speed [rpm],-1.23447847366333,Pushes away from failure,Process temperature [K],0.1571146547794342,Pushes toward failure,Type,0.009910783730447292,Pushes toward failure
823,L,302.6,311.8,1638,35.1,17,0,0.00082714495,0,Rotational speed [rpm],-3.48937726020813,Pushes away from failure,Tool wear [min],-2.258525848388672,Pushes away from failure,Torque [Nm],-2.142116069793701,Pushes away from failure,Air temperature [K],0.6282171607017517,Pushes toward failure,Process temperature [K],-0.46313047409057617,Pushes away from failure,Type,-0.14609742164611816,Pushes away from failure
824,H,302.7,310.8,1275,55.0,25,1,0.9602163,1,Air temperature [K],2.940140962600708,Pushes toward failure,Rotational speed [rpm],1.5359660387039185,Pushes toward failure,Tool wear [min],-1.4485551118850708,Pushes away from failure,Type,-0.6070014238357544,Pushes away from failure,Torque [Nm],-0.25255918502807617,Pushes away from failure,Process temperature [K],0.24138222634792328,Pushes toward failure
825,M,302.5,312.0,1451,43.2,189,0,0.00054173736,0,Torque [Nm],-3.33597469329834,Pushes away from failure,Rotational speed [rpm],-1.5502045154571533,Pushes away from failure,Process temperature [K],-1.4633840322494507,Pushes away from failure,Tool wear [min],-1.2719635963439941,Pushes away from failure,Type,-0.38484346866607666,Pushes away from failure,Air temperature [K],-0.28814294934272766,Pushes away from failure
826,M,299.2,308.4,1529,43.0,50,0,0.0006357939,0,Torque [Nm],-3.1729202270507812,Pushes away from failure,Tool wear [min],-2.1933343410491943,Pushes away from failure,Rotational speed [rpm],-1.6811916828155518,Pushes away from failure,Air temperature [K],-0.8887032270431519,Pushes away from failure,Type,-0.23526045680046082,Pushes away from failure,Process temperature [K],0.03708455711603165,Pushes toward failure
827,H,302.1,311.2,1598,37.9,148,0,0.0005333,0,Rotational speed [rpm],-2.549616575241089,Pushes away from failure,Torque [Nm],-2.0802764892578125,Pushes away from failure,Tool wear [min],-1.5949796438217163,Pushes away from failure,Process temperature [K],-1.2123692035675049,Pushes away from failure,Type,-0.5442297458648682,Pushes away from failure,Air temperature [K],-0.32874536514282227,Pushes away from failure
828,L,295.9,306.4,1892,21.7,72,0,0.0029518632,0,Rotational speed [rpm],-2.0580432415008545,Pushes away from failure,Tool wear [min],-1.940969467163086,Pushes away from failure,Torque [Nm],-1.7473607063293457,Pushes away from failure,Air temperature [K],-0.923308789730072,Pushes away from failure,Process temperature [K],0.11381717771291733,Pushes toward failure,Type,-0.040823422372341156,Pushes away from failure
829,L,298.2,307.8,1528,31.1,194,0,0.006052907,0,Torque [Nm],-2.7465102672576904,Pushes away from failure,Rotational speed [rpm],-1.6784473657608032,Pushes away from failure,Tool wear [min],-1.2285420894622803,Pushes away from failure,Air temperature [K],-0.796179473400116,Pushes away from failure,Process temperature [K],0.5494562983512878,Pushes toward failure,Type,0.02475232072174549,Pushes toward failure
830,H,296.4,307.1,1638,32.5,146,0,0.0049924166,0,Torque [Nm],-2.361685037612915,Pushes away from failure,Rotational speed [rpm],-1.7448303699493408,Pushes away from failure,Tool wear [min],-1.3947865962982178,Pushes away from failure,Air temperature [K],-1.0930476188659668,Pushes away from failure,Process temperature [K],0.6745583415031433,Pushes toward failure,Type,-0.1493627279996872,Pushes away from failure
831,L,301.5,311.1,2055,16.8,105,0,0.0020788794,0,Tool wear [min],-1.9167332649230957,Pushes away from failure,Rotational speed [rpm],-1.462367296218872,Pushes away from failure,Air temperature [K],-1.3665765523910522,Pushes away from failure,Torque [Nm],-1.2620548009872437,Pushes away from failure,Process temperature [K],-0.8275517821311951,Pushes away from failure,Type,-0.11288458108901978,Pushes away from failure
832,M,297.8,307.3,1804,26.0,222,0,0.38585553,0,Tool wear [min],3.434297561645508,Pushes toward failure,Torque [Nm],-1.84670090675354,Pushes away from failure,Rotational speed [rpm],-1.6800345182418823,Pushes away from failure,Air temperature [K],-0.6988809108734131,Pushes away from failure,Type,-0.6475930213928223,Pushes away from failure,Process temperature [K],0.19982047379016876,Pushes toward failure
833,L,302.7,312.2,1611,34.1,186,0,0.00043040156,0,Torque [Nm],-2.7498884201049805,Pushes away from failure,Rotational speed [rpm],-2.581953525543213,Pushes away from failure,Process temperature [K],-1.859282374382019,Pushes away from failure,Tool wear [min],-1.7026087045669556,Pushes away from failure,Air temperature [K],0.4480106234550476,Pushes toward failure,Type,-0.07896584272384644,Pushes away from failure
834,L,303.7,312.7,1572,37.2,192,0,0.00054571417,0,Torque [Nm],-2.9149577617645264,Pushes away from failure,Rotational speed [rpm],-2.51544451713562,Pushes away from failure,Process temperature [K],-2.126774549484253,Pushes away from failure,Tool wear [min],-1.4076685905456543,Pushes away from failure,Air temperature [K],0.7192297577857971,Pushes toward failure,Type,-0.041580840945243835,Pushes away from failure
835,M,301.5,310.7,1347,47.9,29,0,0.044965837,0,Air temperature [K],-2.2369422912597656,Pushes away from failure,Tool wear [min],-1.206850290298462,Pushes away from failure,Torque [Nm],-1.0609279870986938,Pushes away from failure,Rotational speed [rpm],0.8971216082572937,Pushes toward failure,Type,-0.5103191137313843,Pushes away from failure,Process temperature [K],0.2877505123615265,Pushes toward failure
836,L,295.8,306.4,1325,56.2,65,0,0.0058784126,0,Air temperature [K],-2.4829020500183105,Pushes away from failure,Tool wear [min],-2.4284985065460205,Pushes away from failure,Torque [Nm],-1.3048624992370605,Pushes away from failure,Rotational speed [rpm],0.6866722106933594,Pushes toward failure,Process temperature [K],-0.4362286925315857,Pushes away from failure,Type,0.060917630791664124,Pushes toward failure
837,L,300.2,311.5,1492,41.8,128,0,0.00021962226,0,Torque [Nm],-3.184185743331909,Pushes away from failure,Tool wear [min],-2.0836286544799805,Pushes away from failure,Rotational speed [rpm],-1.7469453811645508,Pushes away from failure,Air temperature [K],-1.304975986480713,Pushes away from failure,Process temperature [K],-0.8795240521430969,Pushes away from failure,Type,0.0015534283593297005,Pushes toward failure
838,L,297.6,309.5,2001,20.5,220,0,0.54639685,1,Tool wear [min],3.218614101409912,Pushes toward failure,Torque [Nm],-1.7845009565353394,Pushes away from failure,Rotational speed [rpm],-1.2055306434631348,Pushes away from failure,Air temperature [K],-0.516374409198761,Pushes away from failure,Process temperature [K],-0.35870835185050964,Pushes away from failure,Type,0.05829894170165062,Pushes toward failure
839,L,299.4,310.8,1622,33.6,217,0,0.35607648,0,Tool wear [min],3.3807194232940674,Pushes toward failure,Torque [Nm],-2.3633124828338623,Pushes away from failure,Rotational speed [rpm],-1.791303038597107,Pushes away from failure,Air temperature [K],-0.46997928619384766,Pushes away from failure,Process temperature [K],-0.15557192265987396,Pushes away from failure,Type,0.032687947154045105,Pushes toward failure
840,M,300.2,310.6,1983,20.8,83,0,0.0055237063,0,Tool wear [min],-1.790104627609253,Pushes away from failure,Rotational speed [rpm],-1.4951269626617432,Pushes away from failure,Torque [Nm],-1.3889878988265991,Pushes away from failure,Air temperature [K],-0.9940035939216614,Pushes away from failure,Type,-0.20886006951332092,Pushes away from failure,Process temperature [K],-0.09040647745132446,Pushes away from failure
841,L,298.4,309.1,1423,48.0,135,0,0.0064129876,0,Tool wear [min],-1.9726636409759521,Pushes away from failure,Torque [Nm],-1.637589454650879,Pushes away from failure,Air temperature [K],-1.190015196800232,Pushes away from failure,Process temperature [K],-0.6420907378196716,Pushes away from failure,Rotational speed [rpm],-0.36273524165153503,Pushes away from failure,Type,-0.012227285653352737,Pushes away from failure
842,L,298.2,309.1,1569,35.2,199,0,0.0012830299,0,Torque [Nm],-2.718027353286743,Pushes away from failure,Rotational speed [rpm],-2.0681405067443848,Pushes away from failure,Tool wear [min],-1.111898422241211,Pushes away from failure,Air temperature [K],-0.957383394241333,Pushes away from failure,Process temperature [K],-0.552693247795105,Pushes away from failure,Type,-0.023429468274116516,Pushes away from failure
843,L,297.3,308.3,1471,38.2,37,0,0.00045205635,0,Torque [Nm],-2.727292537689209,Pushes away from failure,Tool wear [min],-2.412790298461914,Pushes away from failure,Rotational speed [rpm],-1.5611964464187622,Pushes away from failure,Air temperature [K],-1.4958993196487427,Pushes away from failure,Process temperature [K],-0.2744790315628052,Pushes away from failure,Type,-0.0039239320904016495,Pushes away from failure
844,L,299.0,308.6,1297,54.2,110,0,0.0030246817,0,Tool wear [min],-2.606703758239746,Pushes away from failure,Air temperature [K],-2.3257298469543457,Pushes away from failure,Torque [Nm],-1.2944676876068115,Pushes away from failure,Process temperature [K],-0.6205794215202332,Pushes away from failure,Rotational speed [rpm],0.16850030422210693,Pushes toward failure,Type,0.10673658549785614,Pushes toward failure
845,L,300.3,311.5,1663,33.6,38,0,0.0011472234,0,Torque [Nm],-2.4333832263946533,Pushes away from failure,Tool wear [min],-2.258516788482666,Pushes away from failure,Rotational speed [rpm],-1.2964377403259277,Pushes away from failure,Air temperature [K],-0.8027281165122986,Pushes away from failure,Process temperature [K],-0.6665541529655457,Pushes away from failure,Type,-0.08596407622098923,Pushes away from failure
846,M,299.2,308.9,1447,39.6,22,0,0.0013733879,0,Torque [Nm],-2.6061320304870605,Pushes away from failure,Tool wear [min],-2.0571935176849365,Pushes away from failure,Rotational speed [rpm],-1.0160170793533325,Pushes away from failure,Air temperature [K],-1.004246711730957,Pushes away from failure,Type,-0.39338403940200806,Pushes away from failure,Process temperature [K],-0.2864518165588379,Pushes away from failure
847,L,300.9,310.4,1445,41.7,180,0,0.004812408,0,Torque [Nm],-3.047484874725342,Pushes away from failure,Tool wear [min],-1.2097644805908203,Pushes away from failure,Air temperature [K],-1.166121482849121,Pushes away from failure,Rotational speed [rpm],-0.43565210700035095,Pushes away from failure,Process temperature [K],-0.2711925804615021,Pushes away from failure,Type,0.024157386273145676,Pushes toward failure
848,L,301.7,311.3,1584,38.8,132,0,0.00023375708,0,Torque [Nm],-2.5953714847564697,Pushes away from failure,Rotational speed [rpm],-2.497114419937134,Pushes away from failure,Tool wear [min],-2.244922399520874,Pushes away from failure,Process temperature [K],-1.1490381956100464,Pushes away from failure,Air temperature [K],-0.5957090854644775,Pushes away from failure,Type,-0.05316319316625595,Pushes away from failure
849,M,297.9,308.5,1300,53.0,172,0,0.0006117775,0,Air temperature [K],-3.0526630878448486,Pushes away from failure,Tool wear [min],-1.9690182209014893,Pushes away from failure,Torque [Nm],-1.6880607604980469,Pushes away from failure,Type,-0.8877711296081543,Pushes away from failure,Process temperature [K],-0.42596545815467834,Pushes away from failure,Rotational speed [rpm],-0.14937633275985718,Pushes away from failure
850,H,298.4,308.2,1612,32.6,10,0,0.0005507371,0,Torque [Nm],-2.6279208660125732,Pushes away from failure,Tool wear [min],-2.3640785217285156,Pushes away from failure,Rotational speed [rpm],-2.0922741889953613,Pushes away from failure,Air temperature [K],-0.8283556699752808,Pushes away from failure,Type,-0.3088102638721466,Pushes away from failure,Process temperature [K],-0.05658625438809395,Pushes away from failure
851,L,298.0,308.9,1390,53.9,88,0,0.002557284,0,Tool wear [min],-2.5089962482452393,Pushes away from failure,Air temperature [K],-1.7501716613769531,Pushes away from failure,Torque [Nm],-1.1840764284133911,Pushes away from failure,Rotational speed [rpm],-0.8032665848731995,Pushes away from failure,Process temperature [K],-0.5254068374633789,Pushes away from failure,Type,0.031343474984169006,Pushes toward failure
852,M,298.4,308.2,1468,43.8,2,0,0.0006146336,0,Torque [Nm],-3.1306145191192627,Pushes away from failure,Tool wear [min],-1.992568850517273,Pushes away from failure,Rotational speed [rpm],-1.740119457244873,Pushes away from failure,Air temperature [K],-0.9550154805183411,Pushes away from failure,Type,-0.30201125144958496,Pushes away from failure,Process temperature [K],-0.04786606878042221,Pushes away from failure
853,M,299.4,309.4,1326,47.5,35,0,0.0029161589,0,Air temperature [K],-2.609125852584839,Pushes away from failure,Torque [Nm],-1.673755168914795,Pushes away from failure,Tool wear [min],-1.6529173851013184,Pushes away from failure,Process temperature [K],-0.646569550037384,Pushes away from failure,Type,-0.5799163579940796,Pushes away from failure,Rotational speed [rpm],0.5533919334411621,Pushes toward failure
854,M,300.8,312.0,1422,50.7,219,0,0.15906703,0,Tool wear [min],2.4925537109375,Pushes toward failure,Torque [Nm],-1.522642970085144,Pushes away from failure,Air temperature [K],-1.328001856803894,Pushes away from failure,Type,-0.9713605642318726,Pushes away from failure,Process temperature [K],-0.6596126556396484,Pushes away from failure,Rotational speed [rpm],-0.4504460096359253,Pushes away from failure
855,H,300.5,310.0,1358,60.4,102,0,0.07903187,0,Tool wear [min],-2.098970890045166,Pushes away from failure,Air temperature [K],-2.0644893646240234,Pushes away from failure,Torque [Nm],1.3901112079620361,Pushes toward failure,Type,-0.6504918932914734,Pushes away from failure,Rotational speed [rpm],0.5582782030105591,Pushes toward failure,Process temperature [K],-0.3643365502357483,Pushes away from failure
856,M,299.8,309.1,1268,58.0,90,0,0.0012210773,0,Air temperature [K],-3.032064437866211,Pushes away from failure,Tool wear [min],-2.124474287033081,Pushes away from failure,Process temperature [K],-0.7313216328620911,Pushes away from failure,Type,-0.6914765238761902,Pushes away from failure,Rotational speed [rpm],-0.6608080863952637,Pushes away from failure,Torque [Nm],-0.24097903072834015,Pushes away from failure
857,L,300.8,311.4,1492,40.6,20,0,0.00047014494,0,Torque [Nm],-2.7059171199798584,Pushes away from failure,Rotational speed [rpm],-1.9979268312454224,Pushes away from failure,Tool wear [min],-1.724350929260254,Pushes away from failure,Air temperature [K],-1.1129323244094849,Pushes away from failure,Process temperature [K],-0.8964169025421143,Pushes away from failure,Type,0.0012222528457641602,Pushes toward failure
858,L,295.9,306.6,1679,30.4,117,0,0.0033121125,0,Torque [Nm],-1.9468591213226318,Pushes away from failure,Tool wear [min],-1.897159457206726,Pushes away from failure,Rotational speed [rpm],-1.5853129625320435,Pushes away from failure,Air temperature [K],-1.3339210748672485,Pushes away from failure,Process temperature [K],0.37087059020996094,Pushes toward failure,Type,-0.08879584074020386,Pushes away from failure
859,M,304.0,313.1,1466,39.5,83,0,0.00078535423,0,Torque [Nm],-2.675574779510498,Pushes away from failure,Process temperature [K],-2.109823226928711,Pushes away from failure,Rotational speed [rpm],-1.9583685398101807,Pushes away from failure,Tool wear [min],-1.9501196146011353,Pushes away from failure,Air temperature [K],0.9985328912734985,Pushes toward failure,Type,-0.227560892701149,Pushes away from failure
860,L,299.1,308.9,1445,43.4,197,0,0.007287908,0,Torque [Nm],-3.2425901889801025,Pushes away from failure,Tool wear [min],-0.9811645746231079,Pushes away from failure,Air temperature [K],-0.7247065901756287,Pushes away from failure,Rotational speed [rpm],-0.5489226579666138,Pushes away from failure,Process temperature [K],-0.22419658303260803,Pushes away from failure,Type,0.03303305804729462,Pushes toward failure
861,M,296.9,308.1,1440,46.3,64,0,0.0044028712,0,Torque [Nm],-1.9006010293960571,Pushes away from failure,Air temperature [K],-1.7405414581298828,Pushes away from failure,Tool wear [min],-1.5926172733306885,Pushes away from failure,Process temperature [K],-0.6610001921653748,Pushes away from failure,Type,-0.3910139799118042,Pushes away from failure,Rotational speed [rpm],0.09036228060722351,Pushes toward failure
862,M,298.7,309.6,1452,42.7,180,0,0.0031151597,0,Torque [Nm],-3.248786211013794,Pushes away from failure,Tool wear [min],-1.0549440383911133,Pushes away from failure,Air temperature [K],-0.8745887279510498,Pushes away from failure,Rotational speed [rpm],-0.6862767338752747,Pushes away from failure,Type,-0.5703034400939941,Pushes away from failure,Process temperature [K],-0.10777798295021057,Pushes away from failure
863,H,302.2,310.9,1415,48.4,185,0,0.09863072,0,Rotational speed [rpm],-1.5927927494049072,Pushes away from failure,Tool wear [min],-1.4423935413360596,Pushes away from failure,Air temperature [K],0.7755404710769653,Pushes toward failure,Type,-0.7285161018371582,Pushes away from failure,Process temperature [K],0.563766598701477,Pushes toward failure,Torque [Nm],-0.5624611377716064,Pushes away from failure
864,M,300.7,309.5,1352,44.0,126,0,0.0023729412,0,Torque [Nm],-3.0782690048217773,Pushes away from failure,Air temperature [K],-2.3514785766601562,Pushes away from failure,Tool wear [min],-1.3056731224060059,Pushes away from failure,Rotational speed [rpm],0.7311438322067261,Pushes toward failure,Type,-0.5454439520835876,Pushes away from failure,Process temperature [K],-0.26585352420806885,Pushes away from failure
865,M,302.4,310.4,1463,42.2,139,0,0.0021163328,0,Torque [Nm],-3.180102825164795,Pushes away from failure,Rotational speed [rpm],-2.99930477142334,Pushes away from failure,Tool wear [min],-1.407730221748352,Pushes away from failure,Air temperature [K],0.6464086771011353,Pushes toward failure,Process temperature [K],0.18341608345508575,Pushes toward failure,Type,-0.17296507954597473,Pushes away from failure
866,L,301.1,311.1,1570,41.6,202,0,0.0012905734,0,Torque [Nm],-3.1541922092437744,Pushes away from failure,Rotational speed [rpm],-2.359017848968506,Pushes away from failure,Air temperature [K],-0.8808416724205017,Pushes away from failure,Process temperature [K],-0.7367424368858337,Pushes away from failure,Tool wear [min],-0.3157166838645935,Pushes away from failure,Type,0.02080526202917099,Pushes toward failure
867,L,298.9,310.6,1387,52.7,2,0,0.004108384,0,Tool wear [min],-2.4500081539154053,Pushes away from failure,Air temperature [K],-1.5823217630386353,Pushes away from failure,Torque [Nm],-1.2653677463531494,Pushes away from failure,Rotational speed [rpm],-0.8661788105964661,Pushes away from failure,Process temperature [K],-0.1675194501876831,Pushes away from failure,Type,0.06646121293306351,Pushes toward failure
868,L,300.7,310.9,1521,39.4,61,0,0.0010283255,0,Torque [Nm],-2.8143908977508545,Pushes away from failure,Tool wear [min],-2.0518813133239746,Pushes away from failure,Rotational speed [rpm],-1.8263033628463745,Pushes away from failure,Air temperature [K],-1.1280478239059448,Pushes away from failure,Process temperature [K],0.13471607863903046,Pushes toward failure,Type,0.03278958797454834,Pushes toward failure
869,L,298.2,308.7,1408,40.0,9,0,0.001559342,0,Torque [Nm],-2.6511199474334717,Pushes away from failure,Tool wear [min],-2.052921772003174,Pushes away from failure,Air temperature [K],-1.2427523136138916,Pushes away from failure,Rotational speed [rpm],-0.9476581811904907,Pushes away from failure,Process temperature [K],-0.33557605743408203,Pushes away from failure,Type,-0.00622738990932703,Pushes away from failure
870,L,300.1,309.6,1565,34.8,32,0,0.0005295259,0,Torque [Nm],-2.6077234745025635,Pushes away from failure,Tool wear [min],-2.118107557296753,Pushes away from failure,Rotational speed [rpm],-1.839409351348877,Pushes away from failure,Air temperature [K],-1.3288118839263916,Pushes away from failure,Process temperature [K],-0.3727874457836151,Pushes away from failure,Type,-0.050484463572502136,Pushes away from failure
871,M,298.6,310.1,1458,41.9,61,0,0.00042884282,0,Torque [Nm],-3.224571704864502,Pushes away from failure,Rotational speed [rpm],-1.875281810760498,Pushes away from failure,Tool wear [min],-1.6583307981491089,Pushes away from failure,Air temperature [K],-1.2699105739593506,Pushes away from failure,Type,-0.34252089262008667,Pushes away from failure,Process temperature [K],-0.1576957106590271,Pushes away from failure
872,L,303.5,311.6,1428,46.2,139,0,0.06208436,0,Rotational speed [rpm],-1.9154551029205322,Pushes away from failure,Air temperature [K],1.8972424268722534,Pushes toward failure,Tool wear [min],-1.6686114072799683,Pushes away from failure,Torque [Nm],-1.19743812084198,Pushes away from failure,Process temperature [K],-0.5606937408447266,Pushes away from failure,Type,-0.04453491047024727,Pushes away from failure
873,L,298.0,308.3,1405,56.2,218,1,0.99319845,1,Tool wear [min],4.474402904510498,Pushes toward failure,Air temperature [K],-0.6870359182357788,Pushes away from failure,Torque [Nm],0.6760213971138,Pushes toward failure,Rotational speed [rpm],-0.5702441930770874,Pushes away from failure,Type,0.2591264843940735,Pushes toward failure,Process temperature [K],0.057184141129255295,Pushes toward failure
874,L,299.4,309.1,1464,40.5,215,0,0.108728,0,Tool wear [min],2.5096137523651123,Pushes toward failure,Torque [Nm],-2.4389379024505615,Pushes away from failure,Rotational speed [rpm],-1.453245997428894,Pushes away from failure,Process temperature [K],-1.0500288009643555,Pushes away from failure,Air temperature [K],-0.5169482231140137,Pushes away from failure,Type,0.07142123579978943,Pushes toward failure
875,L,300.7,310.6,1616,29.6,47,0,0.00088360644,0,Rotational speed [rpm],-2.4565892219543457,Pushes away from failure,Tool wear [min],-2.153458595275879,Pushes away from failure,Torque [Nm],-2.0620837211608887,Pushes away from failure,Air temperature [K],-0.9616466164588928,Pushes away from failure,Process temperature [K],-0.11974692344665527,Pushes away from failure,Type,-0.051417041569948196,Pushes away from failure
876,M,303.4,312.1,1499,39.4,197,0,0.0012892921,0,Torque [Nm],-3.029715061187744,Pushes away from failure,Rotational speed [rpm],-2.280285358428955,Pushes away from failure,Process temperature [K],-1.6076067686080933,Pushes away from failure,Tool wear [min],-1.242607593536377,Pushes away from failure,Air temperature [K],1.0983285903930664,Pushes toward failure,Type,-0.36480873823165894,Pushes away from failure
877,M,300.1,310.4,1556,38.1,92,0,0.00067532714,0,Torque [Nm],-2.4447238445281982,Pushes away from failure,Tool wear [min],-1.9113256931304932,Pushes away from failure,Rotational speed [rpm],-1.820229411125183,Pushes away from failure,Air temperature [K],-1.344722867012024,Pushes away from failure,Process temperature [K],-0.27977821230888367,Pushes away from failure,Type,-0.2731826603412628,Pushes away from failure
878,L,300.3,311.7,1579,33.6,59,0,0.00021347191,0,Torque [Nm],-2.547004461288452,Pushes away from failure,Tool wear [min],-2.4085030555725098,Pushes away from failure,Rotational speed [rpm],-2.2444238662719727,Pushes away from failure,Process temperature [K],-1.1271953582763672,Pushes away from failure,Air temperature [K],-0.8130707144737244,Pushes away from failure,Type,-0.08591754734516144,Pushes away from failure
879,L,304.1,313.0,1408,45.3,28,0,0.0028392691,0,Process temperature [K],-2.690777063369751,Pushes away from failure,Tool wear [min],-2.012843370437622,Pushes away from failure,Rotational speed [rpm],-1.5671679973602295,Pushes away from failure,Torque [Nm],-1.3084309101104736,Pushes away from failure,Air temperature [K],1.0068813562393188,Pushes toward failure,Type,-0.06335236132144928,Pushes away from failure
880,M,297.5,308.0,2033,16.7,128,0,0.0023159028,0,Tool wear [min],-2.1171324253082275,Pushes away from failure,Air temperature [K],-1.4725871086120605,Pushes away from failure,Rotational speed [rpm],-1.4143989086151123,Pushes away from failure,Torque [Nm],-1.0202851295471191,Pushes away from failure,Process temperature [K],-0.5286902785301208,Pushes away from failure,Type,-0.286868155002594,Pushes away from failure
881,H,302.1,310.1,1844,24.6,171,0,0.0007975412,0,Rotational speed [rpm],-3.2673025131225586,Pushes away from failure,Torque [Nm],-2.612438678741455,Pushes away from failure,Tool wear [min],-1.3399275541305542,Pushes away from failure,Type,-0.7616127133369446,Pushes away from failure,Process temperature [K],0.09343920648097992,Pushes toward failure,Air temperature [K],-0.01966152712702751,Pushes away from failure
882,L,300.4,311.2,1705,28.7,20,0,0.0012938066,0,Rotational speed [rpm],-2.0896308422088623,Pushes away from failure,Tool wear [min],-2.05180287361145,Pushes away from failure,Torque [Nm],-1.938414454460144,Pushes away from failure,Air temperature [K],-0.7163172960281372,Pushes away from failure,Process temperature [K],-0.5256625413894653,Pushes away from failure,Type,-0.10137037932872772,Pushes away from failure
883,L,299.1,308.6,1555,36.6,104,0,0.0007854691,0,Torque [Nm],-2.7958197593688965,Pushes away from failure,Tool wear [min],-2.107930898666382,Pushes away from failure,Rotational speed [rpm],-1.7598326206207275,Pushes away from failure,Air temperature [K],-0.8469785451889038,Pushes away from failure,Process temperature [K],-0.33995765447616577,Pushes away from failure,Type,-0.07224982976913452,Pushes away from failure
884,L,298.8,310.6,1803,25.4,209,0,0.0778542,0,Rotational speed [rpm],-2.5283377170562744,Pushes away from failure,Tool wear [min],2.1898903846740723,Pushes toward failure,Torque [Nm],-2.088717460632324,Pushes away from failure,Air temperature [K],-0.5075799226760864,Pushes away from failure,Process temperature [K],-0.3465994596481323,Pushes away from failure,Type,0.03515190631151199,Pushes toward failure
885,L,303.0,311.0,1359,44.2,115,1,0.9195616,1,Air temperature [K],2.937509536743164,Pushes toward failure,Rotational speed [rpm],2.5382461547851562,Pushes toward failure,Torque [Nm],-2.5189716815948486,Pushes away from failure,Tool wear [min],-1.0866671800613403,Pushes away from failure,Process temperature [K],-0.21067245304584503,Pushes away from failure,Type,0.0026330891996622086,Pushes toward failure
886,L,298.8,308.8,1991,20.7,59,0,0.0018833257,0,Tool wear [min],-2.2038822174072266,Pushes away from failure,Rotational speed [rpm],-1.8244471549987793,Pushes away from failure,Torque [Nm],-1.8115451335906982,Pushes away from failure,Process temperature [K],-0.6464109420776367,Pushes away from failure,Air temperature [K],-0.5457270741462708,Pushes away from failure,Type,-0.015142858028411865,Pushes away from failure
887,L,297.8,308.9,1530,37.6,106,0,0.0006401995,0,Torque [Nm],-2.184248685836792,Pushes away from failure,Tool wear [min],-2.1392126083374023,Pushes away from failure,Rotational speed [rpm],-1.752517580986023,Pushes away from failure,Air temperature [K],-1.6077461242675781,Pushes away from failure,Process temperature [K],-0.4079326391220093,Pushes away from failure,Type,-0.035758353769779205,Pushes away from failure
888,L,299.4,310.4,1509,40.6,175,0,0.0009478999,0,Torque [Nm],-2.984386920928955,Pushes away from failure,Rotational speed [rpm],-1.757269263267517,Pushes away from failure,Tool wear [min],-1.6065911054611206,Pushes away from failure,Air temperature [K],-0.9045069217681885,Pushes away from failure,Process temperature [K],-0.505664050579071,Pushes away from failure,Type,0.02378050982952118,Pushes toward failure
889,L,298.2,308.4,1512,34.9,181,0,0.0023116055,0,Torque [Nm],-2.5925230979919434,Pushes away from failure,Tool wear [min],-1.673539400100708,Pushes away from failure,Rotational speed [rpm],-1.3301241397857666,Pushes away from failure,Air temperature [K],-1.0619750022888184,Pushes away from failure,Process temperature [K],-0.1806432604789734,Pushes away from failure,Type,-0.003018840216100216,Pushes away from failure
890,L,300.0,311.3,1407,47.3,208,0,0.46275997,0,Tool wear [min],3.221930742263794,Pushes toward failure,Torque [Nm],-1.4544665813446045,Pushes away from failure,Air temperature [K],-1.3045545816421509,Pushes away from failure,Rotational speed [rpm],-0.7736325860023499,Pushes away from failure,Process temperature [K],-0.6734750866889954,Pushes away from failure,Type,0.060636796057224274,Pushes toward failure
891,L,302.4,311.9,1452,43.1,137,0,0.00068982586,0,Torque [Nm],-3.29345965385437,Pushes away from failure,Tool wear [min],-1.7956819534301758,Pushes away from failure,Rotational speed [rpm],-1.5427076816558838,Pushes away from failure,Process temperature [K],-1.1468408107757568,Pushes away from failure,Air temperature [K],-0.27079349756240845,Pushes away from failure,Type,-0.0032238736748695374,Pushes away from failure
892,H,297.1,307.9,1420,39.8,192,0,0.0021293063,0,Torque [Nm],-2.8033735752105713,Pushes away from failure,Air temperature [K],-1.622973084449768,Pushes away from failure,Tool wear [min],-1.246431827545166,Pushes away from failure,Type,-0.6970619559288025,Pushes away from failure,Rotational speed [rpm],-0.3488967716693878,Pushes away from failure,Process temperature [K],-0.20541490614414215,Pushes away from failure
893,L,300.9,309.7,1431,41.4,199,0,0.003681306,0,Torque [Nm],-2.892998218536377,Pushes away from failure,Air temperature [K],-1.2040140628814697,Pushes away from failure,Tool wear [min],-1.0896539688110352,Pushes away from failure,Rotational speed [rpm],-1.011483073234558,Pushes away from failure,Process temperature [K],-0.19371028244495392,Pushes away from failure,Type,0.016735069453716278,Pushes toward failure
894,M,300.0,310.5,1790,25.7,123,0,0.0014678115,0,Rotational speed [rpm],-2.0746068954467773,Pushes away from failure,Torque [Nm],-1.8263901472091675,Pushes away from failure,Tool wear [min],-1.7827274799346924,Pushes away from failure,Air temperature [K],-1.0890673398971558,Pushes away from failure,Process temperature [K],-0.3433390259742737,Pushes away from failure,Type,-0.18070389330387115,Pushes away from failure
895,M,302.4,311.9,1313,55.7,102,0,0.22553237,0,Process temperature [K],-1.5864990949630737,Pushes away from failure,Tool wear [min],-1.4493041038513184,Pushes away from failure,Rotational speed [rpm],0.9097484946250916,Pushes toward failure,Air temperature [K],0.7242569327354431,Pushes toward failure,Type,-0.41913336515426636,Pushes away from failure,Torque [Nm],-0.18710510432720184,Pushes away from failure
896,M,302.0,310.6,1563,41.0,184,0,0.0013404922,0,Torque [Nm],-2.8835811614990234,Pushes away from failure,Rotational speed [rpm],-2.697582244873047,Pushes away from failure,Tool wear [min],-1.523729920387268,Pushes away from failure,Type,-0.24142783880233765,Pushes away from failure,Process temperature [K],-0.20831070840358734,Pushes away from failure,Air temperature [K],0.16693222522735596,Pushes toward failure
897,H,298.1,308.9,1388,53.5,83,0,0.0017556103,0,Tool wear [min],-2.2245543003082275,Pushes away from failure,Air temperature [K],-1.9220869541168213,Pushes away from failure,Torque [Nm],-1.5090159177780151,Pushes away from failure,Type,-0.5362157821655273,Pushes away from failure,Process temperature [K],-0.4645702838897705,Pushes away from failure,Rotational speed [rpm],-0.46106189489364624,Pushes away from failure
898,H,298.1,309.1,1425,44.5,49,0,0.0022024654,0,Torque [Nm],-2.0376384258270264,Pushes away from failure,Tool wear [min],-1.8674900531768799,Pushes away from failure,Air temperature [K],-1.5272700786590576,Pushes away from failure,Process temperature [K],-0.646924614906311,Pushes away from failure,Rotational speed [rpm],-0.4205479323863983,Pushes away from failure,Type,-0.3904252350330353,Pushes away from failure
899,M,299.7,310.3,1661,34.5,6,0,0.0003704664,0,Rotational speed [rpm],-2.467764377593994,Pushes away from failure,Torque [Nm],-2.3532795906066895,Pushes away from failure,Tool wear [min],-2.2016115188598633,Pushes away from failure,Air temperature [K],-1.0375183820724487,Pushes away from failure,Process temperature [K],-0.32060691714286804,Pushes away from failure,Type,-0.2939215302467346,Pushes away from failure
900,L,297.6,307.1,1496,39.2,12,0,0.00048763142,0,Torque [Nm],-2.9861900806427,Pushes away from failure,Tool wear [min],-2.3422248363494873,Pushes away from failure,Rotational speed [rpm],-1.785660743713379,Pushes away from failure,Air temperature [K],-1.406219720840454,Pushes away from failure,Process temperature [K],0.11085960268974304,Pushes toward failure,Type,0.009645342826843262,Pushes toward failure
901,L,300.2,309.8,1827,23.0,6,0,0.0017545918,0,Rotational speed [rpm],-2.3552451133728027,Pushes away from failure,Tool wear [min],-2.3454878330230713,Pushes away from failure,Torque [Nm],-1.738394021987915,Pushes away from failure,Air temperature [K],-1.0256801843643188,Pushes away from failure,Process temperature [K],0.41154807806015015,Pushes toward failure,Type,-0.0648270696401596,Pushes away from failure
902,L,297.4,308.7,1638,31.9,131,0,0.00040550035,0,Torque [Nm],-2.788059711456299,Pushes away from failure,Rotational speed [rpm],-2.1732256412506104,Pushes away from failure,Tool wear [min],-1.9925367832183838,Pushes away from failure,Air temperature [K],-1.283974051475525,Pushes away from failure,Process temperature [K],-0.2706799805164337,Pushes away from failure,Type,-0.07583335787057877,Pushes away from failure
903,M,300.2,310.2,1628,30.3,27,0,0.000846156,0,Rotational speed [rpm],-2.2353105545043945,Pushes away from failure,Tool wear [min],-2.1946239471435547,Pushes away from failure,Torque [Nm],-1.7801079750061035,Pushes away from failure,Air temperature [K],-1.2234773635864258,Pushes away from failure,Type,-0.23151952028274536,Pushes away from failure,Process temperature [K],-0.18324673175811768,Pushes away from failure
904,M,302.3,311.5,1530,42.3,21,0,0.00018744018,0,Torque [Nm],-3.096879243850708,Pushes away from failure,Rotational speed [rpm],-2.9184722900390625,Pushes away from failure,Tool wear [min],-1.81315279006958,Pushes away from failure,Process temperature [K],-1.2863115072250366,Pushes away from failure,Type,-0.13303358852863312,Pushes away from failure,Air temperature [K],-0.10833767801523209,Pushes away from failure
905,L,297.8,307.3,1327,61.0,186,1,0.8100149,1,Torque [Nm],3.071349620819092,Pushes toward failure,Air temperature [K],-2.102726697921753,Pushes away from failure,Tool wear [min],-0.35397788882255554,Pushes away from failure,Rotational speed [rpm],-0.15229293704032898,Pushes away from failure,Type,0.12230350077152252,Pushes toward failure,Process temperature [K],0.09112656116485596,Pushes toward failure
906,L,300.2,309.4,1558,38.3,51,0,0.00054428924,0,Torque [Nm],-2.5434048175811768,Pushes away from failure,Tool wear [min],-2.275751829147339,Pushes away from failure,Rotational speed [rpm],-1.7009618282318115,Pushes away from failure,Air temperature [K],-1.2309597730636597,Pushes away from failure,Process temperature [K],-0.4771931767463684,Pushes away from failure,Type,-0.06153994798660278,Pushes away from failure
907,L,303.7,311.9,1561,33.3,153,0,0.0038598788,0,Rotational speed [rpm],-3.187406063079834,Pushes away from failure,Torque [Nm],-2.741389751434326,Pushes away from failure,Tool wear [min],-1.519911527633667,Pushes away from failure,Air temperature [K],1.4372069835662842,Pushes toward failure,Process temperature [K],-0.25856009125709534,Pushes away from failure,Type,-0.057518936693668365,Pushes away from failure
908,L,297.6,308.5,1572,35.9,71,0,0.00045591636,0,Torque [Nm],-2.4850714206695557,Pushes away from failure,Tool wear [min],-2.263012647628784,Pushes away from failure,Rotational speed [rpm],-1.9852200746536255,Pushes away from failure,Air temperature [K],-1.4193440675735474,Pushes away from failure,Process temperature [K],-0.2528074383735657,Pushes away from failure,Type,-0.06161604821681976,Pushes away from failure
909,L,303.9,312.6,1426,53.4,172,0,0.003691136,0,Process temperature [K],-2.6949048042297363,Pushes away from failure,Tool wear [min],-2.0608298778533936,Pushes away from failure,Rotational speed [rpm],-1.414231538772583,Pushes away from failure,Torque [Nm],-1.0931799411773682,Pushes away from failure,Air temperature [K],0.9182004332542419,Pushes toward failure,Type,-0.027503984048962593,Pushes away from failure
910,L,298.9,309.8,1396,49.0,13,0,0.011987811,0,Tool wear [min],-2.094325542449951,Pushes away from failure,Torque [Nm],-1.449987769126892,Pushes away from failure,Air temperature [K],-1.3438661098480225,Pushes away from failure,Rotational speed [rpm],-0.7797616720199585,Pushes away from failure,Process temperature [K],0.4582628011703491,Pushes toward failure,Type,0.023547623306512833,Pushes toward failure
911,M,302.3,311.7,1640,31.5,199,0,0.00020515807,0,Rotational speed [rpm],-2.8725829124450684,Pushes away from failure,Torque [Nm],-2.8082048892974854,Pushes away from failure,Process temperature [K],-1.5155380964279175,Pushes away from failure,Tool wear [min],-1.4972801208496094,Pushes away from failure,Air temperature [K],-0.32826948165893555,Pushes away from failure,Type,-0.24397195875644684,Pushes away from failure
912,L,303.5,312.3,1946,21.1,112,0,0.00077353936,0,Rotational speed [rpm],-2.369995594024658,Pushes away from failure,Torque [Nm],-2.218057632446289,Pushes away from failure,Process temperature [K],-1.8415213823318481,Pushes away from failure,Tool wear [min],-1.820969581604004,Pushes away from failure,Air temperature [K],0.42089027166366577,Pushes toward failure,Type,-0.10843000560998917,Pushes away from failure
913,M,299.3,310.7,1440,45.5,146,0,0.019019602,0,Tool wear [min],-1.5654339790344238,Pushes away from failure,Torque [Nm],-1.5507982969284058,Pushes away from failure,Air temperature [K],-1.39633047580719,Pushes away from failure,Type,-0.5116910934448242,Pushes away from failure,Rotational speed [rpm],0.2913067936897278,Pushes toward failure,Process temperature [K],0.015537860803306103,Pushes toward failure
914,L,297.5,308.3,1435,40.3,197,0,0.0020855633,0,Torque [Nm],-3.0426418781280518,Pushes away from failure,Tool wear [min],-1.4294506311416626,Pushes away from failure,Air temperature [K],-1.3869537115097046,Pushes away from failure,Rotational speed [rpm],-0.9566788673400879,Pushes away from failure,Process temperature [K],-0.14953844249248505,Pushes away from failure,Type,0.020308194682002068,Pushes toward failure
915,M,299.7,310.9,1685,32.1,88,0,0.0033272551,0,Torque [Nm],-2.3813767433166504,Pushes away from failure,Tool wear [min],-2.1053988933563232,Pushes away from failure,Rotational speed [rpm],-1.0436004400253296,Pushes away from failure,Air temperature [K],-0.7859864234924316,Pushes away from failure,Type,-0.2114942967891693,Pushes away from failure,Process temperature [K],0.0512588694691658,Pushes toward failure
916,L,298.2,308.4,1424,47.6,179,0,0.0050200997,0,Torque [Nm],-2.109548568725586,Pushes away from failure,Tool wear [min],-1.3661253452301025,Pushes away from failure,Air temperature [K],-1.2919471263885498,Pushes away from failure,Rotational speed [rpm],-0.7726449966430664,Pushes away from failure,Process temperature [K],-0.39359769225120544,Pushes away from failure,Type,-0.12973442673683167,Pushes away from failure
917,M,296.2,307.3,1451,42.8,11,0,0.00044678702,0,Torque [Nm],-3.243238687515259,Pushes away from failure,Tool wear [min],-1.8545094728469849,Pushes away from failure,Air temperature [K],-1.550545334815979,Pushes away from failure,Rotational speed [rpm],-1.4125351905822754,Pushes away from failure,Type,-0.3746827244758606,Pushes away from failure,Process temperature [K],-0.05179684981703758,Pushes away from failure
918,L,300.7,312.3,1590,36.3,93,0,0.00013013813,0,Torque [Nm],-2.71342134475708,Pushes away from failure,Tool wear [min],-2.3474950790405273,Pushes away from failure,Rotational speed [rpm],-2.1179027557373047,Pushes away from failure,Process temperature [K],-1.698177695274353,Pushes away from failure,Air temperature [K],-0.7817761301994324,Pushes away from failure,Type,-0.0623372420668602,Pushes away from failure
919,H,298.8,308.8,1445,49.9,4,0,0.0018935069,0,Tool wear [min],-2.351586103439331,Pushes away from failure,Torque [Nm],-2.0679073333740234,Pushes away from failure,Air temperature [K],-1.063291072845459,Pushes away from failure,Rotational speed [rpm],-0.601004421710968,Pushes away from failure,Type,-0.5426754355430603,Pushes away from failure,Process temperature [K],-0.4152887463569641,Pushes away from failure
920,L,302.7,312.2,1572,34.4,228,0,0.63175535,1,Tool wear [min],4.7859272956848145,Pushes toward failure,Torque [Nm],-2.2606663703918457,Pushes away from failure,Rotational speed [rpm],-1.7816181182861328,Pushes away from failure,Process temperature [K],-1.2744057178497314,Pushes away from failure,Air temperature [K],0.35857176780700684,Pushes toward failure,Type,-0.06238144636154175,Pushes away from failure
921,L,301.4,310.8,1770,24.1,112,0,0.0012284976,0,Rotational speed [rpm],-2.363044500350952,Pushes away from failure,Torque [Nm],-2.091386556625366,Pushes away from failure,Tool wear [min],-1.8036460876464844,Pushes away from failure,Air temperature [K],-1.124782681465149,Pushes away from failure,Type,-0.06287656724452972,Pushes away from failure,Process temperature [K],-0.02932056598365307,Pushes away from failure
922,M,300.0,311.5,1451,49.0,115,0,0.0011598875,0,Tool wear [min],-1.8692082166671753,Pushes away from failure,Torque [Nm],-1.7456638813018799,Pushes away from failure,Air temperature [K],-1.6878758668899536,Pushes away from failure,Rotational speed [rpm],-0.9493506550788879,Pushes away from failure,Process temperature [K],-0.7954273819923401,Pushes away from failure,Type,-0.4850752353668213,Pushes away from failure
923,L,300.3,309.3,1478,39.5,180,0,0.0027007586,0,Torque [Nm],-3.0147786140441895,Pushes away from failure,Rotational speed [rpm],-1.3225358724594116,Pushes away from failure,Tool wear [min],-0.9953530430793762,Pushes away from failure,Air temperature [K],-0.9730932116508484,Pushes away from failure,Process temperature [K],-0.3848397731781006,Pushes away from failure,Type,0.0047600045800209045,Pushes toward failure
924,L,301.1,312.2,1397,54.9,81,0,0.0010790501,0,Tool wear [min],-2.67575740814209,Pushes away from failure,Process temperature [K],-1.902803659439087,Pushes away from failure,Air temperature [K],-1.131204605102539,Pushes away from failure,Torque [Nm],-1.0362032651901245,Pushes away from failure,Rotational speed [rpm],-0.901984691619873,Pushes away from failure,Type,0.043029364198446274,Pushes toward failure
925,M,299.3,308.5,1304,60.6,8,0,0.022363931,0,Tool wear [min],-2.365952730178833,Pushes away from failure,Air temperature [K],-2.334017038345337,Pushes away from failure,Torque [Nm],1.1176669597625732,Pushes toward failure,Type,-0.5284923315048218,Pushes away from failure,Rotational speed [rpm],-0.47948354482650757,Pushes away from failure,Process temperature [K],0.03826874494552612,Pushes toward failure
926,M,299.9,310.5,1335,52.9,180,0,0.003534566,0,Air temperature [K],-2.978414297103882,Pushes away from failure,Torque [Nm],-1.6221719980239868,Pushes away from failure,Tool wear [min],-1.4579408168792725,Pushes away from failure,Type,-0.8164179921150208,Pushes away from failure,Rotational speed [rpm],0.6154662370681763,Pushes toward failure,Process temperature [K],-0.15646910667419434,Pushes away from failure
927,H,301.0,310.1,1454,44.1,217,0,0.046846364,0,Torque [Nm],-3.3229212760925293,Pushes away from failure,Tool wear [min],2.2103159427642822,Pushes toward failure,Air temperature [K],-0.9329022765159607,Pushes away from failure,Type,-0.8117955327033997,Pushes away from failure,Process temperature [K],-0.4870389997959137,Pushes away from failure,Rotational speed [rpm],-0.4428856372833252,Pushes away from failure
928,L,298.7,308.4,1373,46.9,60,0,0.004561963,0,Air temperature [K],-2.2121260166168213,Pushes away from failure,Tool wear [min],-2.161623477935791,Pushes away from failure,Torque [Nm],-2.114063024520874,Pushes away from failure,Rotational speed [rpm],1.0116528272628784,Pushes toward failure,Process temperature [K],-0.7192288637161255,Pushes away from failure,Type,0.03563316911458969,Pushes toward failure
929,L,298.1,309.0,1502,40.9,153,0,0.000700024,0,Torque [Nm],-2.7585606575012207,Pushes away from failure,Tool wear [min],-1.745829463005066,Pushes away from failure,Rotational speed [rpm],-1.6189022064208984,Pushes away from failure,Air temperature [K],-1.4762215614318848,Pushes away from failure,Process temperature [K],-0.4392170011997223,Pushes away from failure,Type,0.0007082205265760422,Pushes toward failure
930,H,300.5,309.3,1471,45.2,223,0,0.038814038,0,Torque [Nm],-1.7115812301635742,Pushes away from failure,Tool wear [min],1.62262761592865,Pushes toward failure,Rotational speed [rpm],-1.504083514213562,Pushes away from failure,Air temperature [K],-0.9449889063835144,Pushes away from failure,Process temperature [K],-0.8629672527313232,Pushes away from failure,Type,-0.5827192068099976,Pushes away from failure
931,M,303.9,312.9,1430,53.5,189,0,0.003949899,0,Process temperature [K],-2.4520585536956787,Pushes away from failure,Tool wear [min],-1.704552412033081,Pushes away from failure,Torque [Nm],-1.339915156364441,Pushes away from failure,Rotational speed [rpm],-1.311295986175537,Pushes away from failure,Air temperature [K],0.9152689576148987,Pushes toward failure,Type,-0.41188204288482666,Pushes away from failure
932,L,299.0,308.9,1615,30.6,14,0,0.000671631,0,Tool wear [min],-2.51206374168396,Pushes away from failure,Rotational speed [rpm],-2.1222074031829834,Pushes away from failure,Torque [Nm],-2.025848865509033,Pushes away from failure,Air temperature [K],-0.918361485004425,Pushes away from failure,Process temperature [K],-0.4306957721710205,Pushes away from failure,Type,-0.0702773779630661,Pushes away from failure
933,M,300.0,311.4,1352,61.8,10,0,0.05866594,0,Torque [Nm],2.4999048709869385,Pushes toward failure,Air temperature [K],-2.355782985687256,Pushes away from failure,Tool wear [min],-1.9150269031524658,Pushes away from failure,Process temperature [K],-1.1215031147003174,Pushes away from failure,Type,-0.4462967813014984,Pushes away from failure,Rotational speed [rpm],-0.21105822920799255,Pushes away from failure
934,L,299.8,310.4,1579,36.4,0,0,0.00014350227,0,Torque [Nm],-2.7766947746276855,Pushes away from failure,Rotational speed [rpm],-2.6845998764038086,Pushes away from failure,Tool wear [min],-2.3262598514556885,Pushes away from failure,Air temperature [K],-1.394932746887207,Pushes away from failure,Process temperature [K],-0.3694373667240143,Pushes away from failure,Type,-0.07141540944576263,Pushes away from failure
935,M,302.5,311.0,1387,52.1,116,0,0.021268122,0,Tool wear [min],-1.5595672130584717,Pushes away from failure,Rotational speed [rpm],-1.243804931640625,Pushes away from failure,Torque [Nm],-1.0759159326553345,Pushes away from failure,Process temperature [K],-1.0222831964492798,Pushes away from failure,Air temperature [K],0.5605891942977905,Pushes toward failure,Type,-0.26239004731178284,Pushes away from failure
936,H,301.8,310.6,1441,46.3,100,0,0.06601893,0,Tool wear [min],-1.528735637664795,Pushes away from failure,Torque [Nm],-0.8985670208930969,Pushes away from failure,Type,-0.7453059554100037,Pushes away from failure,Air temperature [K],-0.17064456641674042,Pushes away from failure,Process temperature [K],-0.050452377647161484,Pushes away from failure,Rotational speed [rpm],-0.030135421082377434,Pushes away from failure
937,M,298.9,309.8,1836,22.8,18,0,0.0024449716,0,Rotational speed [rpm],-2.1198503971099854,Pushes away from failure,Tool wear [min],-1.9013229608535767,Pushes away from failure,Torque [Nm],-1.7411860227584839,Pushes away from failure,Air temperature [K],-0.9117229580879211,Pushes away from failure,Type,-0.3954339623451233,Pushes away from failure,Process temperature [K],0.28391870856285095,Pushes toward failure
938,L,300.1,310.1,1569,43.5,17,0,0.0002206438,0,Torque [Nm],-3.2370595932006836,Pushes away from failure,Rotational speed [rpm],-2.3462700843811035,Pushes away from failure,Tool wear [min],-1.8944190740585327,Pushes away from failure,Air temperature [K],-1.5148320198059082,Pushes away from failure,Process temperature [K],-0.15680205821990967,Pushes away from failure,Type,-0.043680474162101746,Pushes away from failure
939,L,301.0,311.0,1582,37.5,176,0,0.0016609913,0,Rotational speed [rpm],-2.185197114944458,Pushes away from failure,Torque [Nm],-2.086759328842163,Pushes away from failure,Tool wear [min],-1.5912286043167114,Pushes away from failure,Process temperature [K],-0.6738348007202148,Pushes away from failure,Air temperature [K],-0.5624658465385437,Pushes away from failure,Type,-0.07351596653461456,Pushes away from failure
940,L,297.5,308.9,1696,30.9,133,0,0.0005246021,0,Tool wear [min],-2.1897120475769043,Pushes away from failure,Torque [Nm],-2.116426944732666,Pushes away from failure,Rotational speed [rpm],-1.877946376800537,Pushes away from failure,Air temperature [K],-1.6107566356658936,Pushes away from failure,Process temperature [K],-0.475893497467041,Pushes away from failure,Type,-0.055936284363269806,Pushes away from failure
941,H,296.9,307.9,1547,32.6,79,0,0.0006586598,0,Torque [Nm],-2.607728958129883,Pushes away from failure,Tool wear [min],-2.08436918258667,Pushes away from failure,Rotational speed [rpm],-1.5635604858398438,Pushes away from failure,Air temperature [K],-1.3118513822555542,Pushes away from failure,Type,-0.34347403049468994,Pushes away from failure,Process temperature [K],-0.18798556923866272,Pushes away from failure
942,L,301.8,310.0,2032,19.0,203,0,0.020947643,0,Rotational speed [rpm],-2.2320988178253174,Pushes away from failure,Torque [Nm],-2.0142526626586914,Pushes away from failure,Tool wear [min],1.1722334623336792,Pushes toward failure,Process temperature [K],-0.8779720664024353,Pushes away from failure,Air temperature [K],-0.5433678030967712,Pushes away from failure,Type,-0.1234244555234909,Pushes away from failure
943,L,298.7,308.5,1353,47.0,190,0,0.036653273,0,Torque [Nm],-2.2700748443603516,Pushes away from failure,Air temperature [K],-1.743230938911438,Pushes away from failure,Rotational speed [rpm],1.0130418539047241,Pushes toward failure,Tool wear [min],-0.7846211194992065,Pushes away from failure,Process temperature [K],-0.3720705211162567,Pushes away from failure,Type,0.11371800303459167,Pushes toward failure
944,L,301.0,311.6,1440,43.3,131,0,0.0016246267,0,Torque [Nm],-3.2440388202667236,Pushes away from failure,Tool wear [min],-2.071035861968994,Pushes away from failure,Air temperature [K],-1.0409294366836548,Pushes away from failure,Process temperature [K],-0.9924322962760925,Pushes away from failure,Rotational speed [rpm],0.15473045408725739,Pushes toward failure,Type,-0.0014710715040564537,Pushes away from failure
945,L,298.2,307.8,1515,46.7,74,0,0.00092318276,0,Torque [Nm],-2.484341621398926,Pushes away from failure,Tool wear [min],-2.1953330039978027,Pushes away from failure,Rotational speed [rpm],-1.636202096939087,Pushes away from failure,Air temperature [K],-1.3220998048782349,Pushes away from failure,Process temperature [K],-0.12021047621965408,Pushes away from failure,Type,-0.0029012281447649,Pushes away from failure
946,L,298.4,308.1,1598,32.7,94,0,0.00055362994,0,Torque [Nm],-2.8112428188323975,Pushes away from failure,Tool wear [min],-2.3131330013275146,Pushes away from failure,Rotational speed [rpm],-2.1659231185913086,Pushes away from failure,Air temperature [K],-0.7502062320709229,Pushes away from failure,Process temperature [K],-0.16635608673095703,Pushes away from failure,Type,-0.06592407822608948,Pushes away from failure
947,L,295.8,306.4,1339,53.2,67,0,0.005834902,0,Air temperature [K],-2.475113868713379,Pushes away from failure,Tool wear [min],-2.2693092823028564,Pushes away from failure,Torque [Nm],-1.5961074829101562,Pushes away from failure,Rotational speed [rpm],0.7810735702514648,Pushes toward failure,Process temperature [K],-0.4225480556488037,Pushes away from failure,Type,0.06962966918945312,Pushes toward failure
948,M,297.9,307.8,1303,59.3,75,0,0.0025433009,0,Air temperature [K],-2.8489668369293213,Pushes away from failure,Tool wear [min],-2.0585060119628906,Pushes away from failure,Rotational speed [rpm],-0.9522988200187683,Pushes away from failure,Type,-0.8098296523094177,Pushes away from failure,Torque [Nm],-0.044774074107408524,Pushes away from failure,Process temperature [K],-0.03169561177492142,Pushes away from failure
949,H,302.3,310.2,1443,54.6,120,0,0.09565458,0,Rotational speed [rpm],-1.777034878730774,Pushes away from failure,Tool wear [min],-1.6162298917770386,Pushes away from failure,Air temperature [K],0.9179708957672119,Pushes toward failure,Type,-0.6437608599662781,Pushes away from failure,Process temperature [K],0.47991877794265747,Pushes toward failure,Torque [Nm],-0.3816581964492798,Pushes away from failure
950,M,297.7,307.2,1372,52.8,33,0,0.0013406192,0,Air temperature [K],-3.0336365699768066,Pushes away from failure,Torque [Nm],-1.9180890321731567,Pushes away from failure,Tool wear [min],-1.8751075267791748,Pushes away from failure,Type,-0.8403656482696533,Pushes away from failure,Rotational speed [rpm],0.6543124318122864,Pushes toward failure,Process temperature [K],-0.3747219443321228,Pushes away from failure
951,L,297.7,308.9,1516,33.7,92,0,0.00046767786,0,Torque [Nm],-2.774193286895752,Pushes away from failure,Tool wear [min],-2.1342594623565674,Pushes away from failure,Rotational speed [rpm],-1.5090521574020386,Pushes away from failure,Air temperature [K],-1.4593250751495361,Pushes away from failure,Process temperature [K],-0.5427678227424622,Pushes away from failure,Type,-0.02199174277484417,Pushes away from failure
952,L,297.8,308.4,1374,47.1,150,0,0.002026741,0,Air temperature [K],-2.9467339515686035,Pushes away from failure,Tool wear [min],-2.157804250717163,Pushes away from failure,Torque [Nm],-2.1521828174591064,Pushes away from failure,Rotational speed [rpm],0.9778221845626831,Pushes toward failure,Process temperature [K],-0.7294806838035583,Pushes away from failure,Type,0.03475556522607803,Pushes toward failure
953,L,302.4,311.0,1475,47.9,79,0,0.0048621544,0,Rotational speed [rpm],-2.659677267074585,Pushes away from failure,Tool wear [min],-1.6839911937713623,Pushes away from failure,Torque [Nm],-1.0870221853256226,Pushes away from failure,Process temperature [K],-0.8018112778663635,Pushes away from failure,Air temperature [K],0.15394651889801025,Pushes toward failure,Type,-0.01716909557580948,Pushes away from failure
954,L,299.8,310.9,2084,17.6,175,0,0.018415999,0,Tool wear [min],-1.5236397981643677,Pushes away from failure,Torque [Nm],-1.4053971767425537,Pushes away from failure,Rotational speed [rpm],-1.2848315238952637,Pushes away from failure,Air temperature [K],-0.818725049495697,Pushes away from failure,Process temperature [K],0.2736576795578003,Pushes toward failure,Type,0.008663257583975792,Pushes toward failure
955,M,300.7,310.5,1863,22.2,111,0,0.0016834041,0,Rotational speed [rpm],-2.14559268951416,Pushes away from failure,Torque [Nm],-1.7926679849624634,Pushes away from failure,Tool wear [min],-1.7203185558319092,Pushes away from failure,Air temperature [K],-1.07563316822052,Pushes away from failure,Process temperature [K],-0.3071785271167755,Pushes away from failure,Type,-0.11818629503250122,Pushes away from failure
956,H,298.8,310.3,1708,27.1,78,0,0.0011315111,0,Rotational speed [rpm],-2.1424951553344727,Pushes away from failure,Torque [Nm],-2.0953869819641113,Pushes away from failure,Tool wear [min],-1.2931818962097168,Pushes away from failure,Air temperature [K],-1.0041110515594482,Pushes away from failure,Type,-0.7832707166671753,Pushes away from failure,Process temperature [K],-0.23894615471363068,Pushes away from failure
957,M,298.7,309.7,1622,34.6,8,0,0.00036239516,0,Torque [Nm],-2.572171688079834,Pushes away from failure,Rotational speed [rpm],-2.2533743381500244,Pushes away from failure,Tool wear [min],-2.1373276710510254,Pushes away from failure,Air temperature [K],-1.048471212387085,Pushes away from failure,Type,-0.4291253685951233,Pushes away from failure,Process temperature [K],-0.2562679052352905,Pushes away from failure
958,H,300.1,311.4,1377,56.7,50,0,0.0013822055,0,Air temperature [K],-2.790861129760742,Pushes away from failure,Tool wear [min],-2.537515640258789,Pushes away from failure,Process temperature [K],-1.059564232826233,Pushes away from failure,Type,-1.011074423789978,Pushes away from failure,Rotational speed [rpm],0.5694299340248108,Pushes toward failure,Torque [Nm],-0.5274291038513184,Pushes away from failure
959,L,302.5,311.9,1306,59.7,172,0,0.40724555,0,Tool wear [min],-1.5714417695999146,Pushes away from failure,Process temperature [K],-1.4157769680023193,Pushes away from failure,Torque [Nm],1.3990914821624756,Pushes toward failure,Air temperature [K],0.4706752598285675,Pushes toward failure,Rotational speed [rpm],-0.1290043294429779,Pushes away from failure,Type,0.0967671275138855,Pushes toward failure
960,L,302.3,310.9,1545,36.7,18,0,0.0017814145,0,Rotational speed [rpm],-3.0914230346679688,Pushes away from failure,Torque [Nm],-2.803082227706909,Pushes away from failure,Tool wear [min],-1.970533013343811,Pushes away from failure,Process temperature [K],0.5109366774559021,Pushes toward failure,Air temperature [K],0.34124138951301575,Pushes toward failure,Type,-0.09002773463726044,Pushes away from failure
961,H,303.3,311.8,1806,27.7,44,0,0.0006410965,0,Rotational speed [rpm],-3.726443290710449,Pushes away from failure,Torque [Nm],-2.516807794570923,Pushes away from failure,Tool wear [min],-1.734034538269043,Pushes away from failure,Air temperature [K],0.8950924277305603,Pushes toward failure,Type,-0.7406246662139893,Pushes away from failure,Process temperature [K],-0.30319610238075256,Pushes away from failure
962,L,296.6,307.6,1671,28.8,108,0,0.0062072542,0,Torque [Nm],-1.7945069074630737,Pushes away from failure,Tool wear [min],-1.7403373718261719,Pushes away from failure,Rotational speed [rpm],-1.4785603284835815,Pushes away from failure,Air temperature [K],-1.1117455959320068,Pushes away from failure,Process temperature [K],0.340204656124115,Pushes toward failure,Type,-0.06518813222646713,Pushes away from failure
963,M,297.2,308.2,1678,28.1,133,0,0.0016338768,0,Tool wear [min],-1.8939746618270874,Pushes away from failure,Torque [Nm],-1.8829312324523926,Pushes away from failure,Air temperature [K],-1.5811506509780884,Pushes away from failure,Rotational speed [rpm],-1.3669567108154297,Pushes away from failure,Process temperature [K],-0.24750542640686035,Pushes away from failure,Type,-0.2169705331325531,Pushes away from failure
964,L,300.8,311.6,1568,36.0,23,0,0.0003024594,0,Tool wear [min],-2.3850812911987305,Pushes away from failure,Torque [Nm],-2.357997179031372,Pushes away from failure,Rotational speed [rpm],-2.145362138748169,Pushes away from failure,Air temperature [K],-1.0072590112686157,Pushes away from failure,Process temperature [K],-0.9214093089103699,Pushes away from failure,Type,-0.060476213693618774,Pushes away from failure
965,L,295.6,306.1,1372,55.6,215,1,0.97957796,1,Tool wear [min],3.255617618560791,Pushes toward failure,Air temperature [K],-1.706119179725647,Pushes away from failure,Rotational speed [rpm],0.9230782985687256,Pushes toward failure,Torque [Nm],0.34162023663520813,Pushes toward failure,Type,0.31239306926727295,Pushes toward failure,Process temperature [K],-0.030407384037971497,Pushes away from failure
966,L,300.8,311.2,1434,45.6,174,0,0.0035687385,0,Torque [Nm],-1.7949676513671875,Pushes away from failure,Tool wear [min],-1.5865033864974976,Pushes away from failure,Air temperature [K],-1.2066664695739746,Pushes away from failure,Rotational speed [rpm],-0.985756516456604,Pushes away from failure,Process temperature [K],-0.7934654951095581,Pushes away from failure,Type,-0.03893483430147171,Pushes away from failure
967,L,300.3,311.6,1374,47.4,197,0,0.033842538,0,Torque [Nm],-2.0184731483459473,Pushes away from failure,Air temperature [K],-1.8805710077285767,Pushes away from failure,Rotational speed [rpm],1.1878188848495483,Pushes toward failure,Process temperature [K],-0.8474248647689819,Pushes away from failure,Tool wear [min],-0.680685818195343,Pushes away from failure,Type,0.11340107023715973,Pushes toward failure
968,L,297.4,308.6,1476,42.3,107,0,0.00053107063,0,Torque [Nm],-3.273548126220703,Pushes away from failure,Tool wear [min],-1.9184279441833496,Pushes away from failure,Rotational speed [rpm],-1.4349886178970337,Pushes away from failure,Air temperature [K],-1.3420320749282837,Pushes away from failure,Process temperature [K],-0.33216971158981323,Pushes away from failure,Type,-0.013245059177279472,Pushes away from failure
969,L,301.8,310.7,1523,43.3,60,0,0.0010481252,0,Torque [Nm],-3.1695735454559326,Pushes away from failure,Rotational speed [rpm],-2.4092600345611572,Pushes away from failure,Tool wear [min],-1.8705278635025024,Pushes away from failure,Air temperature [K],-0.19169408082962036,Pushes away from failure,Type,0.017496855929493904,Pushes toward failure,Process temperature [K],-0.010467796586453915,Pushes away from failure
970,L,299.8,310.4,1698,28.3,103,0,0.0017117888,0,Rotational speed [rpm],-2.0561411380767822,Pushes away from failure,Torque [Nm],-1.9169741868972778,Pushes away from failure,Tool wear [min],-1.8384610414505005,Pushes away from failure,Air temperature [K],-0.9939573407173157,Pushes away from failure,Process temperature [K],-0.2703218460083008,Pushes away from failure,Type,-0.06697073578834534,Pushes away from failure
971,M,299.5,310.7,1424,41.3,101,0,0.0045117177,0,Torque [Nm],-2.335329532623291,Pushes away from failure,Tool wear [min],-1.62031888961792,Pushes away from failure,Air temperature [K],-1.1482396125793457,Pushes away from failure,Rotational speed [rpm],-0.6870083212852478,Pushes away from failure,Type,-0.2920258939266205,Pushes away from failure,Process temperature [K],-0.0879601240158081,Pushes away from failure
972,H,298.0,307.6,1593,32.2,118,0,0.0017725688,0,Torque [Nm],-2.4518537521362305,Pushes away from failure,Tool wear [min],-2.097259044647217,Pushes away from failure,Rotational speed [rpm],-1.701995611190796,Pushes away from failure,Air temperature [K],-1.187603235244751,Pushes away from failure,Process temperature [K],0.6204396486282349,Pushes toward failure,Type,-0.28959932923316956,Pushes away from failure
973,M,298.3,309.3,1376,57.0,198,0,0.053063285,0,Type,-2.018150568008423,Pushes away from failure,Air temperature [K],-1.990368127822876,Pushes away from failure,Torque [Nm],0.6233977675437927,Pushes toward failure,Process temperature [K],-0.5903740525245667,Pushes away from failure,Rotational speed [rpm],0.3883141875267029,Pushes toward failure,Tool wear [min],-0.06889183074235916,Pushes away from failure
974,L,297.5,309.4,1803,24.7,98,0,0.0008430864,0,Rotational speed [rpm],-2.1608176231384277,Pushes away from failure,Torque [Nm],-2.1213927268981934,Pushes away from failure,Tool wear [min],-1.7781167030334473,Pushes away from failure,Air temperature [K],-1.288029670715332,Pushes away from failure,Process temperature [K],-0.4654107987880707,Pushes away from failure,Type,-0.03815341740846634,Pushes away from failure
975,L,297.5,308.4,1433,50.0,218,0,0.79313993,1,Tool wear [min],3.70215106010437,Pushes toward failure,Torque [Nm],-1.5235286951065063,Pushes away from failure,Air temperature [K],-0.9240146279335022,Pushes away from failure,Rotational speed [rpm],-0.8706451058387756,Pushes away from failure,Type,0.14090633392333984,Pushes toward failure,Process temperature [K],0.04476161301136017,Pushes toward failure
976,M,300.2,309.8,1487,39.2,122,0,0.0013542946,0,Torque [Nm],-2.765329599380493,Pushes away from failure,Tool wear [min],-1.6203745603561401,Pushes away from failure,Rotational speed [rpm],-1.563828945159912,Pushes away from failure,Air temperature [K],-1.2906224727630615,Pushes away from failure,Type,-0.47771602869033813,Pushes away from failure,Process temperature [K],0.3404298424720764,Pushes toward failure
977,H,298.6,309.1,1423,44.3,29,0,0.0052834437,0,Torque [Nm],-2.0595104694366455,Pushes away from failure,Tool wear [min],-1.7932032346725464,Pushes away from failure,Air temperature [K],-0.9556783437728882,Pushes away from failure,Process temperature [K],-0.5062094330787659,Pushes away from failure,Type,-0.3964155614376068,Pushes away from failure,Rotational speed [rpm],-0.3011872172355652,Pushes away from failure
978,L,298.5,309.4,1418,45.1,148,0,0.0071239443,0,Tool wear [min],-1.793830394744873,Pushes away from failure,Torque [Nm],-1.5540486574172974,Pushes away from failure,Air temperature [K],-1.0532618761062622,Pushes away from failure,Rotational speed [rpm],-0.9136621952056885,Pushes away from failure,Process temperature [K],-0.2979757785797119,Pushes away from failure,Type,-0.0986916571855545,Pushes away from failure
979,L,298.7,309.7,1667,30.4,92,0,0.0026793939,0,Tool wear [min],-2.1272218227386475,Pushes away from failure,Torque [Nm],-1.8553557395935059,Pushes away from failure,Rotational speed [rpm],-1.6489976644515991,Pushes away from failure,Air temperature [K],-1.0520261526107788,Pushes away from failure,Type,-0.04995894804596901,Pushes away from failure,Process temperature [K],0.039751775562763214,Pushes toward failure
980,L,299.7,309.3,1445,42.6,0,0,0.0010410954,0,Torque [Nm],-3.086120367050171,Pushes away from failure,Tool wear [min],-2.177297592163086,Pushes away from failure,Air temperature [K],-1.1948636770248413,Pushes away from failure,Rotational speed [rpm],-0.6434579491615295,Pushes away from failure,Process temperature [K],-0.5154342651367188,Pushes away from failure,Type,-0.023590244352817535,Pushes away from failure
981,M,299.8,309.2,1678,29.8,202,0,0.027941814,0,Torque [Nm],-1.6292136907577515,Pushes away from failure,Rotational speed [rpm],-0.8790489435195923,Pushes away from failure,Air temperature [K],-0.6879178285598755,Pushes away from failure,Process temperature [K],-0.4712616503238678,Pushes away from failure,Tool wear [min],-0.41473349928855896,Pushes away from failure,Type,-0.24144375324249268,Pushes away from failure
982,M,302.0,310.4,1608,33.1,97,0,0.001091581,0,Rotational speed [rpm],-3.4110920429229736,Pushes away from failure,Torque [Nm],-2.7766714096069336,Pushes away from failure,Tool wear [min],-1.6658365726470947,Pushes away from failure,Air temperature [K],0.30748650431632996,Pushes toward failure,Type,-0.177290678024292,Pushes away from failure,Process temperature [K],0.13004370033740997,Pushes toward failure
983,L,298.9,310.1,1523,39.1,53,0,0.0005599321,0,Torque [Nm],-2.8512821197509766,Pushes away from failure,Tool wear [min],-2.104332208633423,Pushes away from failure,Rotational speed [rpm],-2.0366744995117188,Pushes away from failure,Air temperature [K],-1.0960952043533325,Pushes away from failure,Process temperature [K],-0.19982801377773285,Pushes away from failure,Type,0.02675359882414341,Pushes toward failure
984,L,303.8,313.1,1422,42.4,152,0,0.003861144,0,Torque [Nm],-2.9370877742767334,Pushes away from failure,Process temperature [K],-2.275214672088623,Pushes away from failure,Tool wear [min],-1.6826350688934326,Pushes away from failure,Air temperature [K],1.4143779277801514,Pushes toward failure,Rotational speed [rpm],-0.7998155951499939,Pushes away from failure,Type,-0.04687284305691719,Pushes away from failure
985,M,303.8,312.9,1815,27.8,66,0,0.0008281324,0,Rotational speed [rpm],-2.545537233352661,Pushes away from failure,Torque [Nm],-2.2930703163146973,Pushes away from failure,Process temperature [K],-1.9349231719970703,Pushes away from failure,Tool wear [min],-1.8011828660964966,Pushes away from failure,Air temperature [K],0.7110240459442139,Pushes toward failure,Type,-0.0061438921838998795,Pushes away from failure
986,L,297.9,307.6,1687,29.1,176,0,0.12185543,0,Air temperature [K],-1.4606256484985352,Pushes away from failure,Tool wear [min],-0.9886090159416199,Pushes away from failure,Rotational speed [rpm],-0.8124935030937195,Pushes away from failure,Process temperature [K],0.42797109484672546,Pushes toward failure,Torque [Nm],0.17431920766830444,Pushes toward failure,Type,-0.08986230194568634,Pushes away from failure
987,L,299.9,309.3,1471,41.8,109,0,0.0006055188,0,Torque [Nm],-3.105043888092041,Pushes away from failure,Tool wear [min],-1.7193406820297241,Pushes away from failure,Rotational speed [rpm],-1.5263034105300903,Pushes away from failure,Air temperature [K],-1.3749022483825684,Pushes away from failure,Process temperature [K],-0.4344194233417511,Pushes away from failure,Type,-0.02313309907913208,Pushes away from failure
988,L,302.6,311.0,1660,38.0,99,0,0.0009020873,0,Rotational speed [rpm],-3.351351737976074,Pushes away from failure,Torque [Nm],-2.6317670345306396,Pushes away from failure,Tool wear [min],-1.9677456617355347,Pushes away from failure,Air temperature [K],0.7016303539276123,Pushes toward failure,Process temperature [K],-0.46331560611724854,Pushes away from failure,Type,-0.07167461514472961,Pushes away from failure
989,L,302.2,310.6,1462,43.6,0,0,0.0013514304,0,Rotational speed [rpm],-3.1194987297058105,Pushes away from failure,Torque [Nm],-3.0058279037475586,Pushes away from failure,Tool wear [min],-1.831785798072815,Pushes away from failure,Air temperature [K],0.3522774279117584,Pushes toward failure,Process temperature [K],0.22645430266857147,Pushes toward failure,Type,-0.001181935891509056,Pushes away from failure
990,L,299.5,310.7,1472,40.9,104,0,0.001487987,0,Torque [Nm],-2.6133062839508057,Pushes away from failure,Tool wear [min],-1.9887584447860718,Pushes away from failure,Rotational speed [rpm],-1.6837855577468872,Pushes away from failure,Air temperature [K],-0.9345792531967163,Pushes away from failure,Process temperature [K],-0.09637434780597687,Pushes away from failure,Type,0.033638451248407364,Pushes toward failure
991,L,304.3,313.5,1802,25.4,170,0,0.0006158979,0,Rotational speed [rpm],-2.614128589630127,Pushes away from failure,Torque [Nm],-2.455690860748291,Pushes away from failure,Process temperature [K],-1.7031673192977905,Pushes away from failure,Tool wear [min],-1.591812014579773,Pushes away from failure,Air temperature [K],0.3326948583126068,Pushes toward failure,Type,-0.13403397798538208,Pushes away from failure
992,L,300.8,310.2,1492,46.3,187,0,0.0032402633,0,Rotational speed [rpm],-2.105569839477539,Pushes away from failure,Torque [Nm],-2.005221128463745,Pushes away from failure,Air temperature [K],-1.203946590423584,Pushes away from failure,Tool wear [min],-1.1379179954528809,Pushes away from failure,Process temperature [K],-0.07714954018592834,Pushes away from failure,Type,0.02662510797381401,Pushes toward failure
993,M,300.6,309.5,1530,40.2,93,0,0.0008823587,0,Torque [Nm],-2.8551125526428223,Pushes away from failure,Rotational speed [rpm],-1.805345892906189,Pushes away from failure,Tool wear [min],-1.7299940586090088,Pushes away from failure,Air temperature [K],-0.8936647772789001,Pushes away from failure,Type,-0.3161541223526001,Pushes away from failure,Process temperature [K],-0.20608538389205933,Pushes away from failure
994,L,303.5,311.7,1620,31.0,141,0,0.00097254297,0,Rotational speed [rpm],-3.609508991241455,Pushes away from failure,Torque [Nm],-2.254669427871704,Pushes away from failure,Tool wear [min],-1.9446263313293457,Pushes away from failure,Air temperature [K],1.0892693996429443,Pushes toward failure,Process temperature [K],-0.8886619806289673,Pushes away from failure,Type,-0.10075495392084122,Pushes away from failure
995,L,297.9,307.9,1412,44.5,85,0,0.001361811,0,Torque [Nm],-2.2620203495025635,Pushes away from failure,Tool wear [min],-1.9196847677230835,Pushes away from failure,Air temperature [K],-1.6644712686538696,Pushes away from failure,Rotational speed [rpm],-0.9793257713317871,Pushes away from failure,Process temperature [K],-0.5445398092269897,Pushes away from failure,Type,-0.0018613999709486961,Pushes away from failure
996,L,302.4,311.8,1451,42.0,110,0,0.0010075321,0,Torque [Nm],-3.1847784519195557,Pushes away from failure,Tool wear [min],-1.8276702165603638,Pushes away from failure,Rotational speed [rpm],-1.6375097036361694,Pushes away from failure,Process temperature [K],-0.7510877251625061,Pushes away from failure,Air temperature [K],-0.20552583038806915,Pushes away from failure,Type,-0.0669986680150032,Pushes away from failure
997,L,297.4,308.4,1394,50.1,213,0,0.59209937,1,Tool wear [min],2.69773006439209,Pushes toward failure,Torque [Nm],-1.5277949571609497,Pushes away from failure,Air temperature [K],-1.0449779033660889,Pushes away from failure,Rotational speed [rpm],-0.49114370346069336,Pushes away from failure,Process temperature [K],-0.172336146235466,Pushes away from failure,Type,0.13684917986392975,Pushes toward failure
998,L,299.0,310.2,1412,44.1,246,0,0.044388197,0,Torque [Nm],-3.8916802406311035,Pushes away from failure,Tool wear [min],2.391791343688965,Pushes toward failure,Rotational speed [rpm],-1.169202446937561,Pushes away from failure,Air temperature [K],-0.9665637016296387,Pushes away from failure,Process temperature [K],-0.2935660779476166,Pushes away from failure,Type,0.08551815897226334,Pushes toward failure
999,L,300.6,309.6,1426,53.6,66,0,0.009726243,0,Tool wear [min],-2.0292716026306152,Pushes away from failure,Torque [Nm],-1.204007625579834,Pushes away from failure,Air temperature [K],-1.1245309114456177,Pushes away from failure,Rotational speed [rpm],-0.9007665514945984,Pushes away from failure,Process temperature [K],-0.16993628442287445,Pushes away from failure,Type,0.03103458136320114,Pushes toward failure
1000,L,297.4,308.0,1423,38.0,154,0,0.0017043394,0,Torque [Nm],-2.5595788955688477,Pushes away from failure,Tool wear [min],-2.217578649520874,Pushes away from failure,Air temperature [K],-1.4396029710769653,Pushes away from failure,Rotational speed [rpm],-0.5903199911117554,Pushes away from failure,Process temperature [K],-0.31929221749305725,Pushes away from failure,Type,-0.02082492597401142,Pushes away from failure
